country,book,question_number,question_id,criteria_short,parent_book,scale,n_chapters_total,n_chapters_committed,all_other_unsure,mode_answer,mode_position,tie_broken,median_position,median_answer,mean_position,peak_position,peak_answer,end_answer,end_position
China,A View from the Stars | A Journey in Search of Home,1,q1,is space something to be contested,A View from the Stars,ordinal,1,0,TRUE,Other / Unsure,NA,FALSE,NA,NA,NA,NA,NA,NA,NA
China,A View from the Stars | A Journey in Search of Home,2,q2,can you inhabit and hold territory in space,A View from the Stars,ordinal,1,0,TRUE,Other / Unsure,NA,FALSE,NA,NA,NA,NA,NA,NA,NA
China,A View from the Stars | A Journey in Search of Home,3,q3,how long is journey / how  far from earth,A View from the Stars,ordinal,1,0,TRUE,Other / Unsure,NA,FALSE,NA,NA,NA,NA,NA,NA,NA
China,A View from the Stars | A Journey in Search of Home,4,q4,how culturally different is space from earth?,A View from the Stars,ordinal,1,0,TRUE,Other / Unsure,NA,FALSE,NA,NA,NA,NA,NA,NA,NA
China,A View from the Stars | A Journey in Search of Home,5,q5,do you speak same language on earth vs space ?,A View from the Stars,ordinal,1,0,TRUE,Other / Unsure,NA,FALSE,NA,NA,NA,NA,NA,NA,NA
China,A View from the Stars | A Journey in Search of Home,6,q6,is it hostile / hard to survive (bc of natural conditions),A View from the Stars,ordinal,1,0,TRUE,Other / Unsure,NA,FALSE,NA,NA,NA,NA,NA,NA,NA
China,A View from the Stars | A Journey in Search of Home,7,q7,how common is it for humans to live in space,A View from the Stars,ordinal,1,0,TRUE,Other / Unsure,NA,FALSE,NA,NA,NA,NA,NA,NA,NA
China,A View from the Stars | A Journey in Search of Home,8,q8,are there different countries in space? Or just one?,A View from the Stars,ordinal,1,0,TRUE,Other / Unsure,NA,FALSE,NA,NA,NA,NA,NA,NA,NA
China,A View from the Stars | A Journey in Search of Home,9,q9,genre of the book,A View from the Stars,nominal,1,0,TRUE,Other / Unsure,7,FALSE,NA,NA,NA,NA,NA,NA,NA
China,A View from the Stars | A Journey in Search of Home,10,q10,is space a military or civilian domain / is the book military or civilian?,A View from the Stars,ordinal,1,0,TRUE,Other / Unsure,NA,FALSE,NA,NA,NA,NA,NA,NA,NA
China,A View from the Stars | A Journey in Search of Home,11,q11,Is space characterized like another military domain?,A View from the Stars,nominal,1,0,TRUE,Other / Unsure,6,FALSE,NA,NA,NA,NA,NA,NA,NA
China,A View from the Stars | A Journey in Search of Home,12,q12,how physically different is space from earth?,A View from the Stars,ordinal,1,0,TRUE,Other / Unsure,NA,FALSE,NA,NA,NA,NA,NA,NA,NA
China,A View from the Stars | Butterfly,1,q1,is space something to be contested,A View from the Stars,ordinal,1,0,TRUE,Other / Unsure,NA,FALSE,NA,NA,NA,NA,NA,NA,NA
China,A View from the Stars | Butterfly,2,q2,can you inhabit and hold territory in space,A View from the Stars,ordinal,1,0,TRUE,Other / Unsure,NA,FALSE,NA,NA,NA,NA,NA,NA,NA
China,A View from the Stars | Butterfly,3,q3,how long is journey / how  far from earth,A View from the Stars,ordinal,1,0,TRUE,Other / Unsure,NA,FALSE,NA,NA,NA,NA,NA,NA,NA
China,A View from the Stars | Butterfly,4,q4,how culturally different is space from earth?,A View from the Stars,ordinal,1,0,TRUE,Other / Unsure,NA,FALSE,NA,NA,NA,NA,NA,NA,NA
China,A View from the Stars | Butterfly,5,q5,do you speak same language on earth vs space ?,A View from the Stars,ordinal,1,0,TRUE,Other / Unsure,NA,FALSE,NA,NA,NA,NA,NA,NA,NA
China,A View from the Stars | Butterfly,6,q6,is it hostile / hard to survive (bc of natural conditions),A View from the Stars,ordinal,1,0,TRUE,Other / Unsure,NA,FALSE,NA,NA,NA,NA,NA,NA,NA
China,A View from the Stars | Butterfly,7,q7,how common is it for humans to live in space,A View from the Stars,ordinal,1,0,TRUE,Other / Unsure,NA,FALSE,NA,NA,NA,NA,NA,NA,NA
China,A View from the Stars | Butterfly,8,q8,are there different countries in space? Or just one?,A View from the Stars,ordinal,1,0,TRUE,Other / Unsure,NA,FALSE,NA,NA,NA,NA,NA,NA,NA
China,A View from the Stars | Butterfly,9,q9,genre of the book,A View from the Stars,nominal,1,1,FALSE,Military / war,NA,FALSE,NA,NA,NA,NA,NA,NA,NA
China,A View from the Stars | Butterfly,10,q10,is space a military or civilian domain / is the book military or civilian?,A View from the Stars,ordinal,1,0,TRUE,Other / Unsure,NA,FALSE,NA,NA,NA,NA,NA,NA,NA
China,A View from the Stars | Butterfly,11,q11,Is space characterized like another military domain?,A View from the Stars,nominal,1,0,TRUE,Other / Unsure,6,FALSE,NA,NA,NA,NA,NA,NA,NA
China,A View from the Stars | Butterfly,12,q12,how physically different is space from earth?,A View from the Stars,ordinal,1,0,TRUE,Other / Unsure,NA,FALSE,NA,NA,NA,NA,NA,NA,NA
China,A View from the Stars | Civilizations Expansion in Reverse,1,q1,is space something to be contested,A View from the Stars,ordinal,1,0,TRUE,Other / Unsure,NA,FALSE,NA,NA,NA,NA,NA,NA,NA
China,A View from the Stars | Civilizations Expansion in Reverse,2,q2,can you inhabit and hold territory in space,A View from the Stars,ordinal,1,0,TRUE,Other / Unsure,NA,FALSE,NA,NA,NA,NA,NA,NA,NA
China,A View from the Stars | Civilizations Expansion in Reverse,3,q3,how long is journey / how  far from earth,A View from the Stars,ordinal,1,0,TRUE,Other / Unsure,NA,FALSE,NA,NA,NA,NA,NA,NA,NA
China,A View from the Stars | Civilizations Expansion in Reverse,4,q4,how culturally different is space from earth?,A View from the Stars,ordinal,1,0,TRUE,Other / Unsure,NA,FALSE,NA,NA,NA,NA,NA,NA,NA
China,A View from the Stars | Civilizations Expansion in Reverse,5,q5,do you speak same language on earth vs space ?,A View from the Stars,ordinal,1,0,TRUE,Other / Unsure,NA,FALSE,NA,NA,NA,NA,NA,NA,NA
China,A View from the Stars | Civilizations Expansion in Reverse,6,q6,is it hostile / hard to survive (bc of natural conditions),A View from the Stars,ordinal,1,0,TRUE,Other / Unsure,NA,FALSE,NA,NA,NA,NA,NA,NA,NA
China,A View from the Stars | Civilizations Expansion in Reverse,7,q7,how common is it for humans to live in space,A View from the Stars,ordinal,1,0,TRUE,Other / Unsure,NA,FALSE,NA,NA,NA,NA,NA,NA,NA
China,A View from the Stars | Civilizations Expansion in Reverse,8,q8,are there different countries in space? Or just one?,A View from the Stars,ordinal,1,0,TRUE,Other / Unsure,NA,FALSE,NA,NA,NA,NA,NA,NA,NA
China,A View from the Stars | Civilizations Expansion in Reverse,9,q9,genre of the book,A View from the Stars,nominal,1,0,TRUE,Other / Unsure,7,FALSE,NA,NA,NA,NA,NA,NA,NA
China,A View from the Stars | Civilizations Expansion in Reverse,10,q10,is space a military or civilian domain / is the book military or civilian?,A View from the Stars,ordinal,1,0,TRUE,Other / Unsure,NA,FALSE,NA,NA,NA,NA,NA,NA,NA
China,A View from the Stars | Civilizations Expansion in Reverse,11,q11,Is space characterized like another military domain?,A View from the Stars,nominal,1,0,TRUE,Other / Unsure,6,FALSE,NA,NA,NA,NA,NA,NA,NA
China,A View from the Stars | Civilizations Expansion in Reverse,12,q12,how physically different is space from earth?,A View from the Stars,ordinal,1,0,TRUE,Other / Unsure,NA,FALSE,NA,NA,NA,NA,NA,NA,NA
China,A View from the Stars | Destiny,1,q1,is space something to be contested,A View from the Stars,ordinal,1,1,FALSE,No contestation,1,FALSE,1,No contestation,1,1,No contestation,NA,NA
China,A View from the Stars | Destiny,2,q2,can you inhabit and hold territory in space,A View from the Stars,ordinal,1,1,FALSE,"Visiting / Temporary presence only (stations, missions, outposts)",2,FALSE,2,"Visiting / Temporary presence only (stations, missions, outposts)",2,2,"Visiting / Temporary presence only (stations, missions, outposts)",NA,NA
China,A View from the Stars | Destiny,3,q3,how long is journey / how  far from earth,A View from the Stars,ordinal,1,1,FALSE,Short interplanetary journey,2,FALSE,2,Short interplanetary journey,2,2,Short interplanetary journey,NA,NA
China,A View from the Stars | Destiny,4,q4,how culturally different is space from earth?,A View from the Stars,ordinal,1,1,FALSE,Basically Earth society in space,1,FALSE,1,Basically Earth society in space,1,1,Basically Earth society in space,NA,NA
China,A View from the Stars | Destiny,5,q5,do you speak same language on earth vs space ?,A View from the Stars,ordinal,1,1,FALSE,Same languages as Earth,1,FALSE,1,Same languages as Earth,1,1,Same languages as Earth,NA,NA
China,A View from the Stars | Destiny,6,q6,is it hostile / hard to survive (bc of natural conditions),A View from the Stars,ordinal,1,1,FALSE,Manageable but risky,2,FALSE,2,Manageable but risky,2,2,Manageable but risky,NA,NA
China,A View from the Stars | Destiny,7,q7,how common is it for humans to live in space,A View from the Stars,ordinal,1,1,FALSE,Moderately common (noticeable settlements/populations),3,FALSE,3,Moderately common (noticeable settlements/populations),3,3,Moderately common (noticeable settlements/populations),NA,NA
China,A View from the Stars | Destiny,8,q8,are there different countries in space? Or just one?,A View from the Stars,ordinal,1,1,FALSE,Earth nation-states extend into space,3,FALSE,3,Earth nation-states extend into space,3,3,Earth nation-states extend into space,NA,NA
China,A View from the Stars | Destiny,9,q9,genre of the book,A View from the Stars,nominal,1,1,FALSE,Adventure / exploration,NA,FALSE,NA,NA,NA,NA,NA,NA,NA
China,A View from the Stars | Destiny,10,q10,is space a military or civilian domain / is the book military or civilian?,A View from the Stars,ordinal,1,1,FALSE,Entirely civilian,1,FALSE,1,Entirely civilian,1,1,Entirely civilian,NA,NA
China,A View from the Stars | Destiny,11,q11,Is space characterized like another military domain?,A View from the Stars,nominal,1,1,FALSE,Like the ocean / naval,NA,FALSE,NA,NA,NA,NA,NA,NA,NA
China,A View from the Stars | Destiny,12,q12,how physically different is space from earth?,A View from the Stars,ordinal,1,1,FALSE,Somewhat different (manageable environmental differences),2,FALSE,2,Somewhat different (manageable environmental differences),2,2,Somewhat different (manageable environmental differences),NA,NA
China,A View from the Stars | End of the Microcosmos,1,q1,is space something to be contested,A View from the Stars,ordinal,1,0,TRUE,Other / Unsure,NA,FALSE,NA,NA,NA,NA,NA,NA,NA
China,A View from the Stars | End of the Microcosmos,2,q2,can you inhabit and hold territory in space,A View from the Stars,ordinal,1,0,TRUE,Other / Unsure,NA,FALSE,NA,NA,NA,NA,NA,NA,NA
China,A View from the Stars | End of the Microcosmos,3,q3,how long is journey / how  far from earth,A View from the Stars,ordinal,1,0,TRUE,Other / Unsure,NA,FALSE,NA,NA,NA,NA,NA,NA,NA
China,A View from the Stars | End of the Microcosmos,4,q4,how culturally different is space from earth?,A View from the Stars,ordinal,1,0,TRUE,Other / Unsure,NA,FALSE,NA,NA,NA,NA,NA,NA,NA
China,A View from the Stars | End of the Microcosmos,5,q5,do you speak same language on earth vs space ?,A View from the Stars,ordinal,1,0,TRUE,Other / Unsure,NA,FALSE,NA,NA,NA,NA,NA,NA,NA
China,A View from the Stars | End of the Microcosmos,6,q6,is it hostile / hard to survive (bc of natural conditions),A View from the Stars,ordinal,1,0,TRUE,Other / Unsure,NA,FALSE,NA,NA,NA,NA,NA,NA,NA
China,A View from the Stars | End of the Microcosmos,7,q7,how common is it for humans to live in space,A View from the Stars,ordinal,1,0,TRUE,Other / Unsure,NA,FALSE,NA,NA,NA,NA,NA,NA,NA
China,A View from the Stars | End of the Microcosmos,8,q8,are there different countries in space? Or just one?,A View from the Stars,ordinal,1,0,TRUE,Other / Unsure,NA,FALSE,NA,NA,NA,NA,NA,NA,NA
China,A View from the Stars | End of the Microcosmos,9,q9,genre of the book,A View from the Stars,nominal,1,1,FALSE,Adventure / exploration,NA,FALSE,NA,NA,NA,NA,NA,NA,NA
China,A View from the Stars | End of the Microcosmos,10,q10,is space a military or civilian domain / is the book military or civilian?,A View from the Stars,ordinal,1,0,TRUE,Other / Unsure,NA,FALSE,NA,NA,NA,NA,NA,NA,NA
China,A View from the Stars | End of the Microcosmos,11,q11,Is space characterized like another military domain?,A View from the Stars,nominal,1,0,TRUE,Other / Unsure,6,FALSE,NA,NA,NA,NA,NA,NA,NA
China,A View from the Stars | End of the Microcosmos,12,q12,how physically different is space from earth?,A View from the Stars,ordinal,1,0,TRUE,Other / Unsure,NA,FALSE,NA,NA,NA,NA,NA,NA,NA
China,A View from the Stars | Heard It in the Morning,1,q1,is space something to be contested,A View from the Stars,ordinal,1,1,FALSE,No contestation,1,FALSE,1,No contestation,1,1,No contestation,NA,NA
China,A View from the Stars | Heard It in the Morning,2,q2,can you inhabit and hold territory in space,A View from the Stars,ordinal,1,0,TRUE,Other / Unsure,NA,FALSE,NA,NA,NA,NA,NA,NA,NA
China,A View from the Stars | Heard It in the Morning,3,q3,how long is journey / how  far from earth,A View from the Stars,ordinal,1,0,TRUE,Other / Unsure,NA,FALSE,NA,NA,NA,NA,NA,NA,NA
China,A View from the Stars | Heard It in the Morning,4,q4,how culturally different is space from earth?,A View from the Stars,ordinal,1,1,FALSE,Radically different / alien social order,5,FALSE,5,Radically different / alien social order,5,5,Radically different / alien social order,NA,NA
China,A View from the Stars | Heard It in the Morning,5,q5,do you speak same language on earth vs space ?,A View from the Stars,ordinal,1,1,FALSE,Same languages as Earth,1,FALSE,1,Same languages as Earth,1,1,Same languages as Earth,NA,NA
China,A View from the Stars | Heard It in the Morning,6,q6,is it hostile / hard to survive (bc of natural conditions),A View from the Stars,ordinal,1,0,TRUE,Other / Unsure,NA,FALSE,NA,NA,NA,NA,NA,NA,NA
China,A View from the Stars | Heard It in the Morning,7,q7,how common is it for humans to live in space,A View from the Stars,ordinal,1,0,TRUE,Other / Unsure,NA,FALSE,NA,NA,NA,NA,NA,NA,NA
China,A View from the Stars | Heard It in the Morning,8,q8,are there different countries in space? Or just one?,A View from the Stars,ordinal,1,1,FALSE,Single unified authority,2,FALSE,2,Single unified authority,2,2,Single unified authority,NA,NA
China,A View from the Stars | Heard It in the Morning,9,q9,genre of the book,A View from the Stars,nominal,1,1,FALSE,Drama,NA,FALSE,NA,NA,NA,NA,NA,NA,NA
China,A View from the Stars | Heard It in the Morning,10,q10,is space a military or civilian domain / is the book military or civilian?,A View from the Stars,ordinal,1,1,FALSE,Entirely civilian,1,FALSE,1,Entirely civilian,1,1,Entirely civilian,NA,NA
China,A View from the Stars | Heard It in the Morning,11,q11,Is space characterized like another military domain?,A View from the Stars,nominal,1,0,TRUE,Other / Unsure,6,FALSE,NA,NA,NA,NA,NA,NA,NA
China,A View from the Stars | Heard It in the Morning,12,q12,how physically different is space from earth?,A View from the Stars,ordinal,1,0,TRUE,Other / Unsure,NA,FALSE,NA,NA,NA,NA,NA,NA,NA
China,A View from the Stars | On Ball Lightning,1,q1,is space something to be contested,A View from the Stars,ordinal,1,0,TRUE,Other / Unsure,NA,FALSE,NA,NA,NA,NA,NA,NA,NA
China,A View from the Stars | On Ball Lightning,2,q2,can you inhabit and hold territory in space,A View from the Stars,ordinal,1,0,TRUE,Other / Unsure,NA,FALSE,NA,NA,NA,NA,NA,NA,NA
China,A View from the Stars | On Ball Lightning,3,q3,how long is journey / how  far from earth,A View from the Stars,ordinal,1,0,TRUE,Other / Unsure,NA,FALSE,NA,NA,NA,NA,NA,NA,NA
China,A View from the Stars | On Ball Lightning,4,q4,how culturally different is space from earth?,A View from the Stars,ordinal,1,0,TRUE,Other / Unsure,NA,FALSE,NA,NA,NA,NA,NA,NA,NA
China,A View from the Stars | On Ball Lightning,5,q5,do you speak same language on earth vs space ?,A View from the Stars,ordinal,1,0,TRUE,Other / Unsure,NA,FALSE,NA,NA,NA,NA,NA,NA,NA
China,A View from the Stars | On Ball Lightning,6,q6,is it hostile / hard to survive (bc of natural conditions),A View from the Stars,ordinal,1,0,TRUE,Other / Unsure,NA,FALSE,NA,NA,NA,NA,NA,NA,NA
China,A View from the Stars | On Ball Lightning,7,q7,how common is it for humans to live in space,A View from the Stars,ordinal,1,0,TRUE,Other / Unsure,NA,FALSE,NA,NA,NA,NA,NA,NA,NA
China,A View from the Stars | On Ball Lightning,8,q8,are there different countries in space? Or just one?,A View from the Stars,ordinal,1,0,TRUE,Other / Unsure,NA,FALSE,NA,NA,NA,NA,NA,NA,NA
China,A View from the Stars | On Ball Lightning,9,q9,genre of the book,A View from the Stars,nominal,1,0,TRUE,Other / Unsure,7,FALSE,NA,NA,NA,NA,NA,NA,NA
China,A View from the Stars | On Ball Lightning,10,q10,is space a military or civilian domain / is the book military or civilian?,A View from the Stars,ordinal,1,0,TRUE,Other / Unsure,NA,FALSE,NA,NA,NA,NA,NA,NA,NA
China,A View from the Stars | On Ball Lightning,11,q11,Is space characterized like another military domain?,A View from the Stars,nominal,1,0,TRUE,Other / Unsure,6,FALSE,NA,NA,NA,NA,NA,NA,NA
China,A View from the Stars | On Ball Lightning,12,q12,how physically different is space from earth?,A View from the Stars,ordinal,1,0,TRUE,Other / Unsure,NA,FALSE,NA,NA,NA,NA,NA,NA,NA
China,A View from the Stars | On Finishing Deaths End,1,q1,is space something to be contested,A View from the Stars,ordinal,1,0,TRUE,Other / Unsure,NA,FALSE,NA,NA,NA,NA,NA,NA,NA
China,A View from the Stars | On Finishing Deaths End,2,q2,can you inhabit and hold territory in space,A View from the Stars,ordinal,1,0,TRUE,Other / Unsure,NA,FALSE,NA,NA,NA,NA,NA,NA,NA
China,A View from the Stars | On Finishing Deaths End,3,q3,how long is journey / how  far from earth,A View from the Stars,ordinal,1,0,TRUE,Other / Unsure,NA,FALSE,NA,NA,NA,NA,NA,NA,NA
China,A View from the Stars | On Finishing Deaths End,4,q4,how culturally different is space from earth?,A View from the Stars,ordinal,1,0,TRUE,Other / Unsure,NA,FALSE,NA,NA,NA,NA,NA,NA,NA
China,A View from the Stars | On Finishing Deaths End,5,q5,do you speak same language on earth vs space ?,A View from the Stars,ordinal,1,0,TRUE,Other / Unsure,NA,FALSE,NA,NA,NA,NA,NA,NA,NA
China,A View from the Stars | On Finishing Deaths End,6,q6,is it hostile / hard to survive (bc of natural conditions),A View from the Stars,ordinal,1,0,TRUE,Other / Unsure,NA,FALSE,NA,NA,NA,NA,NA,NA,NA
China,A View from the Stars | On Finishing Deaths End,7,q7,how common is it for humans to live in space,A View from the Stars,ordinal,1,0,TRUE,Other / Unsure,NA,FALSE,NA,NA,NA,NA,NA,NA,NA
China,A View from the Stars | On Finishing Deaths End,8,q8,are there different countries in space? Or just one?,A View from the Stars,ordinal,1,0,TRUE,Other / Unsure,NA,FALSE,NA,NA,NA,NA,NA,NA,NA
China,A View from the Stars | On Finishing Deaths End,9,q9,genre of the book,A View from the Stars,nominal,1,0,TRUE,Other / Unsure,7,FALSE,NA,NA,NA,NA,NA,NA,NA
China,A View from the Stars | On Finishing Deaths End,10,q10,is space a military or civilian domain / is the book military or civilian?,A View from the Stars,ordinal,1,0,TRUE,Other / Unsure,NA,FALSE,NA,NA,NA,NA,NA,NA,NA
China,A View from the Stars | On Finishing Deaths End,11,q11,Is space characterized like another military domain?,A View from the Stars,nominal,1,0,TRUE,Other / Unsure,6,FALSE,NA,NA,NA,NA,NA,NA,NA
China,A View from the Stars | On Finishing Deaths End,12,q12,how physically different is space from earth?,A View from the Stars,ordinal,1,0,TRUE,Other / Unsure,NA,FALSE,NA,NA,NA,NA,NA,NA,NA
China,A View from the Stars | One and One Hundred Thousand Earths,1,q1,is space something to be contested,A View from the Stars,ordinal,1,0,TRUE,Other / Unsure,NA,FALSE,NA,NA,NA,NA,NA,NA,NA
China,A View from the Stars | One and One Hundred Thousand Earths,2,q2,can you inhabit and hold territory in space,A View from the Stars,ordinal,1,0,TRUE,Other / Unsure,NA,FALSE,NA,NA,NA,NA,NA,NA,NA
China,A View from the Stars | One and One Hundred Thousand Earths,3,q3,how long is journey / how  far from earth,A View from the Stars,ordinal,1,0,TRUE,Other / Unsure,NA,FALSE,NA,NA,NA,NA,NA,NA,NA
China,A View from the Stars | One and One Hundred Thousand Earths,4,q4,how culturally different is space from earth?,A View from the Stars,ordinal,1,0,TRUE,Other / Unsure,NA,FALSE,NA,NA,NA,NA,NA,NA,NA
China,A View from the Stars | One and One Hundred Thousand Earths,5,q5,do you speak same language on earth vs space ?,A View from the Stars,ordinal,1,0,TRUE,Other / Unsure,NA,FALSE,NA,NA,NA,NA,NA,NA,NA
China,A View from the Stars | One and One Hundred Thousand Earths,6,q6,is it hostile / hard to survive (bc of natural conditions),A View from the Stars,ordinal,1,0,TRUE,Other / Unsure,NA,FALSE,NA,NA,NA,NA,NA,NA,NA
China,A View from the Stars | One and One Hundred Thousand Earths,7,q7,how common is it for humans to live in space,A View from the Stars,ordinal,1,0,TRUE,Other / Unsure,NA,FALSE,NA,NA,NA,NA,NA,NA,NA
China,A View from the Stars | One and One Hundred Thousand Earths,8,q8,are there different countries in space? Or just one?,A View from the Stars,ordinal,1,0,TRUE,Other / Unsure,NA,FALSE,NA,NA,NA,NA,NA,NA,NA
China,A View from the Stars | One and One Hundred Thousand Earths,9,q9,genre of the book,A View from the Stars,nominal,1,0,TRUE,Other / Unsure,7,FALSE,NA,NA,NA,NA,NA,NA,NA
China,A View from the Stars | One and One Hundred Thousand Earths,10,q10,is space a military or civilian domain / is the book military or civilian?,A View from the Stars,ordinal,1,0,TRUE,Other / Unsure,NA,FALSE,NA,NA,NA,NA,NA,NA,NA
China,A View from the Stars | One and One Hundred Thousand Earths,11,q11,Is space characterized like another military domain?,A View from the Stars,nominal,1,0,TRUE,Other / Unsure,6,FALSE,NA,NA,NA,NA,NA,NA,NA
China,A View from the Stars | One and One Hundred Thousand Earths,12,q12,how physically different is space from earth?,A View from the Stars,ordinal,1,0,TRUE,Other / Unsure,NA,FALSE,NA,NA,NA,NA,NA,NA,NA
China,A View from the Stars | Poetic Science Fiction,1,q1,is space something to be contested,A View from the Stars,ordinal,1,0,TRUE,Other / Unsure,NA,FALSE,NA,NA,NA,NA,NA,NA,NA
China,A View from the Stars | Poetic Science Fiction,2,q2,can you inhabit and hold territory in space,A View from the Stars,ordinal,1,0,TRUE,Other / Unsure,NA,FALSE,NA,NA,NA,NA,NA,NA,NA
China,A View from the Stars | Poetic Science Fiction,3,q3,how long is journey / how  far from earth,A View from the Stars,ordinal,1,0,TRUE,Other / Unsure,NA,FALSE,NA,NA,NA,NA,NA,NA,NA
China,A View from the Stars | Poetic Science Fiction,4,q4,how culturally different is space from earth?,A View from the Stars,ordinal,1,0,TRUE,Other / Unsure,NA,FALSE,NA,NA,NA,NA,NA,NA,NA
China,A View from the Stars | Poetic Science Fiction,5,q5,do you speak same language on earth vs space ?,A View from the Stars,ordinal,1,0,TRUE,Other / Unsure,NA,FALSE,NA,NA,NA,NA,NA,NA,NA
China,A View from the Stars | Poetic Science Fiction,6,q6,is it hostile / hard to survive (bc of natural conditions),A View from the Stars,ordinal,1,0,TRUE,Other / Unsure,NA,FALSE,NA,NA,NA,NA,NA,NA,NA
China,A View from the Stars | Poetic Science Fiction,7,q7,how common is it for humans to live in space,A View from the Stars,ordinal,1,0,TRUE,Other / Unsure,NA,FALSE,NA,NA,NA,NA,NA,NA,NA
China,A View from the Stars | Poetic Science Fiction,8,q8,are there different countries in space? Or just one?,A View from the Stars,ordinal,1,0,TRUE,Other / Unsure,NA,FALSE,NA,NA,NA,NA,NA,NA,NA
China,A View from the Stars | Poetic Science Fiction,9,q9,genre of the book,A View from the Stars,nominal,1,0,TRUE,Other / Unsure,7,FALSE,NA,NA,NA,NA,NA,NA,NA
China,A View from the Stars | Poetic Science Fiction,10,q10,is space a military or civilian domain / is the book military or civilian?,A View from the Stars,ordinal,1,0,TRUE,Other / Unsure,NA,FALSE,NA,NA,NA,NA,NA,NA,NA
China,A View from the Stars | Poetic Science Fiction,11,q11,Is space characterized like another military domain?,A View from the Stars,nominal,1,0,TRUE,Other / Unsure,6,FALSE,NA,NA,NA,NA,NA,NA,NA
China,A View from the Stars | Poetic Science Fiction,12,q12,how physically different is space from earth?,A View from the Stars,ordinal,1,0,TRUE,Other / Unsure,NA,FALSE,NA,NA,NA,NA,NA,NA,NA
China,A View from the Stars | The Battle Between Sci-Fi and Fantasy,1,q1,is space something to be contested,A View from the Stars,ordinal,1,0,TRUE,Other / Unsure,NA,FALSE,NA,NA,NA,NA,NA,NA,NA
China,A View from the Stars | The Battle Between Sci-Fi and Fantasy,2,q2,can you inhabit and hold territory in space,A View from the Stars,ordinal,1,0,TRUE,Other / Unsure,NA,FALSE,NA,NA,NA,NA,NA,NA,NA
China,A View from the Stars | The Battle Between Sci-Fi and Fantasy,3,q3,how long is journey / how  far from earth,A View from the Stars,ordinal,1,0,TRUE,Other / Unsure,NA,FALSE,NA,NA,NA,NA,NA,NA,NA
China,A View from the Stars | The Battle Between Sci-Fi and Fantasy,4,q4,how culturally different is space from earth?,A View from the Stars,ordinal,1,0,TRUE,Other / Unsure,NA,FALSE,NA,NA,NA,NA,NA,NA,NA
China,A View from the Stars | The Battle Between Sci-Fi and Fantasy,5,q5,do you speak same language on earth vs space ?,A View from the Stars,ordinal,1,0,TRUE,Other / Unsure,NA,FALSE,NA,NA,NA,NA,NA,NA,NA
China,A View from the Stars | The Battle Between Sci-Fi and Fantasy,6,q6,is it hostile / hard to survive (bc of natural conditions),A View from the Stars,ordinal,1,0,TRUE,Other / Unsure,NA,FALSE,NA,NA,NA,NA,NA,NA,NA
China,A View from the Stars | The Battle Between Sci-Fi and Fantasy,7,q7,how common is it for humans to live in space,A View from the Stars,ordinal,1,0,TRUE,Other / Unsure,NA,FALSE,NA,NA,NA,NA,NA,NA,NA
China,A View from the Stars | The Battle Between Sci-Fi and Fantasy,8,q8,are there different countries in space? Or just one?,A View from the Stars,ordinal,1,0,TRUE,Other / Unsure,NA,FALSE,NA,NA,NA,NA,NA,NA,NA
China,A View from the Stars | The Battle Between Sci-Fi and Fantasy,9,q9,genre of the book,A View from the Stars,nominal,1,0,TRUE,Other / Unsure,7,FALSE,NA,NA,NA,NA,NA,NA,NA
China,A View from the Stars | The Battle Between Sci-Fi and Fantasy,10,q10,is space a military or civilian domain / is the book military or civilian?,A View from the Stars,ordinal,1,0,TRUE,Other / Unsure,NA,FALSE,NA,NA,NA,NA,NA,NA,NA
China,A View from the Stars | The Battle Between Sci-Fi and Fantasy,11,q11,Is space characterized like another military domain?,A View from the Stars,nominal,1,0,TRUE,Other / Unsure,6,FALSE,NA,NA,NA,NA,NA,NA,NA
China,A View from the Stars | The Battle Between Sci-Fi and Fantasy,12,q12,how physically different is space from earth?,A View from the Stars,ordinal,1,0,TRUE,Other / Unsure,NA,FALSE,NA,NA,NA,NA,NA,NA,NA
China,A View from the Stars | The Church of Sci-Fi,1,q1,is space something to be contested,A View from the Stars,ordinal,1,0,TRUE,Other / Unsure,NA,FALSE,NA,NA,NA,NA,NA,NA,NA
China,A View from the Stars | The Church of Sci-Fi,2,q2,can you inhabit and hold territory in space,A View from the Stars,ordinal,1,0,TRUE,Other / Unsure,NA,FALSE,NA,NA,NA,NA,NA,NA,NA
China,A View from the Stars | The Church of Sci-Fi,3,q3,how long is journey / how  far from earth,A View from the Stars,ordinal,1,0,TRUE,Other / Unsure,NA,FALSE,NA,NA,NA,NA,NA,NA,NA
China,A View from the Stars | The Church of Sci-Fi,4,q4,how culturally different is space from earth?,A View from the Stars,ordinal,1,0,TRUE,Other / Unsure,NA,FALSE,NA,NA,NA,NA,NA,NA,NA
China,A View from the Stars | The Church of Sci-Fi,5,q5,do you speak same language on earth vs space ?,A View from the Stars,ordinal,1,0,TRUE,Other / Unsure,NA,FALSE,NA,NA,NA,NA,NA,NA,NA
China,A View from the Stars | The Church of Sci-Fi,6,q6,is it hostile / hard to survive (bc of natural conditions),A View from the Stars,ordinal,1,0,TRUE,Other / Unsure,NA,FALSE,NA,NA,NA,NA,NA,NA,NA
China,A View from the Stars | The Church of Sci-Fi,7,q7,how common is it for humans to live in space,A View from the Stars,ordinal,1,0,TRUE,Other / Unsure,NA,FALSE,NA,NA,NA,NA,NA,NA,NA
China,A View from the Stars | The Church of Sci-Fi,8,q8,are there different countries in space? Or just one?,A View from the Stars,ordinal,1,0,TRUE,Other / Unsure,NA,FALSE,NA,NA,NA,NA,NA,NA,NA
China,A View from the Stars | The Church of Sci-Fi,9,q9,genre of the book,A View from the Stars,nominal,1,0,TRUE,Other / Unsure,7,FALSE,NA,NA,NA,NA,NA,NA,NA
China,A View from the Stars | The Church of Sci-Fi,10,q10,is space a military or civilian domain / is the book military or civilian?,A View from the Stars,ordinal,1,0,TRUE,Other / Unsure,NA,FALSE,NA,NA,NA,NA,NA,NA,NA
China,A View from the Stars | The Church of Sci-Fi,11,q11,Is space characterized like another military domain?,A View from the Stars,nominal,1,0,TRUE,Other / Unsure,6,FALSE,NA,NA,NA,NA,NA,NA,NA
China,A View from the Stars | The Church of Sci-Fi,12,q12,how physically different is space from earth?,A View from the Stars,ordinal,1,0,TRUE,Other / Unsure,NA,FALSE,NA,NA,NA,NA,NA,NA,NA
China,A View from the Stars | The Dark Forest Theory,1,q1,is space something to be contested,A View from the Stars,ordinal,1,0,TRUE,Other / Unsure,NA,FALSE,NA,NA,NA,NA,NA,NA,NA
China,A View from the Stars | The Dark Forest Theory,2,q2,can you inhabit and hold territory in space,A View from the Stars,ordinal,1,0,TRUE,Other / Unsure,NA,FALSE,NA,NA,NA,NA,NA,NA,NA
China,A View from the Stars | The Dark Forest Theory,3,q3,how long is journey / how  far from earth,A View from the Stars,ordinal,1,0,TRUE,Other / Unsure,NA,FALSE,NA,NA,NA,NA,NA,NA,NA
China,A View from the Stars | The Dark Forest Theory,4,q4,how culturally different is space from earth?,A View from the Stars,ordinal,1,0,TRUE,Other / Unsure,NA,FALSE,NA,NA,NA,NA,NA,NA,NA
China,A View from the Stars | The Dark Forest Theory,5,q5,do you speak same language on earth vs space ?,A View from the Stars,ordinal,1,0,TRUE,Other / Unsure,NA,FALSE,NA,NA,NA,NA,NA,NA,NA
China,A View from the Stars | The Dark Forest Theory,6,q6,is it hostile / hard to survive (bc of natural conditions),A View from the Stars,ordinal,1,0,TRUE,Other / Unsure,NA,FALSE,NA,NA,NA,NA,NA,NA,NA
China,A View from the Stars | The Dark Forest Theory,7,q7,how common is it for humans to live in space,A View from the Stars,ordinal,1,0,TRUE,Other / Unsure,NA,FALSE,NA,NA,NA,NA,NA,NA,NA
China,A View from the Stars | The Dark Forest Theory,8,q8,are there different countries in space? Or just one?,A View from the Stars,ordinal,1,0,TRUE,Other / Unsure,NA,FALSE,NA,NA,NA,NA,NA,NA,NA
China,A View from the Stars | The Dark Forest Theory,9,q9,genre of the book,A View from the Stars,nominal,1,0,TRUE,Other / Unsure,7,FALSE,NA,NA,NA,NA,NA,NA,NA
China,A View from the Stars | The Dark Forest Theory,10,q10,is space a military or civilian domain / is the book military or civilian?,A View from the Stars,ordinal,1,0,TRUE,Other / Unsure,NA,FALSE,NA,NA,NA,NA,NA,NA,NA
China,A View from the Stars | The Dark Forest Theory,11,q11,Is space characterized like another military domain?,A View from the Stars,nominal,1,0,TRUE,Other / Unsure,6,FALSE,NA,NA,NA,NA,NA,NA,NA
China,A View from the Stars | The Dark Forest Theory,12,q12,how physically different is space from earth?,A View from the Stars,ordinal,1,0,TRUE,Other / Unsure,NA,FALSE,NA,NA,NA,NA,NA,NA,NA
China,A View from the Stars | The Messenger,1,q1,is space something to be contested,A View from the Stars,ordinal,1,0,TRUE,Other / Unsure,NA,FALSE,NA,NA,NA,NA,NA,NA,NA
China,A View from the Stars | The Messenger,2,q2,can you inhabit and hold territory in space,A View from the Stars,ordinal,1,0,TRUE,Other / Unsure,NA,FALSE,NA,NA,NA,NA,NA,NA,NA
China,A View from the Stars | The Messenger,3,q3,how long is journey / how  far from earth,A View from the Stars,ordinal,1,0,TRUE,Other / Unsure,NA,FALSE,NA,NA,NA,NA,NA,NA,NA
China,A View from the Stars | The Messenger,4,q4,how culturally different is space from earth?,A View from the Stars,ordinal,1,0,TRUE,Other / Unsure,NA,FALSE,NA,NA,NA,NA,NA,NA,NA
China,A View from the Stars | The Messenger,5,q5,do you speak same language on earth vs space ?,A View from the Stars,ordinal,1,0,TRUE,Other / Unsure,NA,FALSE,NA,NA,NA,NA,NA,NA,NA
China,A View from the Stars | The Messenger,6,q6,is it hostile / hard to survive (bc of natural conditions),A View from the Stars,ordinal,1,0,TRUE,Other / Unsure,NA,FALSE,NA,NA,NA,NA,NA,NA,NA
China,A View from the Stars | The Messenger,7,q7,how common is it for humans to live in space,A View from the Stars,ordinal,1,0,TRUE,Other / Unsure,NA,FALSE,NA,NA,NA,NA,NA,NA,NA
China,A View from the Stars | The Messenger,8,q8,are there different countries in space? Or just one?,A View from the Stars,ordinal,1,0,TRUE,Other / Unsure,NA,FALSE,NA,NA,NA,NA,NA,NA,NA
China,A View from the Stars | The Messenger,9,q9,genre of the book,A View from the Stars,nominal,1,1,FALSE,Drama,NA,FALSE,NA,NA,NA,NA,NA,NA,NA
China,A View from the Stars | The Messenger,10,q10,is space a military or civilian domain / is the book military or civilian?,A View from the Stars,ordinal,1,0,TRUE,Other / Unsure,NA,FALSE,NA,NA,NA,NA,NA,NA,NA
China,A View from the Stars | The Messenger,11,q11,Is space characterized like another military domain?,A View from the Stars,nominal,1,0,TRUE,Other / Unsure,6,FALSE,NA,NA,NA,NA,NA,NA,NA
China,A View from the Stars | The Messenger,12,q12,how physically different is space from earth?,A View from the Stars,ordinal,1,0,TRUE,Other / Unsure,NA,FALSE,NA,NA,NA,NA,NA,NA,NA
China,A View from the Stars | The World in Fifty Years,1,q1,is space something to be contested,A View from the Stars,ordinal,1,0,TRUE,Other / Unsure,NA,FALSE,NA,NA,NA,NA,NA,NA,NA
China,A View from the Stars | The World in Fifty Years,2,q2,can you inhabit and hold territory in space,A View from the Stars,ordinal,1,0,TRUE,Other / Unsure,NA,FALSE,NA,NA,NA,NA,NA,NA,NA
China,A View from the Stars | The World in Fifty Years,3,q3,how long is journey / how  far from earth,A View from the Stars,ordinal,1,0,TRUE,Other / Unsure,NA,FALSE,NA,NA,NA,NA,NA,NA,NA
China,A View from the Stars | The World in Fifty Years,4,q4,how culturally different is space from earth?,A View from the Stars,ordinal,1,0,TRUE,Other / Unsure,NA,FALSE,NA,NA,NA,NA,NA,NA,NA
China,A View from the Stars | The World in Fifty Years,5,q5,do you speak same language on earth vs space ?,A View from the Stars,ordinal,1,0,TRUE,Other / Unsure,NA,FALSE,NA,NA,NA,NA,NA,NA,NA
China,A View from the Stars | The World in Fifty Years,6,q6,is it hostile / hard to survive (bc of natural conditions),A View from the Stars,ordinal,1,0,TRUE,Other / Unsure,NA,FALSE,NA,NA,NA,NA,NA,NA,NA
China,A View from the Stars | The World in Fifty Years,7,q7,how common is it for humans to live in space,A View from the Stars,ordinal,1,0,TRUE,Other / Unsure,NA,FALSE,NA,NA,NA,NA,NA,NA,NA
China,A View from the Stars | The World in Fifty Years,8,q8,are there different countries in space? Or just one?,A View from the Stars,ordinal,1,0,TRUE,Other / Unsure,NA,FALSE,NA,NA,NA,NA,NA,NA,NA
China,A View from the Stars | The World in Fifty Years,9,q9,genre of the book,A View from the Stars,nominal,1,0,TRUE,Other / Unsure,7,FALSE,NA,NA,NA,NA,NA,NA,NA
China,A View from the Stars | The World in Fifty Years,10,q10,is space a military or civilian domain / is the book military or civilian?,A View from the Stars,ordinal,1,0,TRUE,Other / Unsure,NA,FALSE,NA,NA,NA,NA,NA,NA,NA
China,A View from the Stars | The World in Fifty Years,11,q11,Is space characterized like another military domain?,A View from the Stars,nominal,1,0,TRUE,Other / Unsure,6,FALSE,NA,NA,NA,NA,NA,NA,NA
China,A View from the Stars | The World in Fifty Years,12,q12,how physically different is space from earth?,A View from the Stars,ordinal,1,0,TRUE,Other / Unsure,NA,FALSE,NA,NA,NA,NA,NA,NA,NA
China,A View from the Stars | Thirty Years of Making Magic Out of Ordinariness,1,q1,is space something to be contested,A View from the Stars,ordinal,1,0,TRUE,Other / Unsure,NA,FALSE,NA,NA,NA,NA,NA,NA,NA
China,A View from the Stars | Thirty Years of Making Magic Out of Ordinariness,2,q2,can you inhabit and hold territory in space,A View from the Stars,ordinal,1,0,TRUE,Other / Unsure,NA,FALSE,NA,NA,NA,NA,NA,NA,NA
China,A View from the Stars | Thirty Years of Making Magic Out of Ordinariness,3,q3,how long is journey / how  far from earth,A View from the Stars,ordinal,1,0,TRUE,Other / Unsure,NA,FALSE,NA,NA,NA,NA,NA,NA,NA
China,A View from the Stars | Thirty Years of Making Magic Out of Ordinariness,4,q4,how culturally different is space from earth?,A View from the Stars,ordinal,1,0,TRUE,Other / Unsure,NA,FALSE,NA,NA,NA,NA,NA,NA,NA
China,A View from the Stars | Thirty Years of Making Magic Out of Ordinariness,5,q5,do you speak same language on earth vs space ?,A View from the Stars,ordinal,1,0,TRUE,Other / Unsure,NA,FALSE,NA,NA,NA,NA,NA,NA,NA
China,A View from the Stars | Thirty Years of Making Magic Out of Ordinariness,6,q6,is it hostile / hard to survive (bc of natural conditions),A View from the Stars,ordinal,1,0,TRUE,Other / Unsure,NA,FALSE,NA,NA,NA,NA,NA,NA,NA
China,A View from the Stars | Thirty Years of Making Magic Out of Ordinariness,7,q7,how common is it for humans to live in space,A View from the Stars,ordinal,1,0,TRUE,Other / Unsure,NA,FALSE,NA,NA,NA,NA,NA,NA,NA
China,A View from the Stars | Thirty Years of Making Magic Out of Ordinariness,8,q8,are there different countries in space? Or just one?,A View from the Stars,ordinal,1,0,TRUE,Other / Unsure,NA,FALSE,NA,NA,NA,NA,NA,NA,NA
China,A View from the Stars | Thirty Years of Making Magic Out of Ordinariness,9,q9,genre of the book,A View from the Stars,nominal,1,0,TRUE,Other / Unsure,7,FALSE,NA,NA,NA,NA,NA,NA,NA
China,A View from the Stars | Thirty Years of Making Magic Out of Ordinariness,10,q10,is space a military or civilian domain / is the book military or civilian?,A View from the Stars,ordinal,1,0,TRUE,Other / Unsure,NA,FALSE,NA,NA,NA,NA,NA,NA,NA
China,A View from the Stars | Thirty Years of Making Magic Out of Ordinariness,11,q11,Is space characterized like another military domain?,A View from the Stars,nominal,1,0,TRUE,Other / Unsure,6,FALSE,NA,NA,NA,NA,NA,NA,NA
China,A View from the Stars | Thirty Years of Making Magic Out of Ordinariness,12,q12,how physically different is space from earth?,A View from the Stars,ordinal,1,0,TRUE,Other / Unsure,NA,FALSE,NA,NA,NA,NA,NA,NA,NA
China,A View from the Stars | Time Enough for Love,1,q1,is space something to be contested,A View from the Stars,ordinal,1,0,TRUE,Other / Unsure,NA,FALSE,NA,NA,NA,NA,NA,NA,NA
China,A View from the Stars | Time Enough for Love,2,q2,can you inhabit and hold territory in space,A View from the Stars,ordinal,1,0,TRUE,Other / Unsure,NA,FALSE,NA,NA,NA,NA,NA,NA,NA
China,A View from the Stars | Time Enough for Love,3,q3,how long is journey / how  far from earth,A View from the Stars,ordinal,1,0,TRUE,Other / Unsure,NA,FALSE,NA,NA,NA,NA,NA,NA,NA
China,A View from the Stars | Time Enough for Love,4,q4,how culturally different is space from earth?,A View from the Stars,ordinal,1,0,TRUE,Other / Unsure,NA,FALSE,NA,NA,NA,NA,NA,NA,NA
China,A View from the Stars | Time Enough for Love,5,q5,do you speak same language on earth vs space ?,A View from the Stars,ordinal,1,0,TRUE,Other / Unsure,NA,FALSE,NA,NA,NA,NA,NA,NA,NA
China,A View from the Stars | Time Enough for Love,6,q6,is it hostile / hard to survive (bc of natural conditions),A View from the Stars,ordinal,1,0,TRUE,Other / Unsure,NA,FALSE,NA,NA,NA,NA,NA,NA,NA
China,A View from the Stars | Time Enough for Love,7,q7,how common is it for humans to live in space,A View from the Stars,ordinal,1,0,TRUE,Other / Unsure,NA,FALSE,NA,NA,NA,NA,NA,NA,NA
China,A View from the Stars | Time Enough for Love,8,q8,are there different countries in space? Or just one?,A View from the Stars,ordinal,1,0,TRUE,Other / Unsure,NA,FALSE,NA,NA,NA,NA,NA,NA,NA
China,A View from the Stars | Time Enough for Love,9,q9,genre of the book,A View from the Stars,nominal,1,0,TRUE,Other / Unsure,7,FALSE,NA,NA,NA,NA,NA,NA,NA
China,A View from the Stars | Time Enough for Love,10,q10,is space a military or civilian domain / is the book military or civilian?,A View from the Stars,ordinal,1,0,TRUE,Other / Unsure,NA,FALSE,NA,NA,NA,NA,NA,NA,NA
China,A View from the Stars | Time Enough for Love,11,q11,Is space characterized like another military domain?,A View from the Stars,nominal,1,0,TRUE,Other / Unsure,6,FALSE,NA,NA,NA,NA,NA,NA,NA
China,A View from the Stars | Time Enough for Love,12,q12,how physically different is space from earth?,A View from the Stars,ordinal,1,0,TRUE,Other / Unsure,NA,FALSE,NA,NA,NA,NA,NA,NA,NA
China,A View from the Stars | Were Sci-Fi Fans,1,q1,is space something to be contested,A View from the Stars,ordinal,1,0,TRUE,Other / Unsure,NA,FALSE,NA,NA,NA,NA,NA,NA,NA
China,A View from the Stars | Were Sci-Fi Fans,2,q2,can you inhabit and hold territory in space,A View from the Stars,ordinal,1,0,TRUE,Other / Unsure,NA,FALSE,NA,NA,NA,NA,NA,NA,NA
China,A View from the Stars | Were Sci-Fi Fans,3,q3,how long is journey / how  far from earth,A View from the Stars,ordinal,1,0,TRUE,Other / Unsure,NA,FALSE,NA,NA,NA,NA,NA,NA,NA
China,A View from the Stars | Were Sci-Fi Fans,4,q4,how culturally different is space from earth?,A View from the Stars,ordinal,1,0,TRUE,Other / Unsure,NA,FALSE,NA,NA,NA,NA,NA,NA,NA
China,A View from the Stars | Were Sci-Fi Fans,5,q5,do you speak same language on earth vs space ?,A View from the Stars,ordinal,1,0,TRUE,Other / Unsure,NA,FALSE,NA,NA,NA,NA,NA,NA,NA
China,A View from the Stars | Were Sci-Fi Fans,6,q6,is it hostile / hard to survive (bc of natural conditions),A View from the Stars,ordinal,1,0,TRUE,Other / Unsure,NA,FALSE,NA,NA,NA,NA,NA,NA,NA
China,A View from the Stars | Were Sci-Fi Fans,7,q7,how common is it for humans to live in space,A View from the Stars,ordinal,1,0,TRUE,Other / Unsure,NA,FALSE,NA,NA,NA,NA,NA,NA,NA
China,A View from the Stars | Were Sci-Fi Fans,8,q8,are there different countries in space? Or just one?,A View from the Stars,ordinal,1,0,TRUE,Other / Unsure,NA,FALSE,NA,NA,NA,NA,NA,NA,NA
China,A View from the Stars | Were Sci-Fi Fans,9,q9,genre of the book,A View from the Stars,nominal,1,0,TRUE,Other / Unsure,7,FALSE,NA,NA,NA,NA,NA,NA,NA
China,A View from the Stars | Were Sci-Fi Fans,10,q10,is space a military or civilian domain / is the book military or civilian?,A View from the Stars,ordinal,1,0,TRUE,Other / Unsure,NA,FALSE,NA,NA,NA,NA,NA,NA,NA
China,A View from the Stars | Were Sci-Fi Fans,11,q11,Is space characterized like another military domain?,A View from the Stars,nominal,1,0,TRUE,Other / Unsure,6,FALSE,NA,NA,NA,NA,NA,NA,NA
China,A View from the Stars | Were Sci-Fi Fans,12,q12,how physically different is space from earth?,A View from the Stars,ordinal,1,0,TRUE,Other / Unsure,NA,FALSE,NA,NA,NA,NA,NA,NA,NA
China,A View from the Stars | Whale Song,1,q1,is space something to be contested,A View from the Stars,ordinal,1,0,TRUE,Other / Unsure,NA,FALSE,NA,NA,NA,NA,NA,NA,NA
China,A View from the Stars | Whale Song,2,q2,can you inhabit and hold territory in space,A View from the Stars,ordinal,1,0,TRUE,Other / Unsure,NA,FALSE,NA,NA,NA,NA,NA,NA,NA
China,A View from the Stars | Whale Song,3,q3,how long is journey / how  far from earth,A View from the Stars,ordinal,1,0,TRUE,Other / Unsure,NA,FALSE,NA,NA,NA,NA,NA,NA,NA
China,A View from the Stars | Whale Song,4,q4,how culturally different is space from earth?,A View from the Stars,ordinal,1,0,TRUE,Other / Unsure,NA,FALSE,NA,NA,NA,NA,NA,NA,NA
China,A View from the Stars | Whale Song,5,q5,do you speak same language on earth vs space ?,A View from the Stars,ordinal,1,0,TRUE,Other / Unsure,NA,FALSE,NA,NA,NA,NA,NA,NA,NA
China,A View from the Stars | Whale Song,6,q6,is it hostile / hard to survive (bc of natural conditions),A View from the Stars,ordinal,1,0,TRUE,Other / Unsure,NA,FALSE,NA,NA,NA,NA,NA,NA,NA
China,A View from the Stars | Whale Song,7,q7,how common is it for humans to live in space,A View from the Stars,ordinal,1,0,TRUE,Other / Unsure,NA,FALSE,NA,NA,NA,NA,NA,NA,NA
China,A View from the Stars | Whale Song,8,q8,are there different countries in space? Or just one?,A View from the Stars,ordinal,1,0,TRUE,Other / Unsure,NA,FALSE,NA,NA,NA,NA,NA,NA,NA
China,A View from the Stars | Whale Song,9,q9,genre of the book,A View from the Stars,nominal,1,1,FALSE,Thriller / Horror / Survival,NA,FALSE,NA,NA,NA,NA,NA,NA,NA
China,A View from the Stars | Whale Song,10,q10,is space a military or civilian domain / is the book military or civilian?,A View from the Stars,ordinal,1,0,TRUE,Other / Unsure,NA,FALSE,NA,NA,NA,NA,NA,NA,NA
China,A View from the Stars | Whale Song,11,q11,Is space characterized like another military domain?,A View from the Stars,nominal,1,0,TRUE,Other / Unsure,6,FALSE,NA,NA,NA,NA,NA,NA,NA
China,A View from the Stars | Whale Song,12,q12,how physically different is space from earth?,A View from the Stars,ordinal,1,0,TRUE,Other / Unsure,NA,FALSE,NA,NA,NA,NA,NA,NA,NA
China,Broken Stars | A History of Future Illnesses,1,q1,is space something to be contested,Broken Stars,ordinal,1,0,TRUE,Other / Unsure,NA,FALSE,NA,NA,NA,NA,NA,NA,NA
China,Broken Stars | A History of Future Illnesses,2,q2,can you inhabit and hold territory in space,Broken Stars,ordinal,1,0,TRUE,Other / Unsure,NA,FALSE,NA,NA,NA,NA,NA,NA,NA
China,Broken Stars | A History of Future Illnesses,3,q3,how long is journey / how  far from earth,Broken Stars,ordinal,1,0,TRUE,Other / Unsure,NA,FALSE,NA,NA,NA,NA,NA,NA,NA
China,Broken Stars | A History of Future Illnesses,4,q4,how culturally different is space from earth?,Broken Stars,ordinal,1,0,TRUE,Other / Unsure,NA,FALSE,NA,NA,NA,NA,NA,NA,NA
China,Broken Stars | A History of Future Illnesses,5,q5,do you speak same language on earth vs space ?,Broken Stars,ordinal,1,0,TRUE,Other / Unsure,NA,FALSE,NA,NA,NA,NA,NA,NA,NA
China,Broken Stars | A History of Future Illnesses,6,q6,is it hostile / hard to survive (bc of natural conditions),Broken Stars,ordinal,1,0,TRUE,Other / Unsure,NA,FALSE,NA,NA,NA,NA,NA,NA,NA
China,Broken Stars | A History of Future Illnesses,7,q7,how common is it for humans to live in space,Broken Stars,ordinal,1,0,TRUE,Other / Unsure,NA,FALSE,NA,NA,NA,NA,NA,NA,NA
China,Broken Stars | A History of Future Illnesses,8,q8,are there different countries in space? Or just one?,Broken Stars,ordinal,1,0,TRUE,Other / Unsure,NA,FALSE,NA,NA,NA,NA,NA,NA,NA
China,Broken Stars | A History of Future Illnesses,9,q9,genre of the book,Broken Stars,nominal,1,0,TRUE,Other / Unsure,7,FALSE,NA,NA,NA,NA,NA,NA,NA
China,Broken Stars | A History of Future Illnesses,10,q10,is space a military or civilian domain / is the book military or civilian?,Broken Stars,ordinal,1,0,TRUE,Other / Unsure,NA,FALSE,NA,NA,NA,NA,NA,NA,NA
China,Broken Stars | A History of Future Illnesses,11,q11,Is space characterized like another military domain?,Broken Stars,nominal,1,0,TRUE,Other / Unsure,6,FALSE,NA,NA,NA,NA,NA,NA,NA
China,Broken Stars | A History of Future Illnesses,12,q12,how physically different is space from earth?,Broken Stars,ordinal,1,0,TRUE,Other / Unsure,NA,FALSE,NA,NA,NA,NA,NA,NA,NA
China,Broken Stars | Broken Stars,1,q1,is space something to be contested,Broken Stars,ordinal,1,0,TRUE,Other / Unsure,NA,FALSE,NA,NA,NA,NA,NA,NA,NA
China,Broken Stars | Broken Stars,2,q2,can you inhabit and hold territory in space,Broken Stars,ordinal,1,0,TRUE,Other / Unsure,NA,FALSE,NA,NA,NA,NA,NA,NA,NA
China,Broken Stars | Broken Stars,3,q3,how long is journey / how  far from earth,Broken Stars,ordinal,1,0,TRUE,Other / Unsure,NA,FALSE,NA,NA,NA,NA,NA,NA,NA
China,Broken Stars | Broken Stars,4,q4,how culturally different is space from earth?,Broken Stars,ordinal,1,0,TRUE,Other / Unsure,NA,FALSE,NA,NA,NA,NA,NA,NA,NA
China,Broken Stars | Broken Stars,5,q5,do you speak same language on earth vs space ?,Broken Stars,ordinal,1,0,TRUE,Other / Unsure,NA,FALSE,NA,NA,NA,NA,NA,NA,NA
China,Broken Stars | Broken Stars,6,q6,is it hostile / hard to survive (bc of natural conditions),Broken Stars,ordinal,1,0,TRUE,Other / Unsure,NA,FALSE,NA,NA,NA,NA,NA,NA,NA
China,Broken Stars | Broken Stars,7,q7,how common is it for humans to live in space,Broken Stars,ordinal,1,0,TRUE,Other / Unsure,NA,FALSE,NA,NA,NA,NA,NA,NA,NA
China,Broken Stars | Broken Stars,8,q8,are there different countries in space? Or just one?,Broken Stars,ordinal,1,0,TRUE,Other / Unsure,NA,FALSE,NA,NA,NA,NA,NA,NA,NA
China,Broken Stars | Broken Stars,9,q9,genre of the book,Broken Stars,nominal,1,1,FALSE,Thriller / Horror / Survival,NA,FALSE,NA,NA,NA,NA,NA,NA,NA
China,Broken Stars | Broken Stars,10,q10,is space a military or civilian domain / is the book military or civilian?,Broken Stars,ordinal,1,0,TRUE,Other / Unsure,NA,FALSE,NA,NA,NA,NA,NA,NA,NA
China,Broken Stars | Broken Stars,11,q11,Is space characterized like another military domain?,Broken Stars,nominal,1,0,TRUE,Other / Unsure,6,FALSE,NA,NA,NA,NA,NA,NA,NA
China,Broken Stars | Broken Stars,12,q12,how physically different is space from earth?,Broken Stars,ordinal,1,0,TRUE,Other / Unsure,NA,FALSE,NA,NA,NA,NA,NA,NA,NA
China,Broken Stars | Coming of the Light,1,q1,is space something to be contested,Broken Stars,ordinal,1,0,TRUE,Other / Unsure,NA,FALSE,NA,NA,NA,NA,NA,NA,NA
China,Broken Stars | Coming of the Light,2,q2,can you inhabit and hold territory in space,Broken Stars,ordinal,1,0,TRUE,Other / Unsure,NA,FALSE,NA,NA,NA,NA,NA,NA,NA
China,Broken Stars | Coming of the Light,3,q3,how long is journey / how  far from earth,Broken Stars,ordinal,1,0,TRUE,Other / Unsure,NA,FALSE,NA,NA,NA,NA,NA,NA,NA
China,Broken Stars | Coming of the Light,4,q4,how culturally different is space from earth?,Broken Stars,ordinal,1,0,TRUE,Other / Unsure,NA,FALSE,NA,NA,NA,NA,NA,NA,NA
China,Broken Stars | Coming of the Light,5,q5,do you speak same language on earth vs space ?,Broken Stars,ordinal,1,0,TRUE,Other / Unsure,NA,FALSE,NA,NA,NA,NA,NA,NA,NA
China,Broken Stars | Coming of the Light,6,q6,is it hostile / hard to survive (bc of natural conditions),Broken Stars,ordinal,1,0,TRUE,Other / Unsure,NA,FALSE,NA,NA,NA,NA,NA,NA,NA
China,Broken Stars | Coming of the Light,7,q7,how common is it for humans to live in space,Broken Stars,ordinal,1,0,TRUE,Other / Unsure,NA,FALSE,NA,NA,NA,NA,NA,NA,NA
China,Broken Stars | Coming of the Light,8,q8,are there different countries in space? Or just one?,Broken Stars,ordinal,1,0,TRUE,Other / Unsure,NA,FALSE,NA,NA,NA,NA,NA,NA,NA
China,Broken Stars | Coming of the Light,9,q9,genre of the book,Broken Stars,nominal,1,1,FALSE,Drama,NA,FALSE,NA,NA,NA,NA,NA,NA,NA
China,Broken Stars | Coming of the Light,10,q10,is space a military or civilian domain / is the book military or civilian?,Broken Stars,ordinal,1,0,TRUE,Other / Unsure,NA,FALSE,NA,NA,NA,NA,NA,NA,NA
China,Broken Stars | Coming of the Light,11,q11,Is space characterized like another military domain?,Broken Stars,nominal,1,0,TRUE,Other / Unsure,6,FALSE,NA,NA,NA,NA,NA,NA,NA
China,Broken Stars | Coming of the Light,12,q12,how physically different is space from earth?,Broken Stars,ordinal,1,0,TRUE,Other / Unsure,NA,FALSE,NA,NA,NA,NA,NA,NA,NA
China,Broken Stars | Goodnight Melancholy,1,q1,is space something to be contested,Broken Stars,ordinal,1,0,TRUE,Other / Unsure,NA,FALSE,NA,NA,NA,NA,NA,NA,NA
China,Broken Stars | Goodnight Melancholy,2,q2,can you inhabit and hold territory in space,Broken Stars,ordinal,1,0,TRUE,Other / Unsure,NA,FALSE,NA,NA,NA,NA,NA,NA,NA
China,Broken Stars | Goodnight Melancholy,3,q3,how long is journey / how  far from earth,Broken Stars,ordinal,1,0,TRUE,Other / Unsure,NA,FALSE,NA,NA,NA,NA,NA,NA,NA
China,Broken Stars | Goodnight Melancholy,4,q4,how culturally different is space from earth?,Broken Stars,ordinal,1,0,TRUE,Other / Unsure,NA,FALSE,NA,NA,NA,NA,NA,NA,NA
China,Broken Stars | Goodnight Melancholy,5,q5,do you speak same language on earth vs space ?,Broken Stars,ordinal,1,0,TRUE,Other / Unsure,NA,FALSE,NA,NA,NA,NA,NA,NA,NA
China,Broken Stars | Goodnight Melancholy,6,q6,is it hostile / hard to survive (bc of natural conditions),Broken Stars,ordinal,1,0,TRUE,Other / Unsure,NA,FALSE,NA,NA,NA,NA,NA,NA,NA
China,Broken Stars | Goodnight Melancholy,7,q7,how common is it for humans to live in space,Broken Stars,ordinal,1,0,TRUE,Other / Unsure,NA,FALSE,NA,NA,NA,NA,NA,NA,NA
China,Broken Stars | Goodnight Melancholy,8,q8,are there different countries in space? Or just one?,Broken Stars,ordinal,1,0,TRUE,Other / Unsure,NA,FALSE,NA,NA,NA,NA,NA,NA,NA
China,Broken Stars | Goodnight Melancholy,9,q9,genre of the book,Broken Stars,nominal,1,1,FALSE,Drama,NA,FALSE,NA,NA,NA,NA,NA,NA,NA
China,Broken Stars | Goodnight Melancholy,10,q10,is space a military or civilian domain / is the book military or civilian?,Broken Stars,ordinal,1,0,TRUE,Other / Unsure,NA,FALSE,NA,NA,NA,NA,NA,NA,NA
China,Broken Stars | Goodnight Melancholy,11,q11,Is space characterized like another military domain?,Broken Stars,nominal,1,0,TRUE,Other / Unsure,6,FALSE,NA,NA,NA,NA,NA,NA,NA
China,Broken Stars | Goodnight Melancholy,12,q12,how physically different is space from earth?,Broken Stars,ordinal,1,0,TRUE,Other / Unsure,NA,FALSE,NA,NA,NA,NA,NA,NA,NA
China,Broken Stars | Moonlight,1,q1,is space something to be contested,Broken Stars,ordinal,1,0,TRUE,Other / Unsure,NA,FALSE,NA,NA,NA,NA,NA,NA,NA
China,Broken Stars | Moonlight,2,q2,can you inhabit and hold territory in space,Broken Stars,ordinal,1,0,TRUE,Other / Unsure,NA,FALSE,NA,NA,NA,NA,NA,NA,NA
China,Broken Stars | Moonlight,3,q3,how long is journey / how  far from earth,Broken Stars,ordinal,1,0,TRUE,Other / Unsure,NA,FALSE,NA,NA,NA,NA,NA,NA,NA
China,Broken Stars | Moonlight,4,q4,how culturally different is space from earth?,Broken Stars,ordinal,1,0,TRUE,Other / Unsure,NA,FALSE,NA,NA,NA,NA,NA,NA,NA
China,Broken Stars | Moonlight,5,q5,do you speak same language on earth vs space ?,Broken Stars,ordinal,1,0,TRUE,Other / Unsure,NA,FALSE,NA,NA,NA,NA,NA,NA,NA
China,Broken Stars | Moonlight,6,q6,is it hostile / hard to survive (bc of natural conditions),Broken Stars,ordinal,1,0,TRUE,Other / Unsure,NA,FALSE,NA,NA,NA,NA,NA,NA,NA
China,Broken Stars | Moonlight,7,q7,how common is it for humans to live in space,Broken Stars,ordinal,1,0,TRUE,Other / Unsure,NA,FALSE,NA,NA,NA,NA,NA,NA,NA
China,Broken Stars | Moonlight,8,q8,are there different countries in space? Or just one?,Broken Stars,ordinal,1,0,TRUE,Other / Unsure,NA,FALSE,NA,NA,NA,NA,NA,NA,NA
China,Broken Stars | Moonlight,9,q9,genre of the book,Broken Stars,nominal,1,1,FALSE,Drama,NA,FALSE,NA,NA,NA,NA,NA,NA,NA
China,Broken Stars | Moonlight,10,q10,is space a military or civilian domain / is the book military or civilian?,Broken Stars,ordinal,1,0,TRUE,Other / Unsure,NA,FALSE,NA,NA,NA,NA,NA,NA,NA
China,Broken Stars | Moonlight,11,q11,Is space characterized like another military domain?,Broken Stars,nominal,1,0,TRUE,Other / Unsure,6,FALSE,NA,NA,NA,NA,NA,NA,NA
China,Broken Stars | Moonlight,12,q12,how physically different is space from earth?,Broken Stars,ordinal,1,0,TRUE,Other / Unsure,NA,FALSE,NA,NA,NA,NA,NA,NA,NA
China,Broken Stars | Reflection,1,q1,is space something to be contested,Broken Stars,ordinal,1,0,TRUE,Other / Unsure,NA,FALSE,NA,NA,NA,NA,NA,NA,NA
China,Broken Stars | Reflection,2,q2,can you inhabit and hold territory in space,Broken Stars,ordinal,1,0,TRUE,Other / Unsure,NA,FALSE,NA,NA,NA,NA,NA,NA,NA
China,Broken Stars | Reflection,3,q3,how long is journey / how  far from earth,Broken Stars,ordinal,1,0,TRUE,Other / Unsure,NA,FALSE,NA,NA,NA,NA,NA,NA,NA
China,Broken Stars | Reflection,4,q4,how culturally different is space from earth?,Broken Stars,ordinal,1,0,TRUE,Other / Unsure,NA,FALSE,NA,NA,NA,NA,NA,NA,NA
China,Broken Stars | Reflection,5,q5,do you speak same language on earth vs space ?,Broken Stars,ordinal,1,0,TRUE,Other / Unsure,NA,FALSE,NA,NA,NA,NA,NA,NA,NA
China,Broken Stars | Reflection,6,q6,is it hostile / hard to survive (bc of natural conditions),Broken Stars,ordinal,1,0,TRUE,Other / Unsure,NA,FALSE,NA,NA,NA,NA,NA,NA,NA
China,Broken Stars | Reflection,7,q7,how common is it for humans to live in space,Broken Stars,ordinal,1,0,TRUE,Other / Unsure,NA,FALSE,NA,NA,NA,NA,NA,NA,NA
China,Broken Stars | Reflection,8,q8,are there different countries in space? Or just one?,Broken Stars,ordinal,1,0,TRUE,Other / Unsure,NA,FALSE,NA,NA,NA,NA,NA,NA,NA
China,Broken Stars | Reflection,9,q9,genre of the book,Broken Stars,nominal,1,1,FALSE,Drama,NA,FALSE,NA,NA,NA,NA,NA,NA,NA
China,Broken Stars | Reflection,10,q10,is space a military or civilian domain / is the book military or civilian?,Broken Stars,ordinal,1,0,TRUE,Other / Unsure,NA,FALSE,NA,NA,NA,NA,NA,NA,NA
China,Broken Stars | Reflection,11,q11,Is space characterized like another military domain?,Broken Stars,nominal,1,0,TRUE,Other / Unsure,6,FALSE,NA,NA,NA,NA,NA,NA,NA
China,Broken Stars | Reflection,12,q12,how physically different is space from earth?,Broken Stars,ordinal,1,0,TRUE,Other / Unsure,NA,FALSE,NA,NA,NA,NA,NA,NA,NA
China,Broken Stars | Salinger and the Koreans,1,q1,is space something to be contested,Broken Stars,ordinal,1,0,TRUE,Other / Unsure,NA,FALSE,NA,NA,NA,NA,NA,NA,NA
China,Broken Stars | Salinger and the Koreans,2,q2,can you inhabit and hold territory in space,Broken Stars,ordinal,1,0,TRUE,Other / Unsure,NA,FALSE,NA,NA,NA,NA,NA,NA,NA
China,Broken Stars | Salinger and the Koreans,3,q3,how long is journey / how  far from earth,Broken Stars,ordinal,1,0,TRUE,Other / Unsure,NA,FALSE,NA,NA,NA,NA,NA,NA,NA
China,Broken Stars | Salinger and the Koreans,4,q4,how culturally different is space from earth?,Broken Stars,ordinal,1,0,TRUE,Other / Unsure,NA,FALSE,NA,NA,NA,NA,NA,NA,NA
China,Broken Stars | Salinger and the Koreans,5,q5,do you speak same language on earth vs space ?,Broken Stars,ordinal,1,0,TRUE,Other / Unsure,NA,FALSE,NA,NA,NA,NA,NA,NA,NA
China,Broken Stars | Salinger and the Koreans,6,q6,is it hostile / hard to survive (bc of natural conditions),Broken Stars,ordinal,1,0,TRUE,Other / Unsure,NA,FALSE,NA,NA,NA,NA,NA,NA,NA
China,Broken Stars | Salinger and the Koreans,7,q7,how common is it for humans to live in space,Broken Stars,ordinal,1,0,TRUE,Other / Unsure,NA,FALSE,NA,NA,NA,NA,NA,NA,NA
China,Broken Stars | Salinger and the Koreans,8,q8,are there different countries in space? Or just one?,Broken Stars,ordinal,1,0,TRUE,Other / Unsure,NA,FALSE,NA,NA,NA,NA,NA,NA,NA
China,Broken Stars | Salinger and the Koreans,9,q9,genre of the book,Broken Stars,nominal,1,1,FALSE,Comedy / satire,NA,FALSE,NA,NA,NA,NA,NA,NA,NA
China,Broken Stars | Salinger and the Koreans,10,q10,is space a military or civilian domain / is the book military or civilian?,Broken Stars,ordinal,1,0,TRUE,Other / Unsure,NA,FALSE,NA,NA,NA,NA,NA,NA,NA
China,Broken Stars | Salinger and the Koreans,11,q11,Is space characterized like another military domain?,Broken Stars,nominal,1,0,TRUE,Other / Unsure,6,FALSE,NA,NA,NA,NA,NA,NA,NA
China,Broken Stars | Salinger and the Koreans,12,q12,how physically different is space from earth?,Broken Stars,ordinal,1,0,TRUE,Other / Unsure,NA,FALSE,NA,NA,NA,NA,NA,NA,NA
China,Broken Stars | Submarines,1,q1,is space something to be contested,Broken Stars,ordinal,1,0,TRUE,Other / Unsure,NA,FALSE,NA,NA,NA,NA,NA,NA,NA
China,Broken Stars | Submarines,2,q2,can you inhabit and hold territory in space,Broken Stars,ordinal,1,0,TRUE,Other / Unsure,NA,FALSE,NA,NA,NA,NA,NA,NA,NA
China,Broken Stars | Submarines,3,q3,how long is journey / how  far from earth,Broken Stars,ordinal,1,0,TRUE,Other / Unsure,NA,FALSE,NA,NA,NA,NA,NA,NA,NA
China,Broken Stars | Submarines,4,q4,how culturally different is space from earth?,Broken Stars,ordinal,1,0,TRUE,Other / Unsure,NA,FALSE,NA,NA,NA,NA,NA,NA,NA
China,Broken Stars | Submarines,5,q5,do you speak same language on earth vs space ?,Broken Stars,ordinal,1,0,TRUE,Other / Unsure,NA,FALSE,NA,NA,NA,NA,NA,NA,NA
China,Broken Stars | Submarines,6,q6,is it hostile / hard to survive (bc of natural conditions),Broken Stars,ordinal,1,0,TRUE,Other / Unsure,NA,FALSE,NA,NA,NA,NA,NA,NA,NA
China,Broken Stars | Submarines,7,q7,how common is it for humans to live in space,Broken Stars,ordinal,1,0,TRUE,Other / Unsure,NA,FALSE,NA,NA,NA,NA,NA,NA,NA
China,Broken Stars | Submarines,8,q8,are there different countries in space? Or just one?,Broken Stars,ordinal,1,0,TRUE,Other / Unsure,NA,FALSE,NA,NA,NA,NA,NA,NA,NA
China,Broken Stars | Submarines,9,q9,genre of the book,Broken Stars,nominal,1,1,FALSE,Drama,NA,FALSE,NA,NA,NA,NA,NA,NA,NA
China,Broken Stars | Submarines,10,q10,is space a military or civilian domain / is the book military or civilian?,Broken Stars,ordinal,1,0,TRUE,Other / Unsure,NA,FALSE,NA,NA,NA,NA,NA,NA,NA
China,Broken Stars | Submarines,11,q11,Is space characterized like another military domain?,Broken Stars,nominal,1,0,TRUE,Other / Unsure,6,FALSE,NA,NA,NA,NA,NA,NA,NA
China,Broken Stars | Submarines,12,q12,how physically different is space from earth?,Broken Stars,ordinal,1,0,TRUE,Other / Unsure,NA,FALSE,NA,NA,NA,NA,NA,NA,NA
China,Broken Stars | The Brain Box,1,q1,is space something to be contested,Broken Stars,ordinal,1,0,TRUE,Other / Unsure,NA,FALSE,NA,NA,NA,NA,NA,NA,NA
China,Broken Stars | The Brain Box,2,q2,can you inhabit and hold territory in space,Broken Stars,ordinal,1,0,TRUE,Other / Unsure,NA,FALSE,NA,NA,NA,NA,NA,NA,NA
China,Broken Stars | The Brain Box,3,q3,how long is journey / how  far from earth,Broken Stars,ordinal,1,0,TRUE,Other / Unsure,NA,FALSE,NA,NA,NA,NA,NA,NA,NA
China,Broken Stars | The Brain Box,4,q4,how culturally different is space from earth?,Broken Stars,ordinal,1,0,TRUE,Other / Unsure,NA,FALSE,NA,NA,NA,NA,NA,NA,NA
China,Broken Stars | The Brain Box,5,q5,do you speak same language on earth vs space ?,Broken Stars,ordinal,1,0,TRUE,Other / Unsure,NA,FALSE,NA,NA,NA,NA,NA,NA,NA
China,Broken Stars | The Brain Box,6,q6,is it hostile / hard to survive (bc of natural conditions),Broken Stars,ordinal,1,0,TRUE,Other / Unsure,NA,FALSE,NA,NA,NA,NA,NA,NA,NA
China,Broken Stars | The Brain Box,7,q7,how common is it for humans to live in space,Broken Stars,ordinal,1,0,TRUE,Other / Unsure,NA,FALSE,NA,NA,NA,NA,NA,NA,NA
China,Broken Stars | The Brain Box,8,q8,are there different countries in space? Or just one?,Broken Stars,ordinal,1,0,TRUE,Other / Unsure,NA,FALSE,NA,NA,NA,NA,NA,NA,NA
China,Broken Stars | The Brain Box,9,q9,genre of the book,Broken Stars,nominal,1,1,FALSE,Drama,NA,FALSE,NA,NA,NA,NA,NA,NA,NA
China,Broken Stars | The Brain Box,10,q10,is space a military or civilian domain / is the book military or civilian?,Broken Stars,ordinal,1,0,TRUE,Other / Unsure,NA,FALSE,NA,NA,NA,NA,NA,NA,NA
China,Broken Stars | The Brain Box,11,q11,Is space characterized like another military domain?,Broken Stars,nominal,1,0,TRUE,Other / Unsure,6,FALSE,NA,NA,NA,NA,NA,NA,NA
China,Broken Stars | The Brain Box,12,q12,how physically different is space from earth?,Broken Stars,ordinal,1,0,TRUE,Other / Unsure,NA,FALSE,NA,NA,NA,NA,NA,NA,NA
China,Broken Stars | The First Emperors Games,1,q1,is space something to be contested,Broken Stars,ordinal,1,0,TRUE,Other / Unsure,NA,FALSE,NA,NA,NA,NA,NA,Other / Unsure,NA
China,Broken Stars | The First Emperors Games,2,q2,can you inhabit and hold territory in space,Broken Stars,ordinal,1,0,TRUE,Other / Unsure,NA,FALSE,NA,NA,NA,NA,NA,Other / Unsure,NA
China,Broken Stars | The First Emperors Games,3,q3,how long is journey / how  far from earth,Broken Stars,ordinal,1,0,TRUE,Other / Unsure,NA,FALSE,NA,NA,NA,NA,NA,Other / Unsure,NA
China,Broken Stars | The First Emperors Games,4,q4,how culturally different is space from earth?,Broken Stars,ordinal,1,0,TRUE,Other / Unsure,NA,FALSE,NA,NA,NA,NA,NA,Other / Unsure,NA
China,Broken Stars | The First Emperors Games,5,q5,do you speak same language on earth vs space ?,Broken Stars,ordinal,1,0,TRUE,Other / Unsure,NA,FALSE,NA,NA,NA,NA,NA,Other / Unsure,NA
China,Broken Stars | The First Emperors Games,6,q6,is it hostile / hard to survive (bc of natural conditions),Broken Stars,ordinal,1,0,TRUE,Other / Unsure,NA,FALSE,NA,NA,NA,NA,NA,Other / Unsure,NA
China,Broken Stars | The First Emperors Games,7,q7,how common is it for humans to live in space,Broken Stars,ordinal,1,0,TRUE,Other / Unsure,NA,FALSE,NA,NA,NA,NA,NA,Other / Unsure,NA
China,Broken Stars | The First Emperors Games,8,q8,are there different countries in space? Or just one?,Broken Stars,ordinal,1,0,TRUE,Other / Unsure,NA,FALSE,NA,NA,NA,NA,NA,Other / Unsure,NA
China,Broken Stars | The First Emperors Games,9,q9,genre of the book,Broken Stars,nominal,1,1,FALSE,Comedy / satire,NA,FALSE,NA,NA,NA,NA,NA,Comedy / satire,NA
China,Broken Stars | The First Emperors Games,10,q10,is space a military or civilian domain / is the book military or civilian?,Broken Stars,ordinal,1,0,TRUE,Other / Unsure,NA,FALSE,NA,NA,NA,NA,NA,Other / Unsure,NA
China,Broken Stars | The First Emperors Games,11,q11,Is space characterized like another military domain?,Broken Stars,nominal,1,0,TRUE,Other / Unsure,6,FALSE,NA,NA,NA,NA,NA,Other / Unsure,NA
China,Broken Stars | The First Emperors Games,12,q12,how physically different is space from earth?,Broken Stars,ordinal,1,0,TRUE,Other / Unsure,NA,FALSE,NA,NA,NA,NA,NA,Other / Unsure,NA
China,Broken Stars | The New Year Train,1,q1,is space something to be contested,Broken Stars,ordinal,1,0,TRUE,Other / Unsure,NA,FALSE,NA,NA,NA,NA,NA,NA,NA
China,Broken Stars | The New Year Train,2,q2,can you inhabit and hold territory in space,Broken Stars,ordinal,1,0,TRUE,Other / Unsure,NA,FALSE,NA,NA,NA,NA,NA,NA,NA
China,Broken Stars | The New Year Train,3,q3,how long is journey / how  far from earth,Broken Stars,ordinal,1,0,TRUE,Other / Unsure,NA,FALSE,NA,NA,NA,NA,NA,NA,NA
China,Broken Stars | The New Year Train,4,q4,how culturally different is space from earth?,Broken Stars,ordinal,1,0,TRUE,Other / Unsure,NA,FALSE,NA,NA,NA,NA,NA,NA,NA
China,Broken Stars | The New Year Train,5,q5,do you speak same language on earth vs space ?,Broken Stars,ordinal,1,0,TRUE,Other / Unsure,NA,FALSE,NA,NA,NA,NA,NA,NA,NA
China,Broken Stars | The New Year Train,6,q6,is it hostile / hard to survive (bc of natural conditions),Broken Stars,ordinal,1,0,TRUE,Other / Unsure,NA,FALSE,NA,NA,NA,NA,NA,NA,NA
China,Broken Stars | The New Year Train,7,q7,how common is it for humans to live in space,Broken Stars,ordinal,1,0,TRUE,Other / Unsure,NA,FALSE,NA,NA,NA,NA,NA,NA,NA
China,Broken Stars | The New Year Train,8,q8,are there different countries in space? Or just one?,Broken Stars,ordinal,1,0,TRUE,Other / Unsure,NA,FALSE,NA,NA,NA,NA,NA,NA,NA
China,Broken Stars | The New Year Train,9,q9,genre of the book,Broken Stars,nominal,1,1,FALSE,Comedy / satire,NA,FALSE,NA,NA,NA,NA,NA,NA,NA
China,Broken Stars | The New Year Train,10,q10,is space a military or civilian domain / is the book military or civilian?,Broken Stars,ordinal,1,0,TRUE,Other / Unsure,NA,FALSE,NA,NA,NA,NA,NA,NA,NA
China,Broken Stars | The New Year Train,11,q11,Is space characterized like another military domain?,Broken Stars,nominal,1,0,TRUE,Other / Unsure,6,FALSE,NA,NA,NA,NA,NA,NA,NA
China,Broken Stars | The New Year Train,12,q12,how physically different is space from earth?,Broken Stars,ordinal,1,0,TRUE,Other / Unsure,NA,FALSE,NA,NA,NA,NA,NA,NA,NA
China,Broken Stars | The Restaurant at the End of the Universe Laba Porridge,1,q1,is space something to be contested,Broken Stars,ordinal,1,1,FALSE,No contestation,1,FALSE,1,No contestation,1,1,No contestation,NA,NA
China,Broken Stars | The Restaurant at the End of the Universe Laba Porridge,2,q2,can you inhabit and hold territory in space,Broken Stars,ordinal,1,1,FALSE,Extensive territorial occupation (many settled worlds/regions held like states or empires),5,FALSE,5,Extensive territorial occupation (many settled worlds/regions held like states or empires),5,5,Extensive territorial occupation (many settled worlds/regions held like states or empires),NA,NA
China,Broken Stars | The Restaurant at the End of the Universe Laba Porridge,3,q3,how long is journey / how  far from earth,Broken Stars,ordinal,1,1,FALSE,"Extreme / effectively unreachable (generational, completely separate, or one-way-feeling distance)",5,FALSE,5,"Extreme / effectively unreachable (generational, completely separate, or one-way-feeling distance)",5,5,"Extreme / effectively unreachable (generational, completely separate, or one-way-feeling distance)",NA,NA
China,Broken Stars | The Restaurant at the End of the Universe Laba Porridge,4,q4,how culturally different is space from earth?,Broken Stars,ordinal,1,1,FALSE,Radically different / alien social order,5,FALSE,5,Radically different / alien social order,5,5,Radically different / alien social order,NA,NA
China,Broken Stars | The Restaurant at the End of the Universe Laba Porridge,5,q5,do you speak same language on earth vs space ?,Broken Stars,ordinal,1,1,FALSE,Translation-mediated communication (universal translator / communication tech makes language difference irrelevant),5,FALSE,5,Translation-mediated communication (universal translator / communication tech makes language difference irrelevant),5,5,Translation-mediated communication (universal translator / communication tech makes language difference irrelevant),NA,NA
China,Broken Stars | The Restaurant at the End of the Universe Laba Porridge,6,q6,is it hostile / hard to survive (bc of natural conditions),Broken Stars,ordinal,1,1,FALSE,Benign / easily survivable,1,FALSE,1,Benign / easily survivable,1,1,Benign / easily survivable,NA,NA
China,Broken Stars | The Restaurant at the End of the Universe Laba Porridge,7,q7,how common is it for humans to live in space,Broken Stars,ordinal,1,1,FALSE,Normalized / widespread (space habitation is ordinary for humanity),5,FALSE,5,Normalized / widespread (space habitation is ordinary for humanity),5,5,Normalized / widespread (space habitation is ordinary for humanity),NA,NA
China,Broken Stars | The Restaurant at the End of the Universe Laba Porridge,8,q8,are there different countries in space? Or just one?,Broken Stars,ordinal,1,1,FALSE,Multiple distinct space polities,4,FALSE,4,Multiple distinct space polities,4,4,Multiple distinct space polities,NA,NA
China,Broken Stars | The Restaurant at the End of the Universe Laba Porridge,9,q9,genre of the book,Broken Stars,nominal,1,1,FALSE,Drama,NA,FALSE,NA,NA,NA,NA,NA,NA,NA
China,Broken Stars | The Restaurant at the End of the Universe Laba Porridge,10,q10,is space a military or civilian domain / is the book military or civilian?,Broken Stars,ordinal,1,1,FALSE,Entirely civilian,1,FALSE,1,Entirely civilian,1,1,Entirely civilian,NA,NA
China,Broken Stars | The Restaurant at the End of the Universe Laba Porridge,11,q11,Is space characterized like another military domain?,Broken Stars,nominal,1,0,TRUE,Other / Unsure,6,FALSE,NA,NA,NA,NA,NA,NA,NA
China,Broken Stars | The Restaurant at the End of the Universe Laba Porridge,12,q12,how physically different is space from earth?,Broken Stars,ordinal,1,1,FALSE,Very different (human bodies/technology constantly challenged),4,FALSE,4,Very different (human bodies/technology constantly challenged),4,4,Very different (human bodies/technology constantly challenged),NA,NA
China,Broken Stars | The Robot Who Liked to Tell Tall Tales,1,q1,is space something to be contested,Broken Stars,ordinal,1,0,TRUE,Other / Unsure,NA,FALSE,NA,NA,NA,NA,NA,NA,NA
China,Broken Stars | The Robot Who Liked to Tell Tall Tales,2,q2,can you inhabit and hold territory in space,Broken Stars,ordinal,1,0,TRUE,Other / Unsure,NA,FALSE,NA,NA,NA,NA,NA,NA,NA
China,Broken Stars | The Robot Who Liked to Tell Tall Tales,3,q3,how long is journey / how  far from earth,Broken Stars,ordinal,1,1,FALSE,"Extreme / effectively unreachable (generational, completely separate, or one-way-feeling distance)",5,FALSE,5,"Extreme / effectively unreachable (generational, completely separate, or one-way-feeling distance)",5,5,"Extreme / effectively unreachable (generational, completely separate, or one-way-feeling distance)",NA,NA
China,Broken Stars | The Robot Who Liked to Tell Tall Tales,4,q4,how culturally different is space from earth?,Broken Stars,ordinal,1,0,TRUE,Other / Unsure,NA,FALSE,NA,NA,NA,NA,NA,NA,NA
China,Broken Stars | The Robot Who Liked to Tell Tall Tales,5,q5,do you speak same language on earth vs space ?,Broken Stars,ordinal,1,0,TRUE,Other / Unsure,NA,FALSE,NA,NA,NA,NA,NA,NA,NA
China,Broken Stars | The Robot Who Liked to Tell Tall Tales,6,q6,is it hostile / hard to survive (bc of natural conditions),Broken Stars,ordinal,1,1,FALSE,Extremely hostile (constant survival pressure),4,FALSE,4,Extremely hostile (constant survival pressure),4,4,Extremely hostile (constant survival pressure),NA,NA
China,Broken Stars | The Robot Who Liked to Tell Tall Tales,7,q7,how common is it for humans to live in space,Broken Stars,ordinal,1,1,FALSE,Exceptionally rare (few astronauts/explorers),1,FALSE,1,Exceptionally rare (few astronauts/explorers),1,1,Exceptionally rare (few astronauts/explorers),NA,NA
China,Broken Stars | The Robot Who Liked to Tell Tall Tales,8,q8,are there different countries in space? Or just one?,Broken Stars,ordinal,1,0,TRUE,Other / Unsure,NA,FALSE,NA,NA,NA,NA,NA,NA,NA
China,Broken Stars | The Robot Who Liked to Tell Tall Tales,9,q9,genre of the book,Broken Stars,nominal,1,1,FALSE,Adventure / exploration,NA,FALSE,NA,NA,NA,NA,NA,NA,NA
China,Broken Stars | The Robot Who Liked to Tell Tall Tales,10,q10,is space a military or civilian domain / is the book military or civilian?,Broken Stars,ordinal,1,0,TRUE,Other / Unsure,NA,FALSE,NA,NA,NA,NA,NA,NA,NA
China,Broken Stars | The Robot Who Liked to Tell Tall Tales,11,q11,Is space characterized like another military domain?,Broken Stars,nominal,1,0,TRUE,Other / Unsure,6,FALSE,NA,NA,NA,NA,NA,NA,NA
China,Broken Stars | The Robot Who Liked to Tell Tall Tales,12,q12,how physically different is space from earth?,Broken Stars,ordinal,1,1,FALSE,Radically non-Earth-like (physics/environment fundamentally unlike Earth experience),5,FALSE,5,Radically non-Earth-like (physics/environment fundamentally unlike Earth experience),5,5,Radically non-Earth-like (physics/environment fundamentally unlike Earth experience),NA,NA
China,Broken Stars | The Snow of Jinyang,1,q1,is space something to be contested,Broken Stars,ordinal,1,0,TRUE,Other / Unsure,NA,FALSE,NA,NA,NA,NA,NA,NA,NA
China,Broken Stars | The Snow of Jinyang,2,q2,can you inhabit and hold territory in space,Broken Stars,ordinal,1,0,TRUE,Other / Unsure,NA,FALSE,NA,NA,NA,NA,NA,NA,NA
China,Broken Stars | The Snow of Jinyang,3,q3,how long is journey / how  far from earth,Broken Stars,ordinal,1,0,TRUE,Other / Unsure,NA,FALSE,NA,NA,NA,NA,NA,NA,NA
China,Broken Stars | The Snow of Jinyang,4,q4,how culturally different is space from earth?,Broken Stars,ordinal,1,0,TRUE,Other / Unsure,NA,FALSE,NA,NA,NA,NA,NA,NA,NA
China,Broken Stars | The Snow of Jinyang,5,q5,do you speak same language on earth vs space ?,Broken Stars,ordinal,1,0,TRUE,Other / Unsure,NA,FALSE,NA,NA,NA,NA,NA,NA,NA
China,Broken Stars | The Snow of Jinyang,6,q6,is it hostile / hard to survive (bc of natural conditions),Broken Stars,ordinal,1,0,TRUE,Other / Unsure,NA,FALSE,NA,NA,NA,NA,NA,NA,NA
China,Broken Stars | The Snow of Jinyang,7,q7,how common is it for humans to live in space,Broken Stars,ordinal,1,0,TRUE,Other / Unsure,NA,FALSE,NA,NA,NA,NA,NA,NA,NA
China,Broken Stars | The Snow of Jinyang,8,q8,are there different countries in space? Or just one?,Broken Stars,ordinal,1,0,TRUE,Other / Unsure,NA,FALSE,NA,NA,NA,NA,NA,NA,NA
China,Broken Stars | The Snow of Jinyang,9,q9,genre of the book,Broken Stars,nominal,1,1,FALSE,Adventure / exploration,NA,FALSE,NA,NA,NA,NA,NA,NA,NA
China,Broken Stars | The Snow of Jinyang,10,q10,is space a military or civilian domain / is the book military or civilian?,Broken Stars,ordinal,1,0,TRUE,Other / Unsure,NA,FALSE,NA,NA,NA,NA,NA,NA,NA
China,Broken Stars | The Snow of Jinyang,11,q11,Is space characterized like another military domain?,Broken Stars,nominal,1,0,TRUE,Other / Unsure,6,FALSE,NA,NA,NA,NA,NA,NA,NA
China,Broken Stars | The Snow of Jinyang,12,q12,how physically different is space from earth?,Broken Stars,ordinal,1,0,TRUE,Other / Unsure,NA,FALSE,NA,NA,NA,NA,NA,NA,NA
China,Broken Stars | Under a Dangling Sky,1,q1,is space something to be contested,Broken Stars,ordinal,1,0,TRUE,Other / Unsure,NA,FALSE,NA,NA,NA,NA,NA,NA,NA
China,Broken Stars | Under a Dangling Sky,2,q2,can you inhabit and hold territory in space,Broken Stars,ordinal,1,0,TRUE,Other / Unsure,NA,FALSE,NA,NA,NA,NA,NA,NA,NA
China,Broken Stars | Under a Dangling Sky,3,q3,how long is journey / how  far from earth,Broken Stars,ordinal,1,0,TRUE,Other / Unsure,NA,FALSE,NA,NA,NA,NA,NA,NA,NA
China,Broken Stars | Under a Dangling Sky,4,q4,how culturally different is space from earth?,Broken Stars,ordinal,1,0,TRUE,Other / Unsure,NA,FALSE,NA,NA,NA,NA,NA,NA,NA
China,Broken Stars | Under a Dangling Sky,5,q5,do you speak same language on earth vs space ?,Broken Stars,ordinal,1,0,TRUE,Other / Unsure,NA,FALSE,NA,NA,NA,NA,NA,NA,NA
China,Broken Stars | Under a Dangling Sky,6,q6,is it hostile / hard to survive (bc of natural conditions),Broken Stars,ordinal,1,0,TRUE,Other / Unsure,NA,FALSE,NA,NA,NA,NA,NA,NA,NA
China,Broken Stars | Under a Dangling Sky,7,q7,how common is it for humans to live in space,Broken Stars,ordinal,1,0,TRUE,Other / Unsure,NA,FALSE,NA,NA,NA,NA,NA,NA,NA
China,Broken Stars | Under a Dangling Sky,8,q8,are there different countries in space? Or just one?,Broken Stars,ordinal,1,0,TRUE,Other / Unsure,NA,FALSE,NA,NA,NA,NA,NA,NA,NA
China,Broken Stars | Under a Dangling Sky,9,q9,genre of the book,Broken Stars,nominal,1,1,FALSE,Adventure / exploration,NA,FALSE,NA,NA,NA,NA,NA,NA,NA
China,Broken Stars | Under a Dangling Sky,10,q10,is space a military or civilian domain / is the book military or civilian?,Broken Stars,ordinal,1,0,TRUE,Other / Unsure,NA,FALSE,NA,NA,NA,NA,NA,NA,NA
China,Broken Stars | Under a Dangling Sky,11,q11,Is space characterized like another military domain?,Broken Stars,nominal,1,0,TRUE,Other / Unsure,6,FALSE,NA,NA,NA,NA,NA,NA,NA
China,Broken Stars | Under a Dangling Sky,12,q12,how physically different is space from earth?,Broken Stars,ordinal,1,0,TRUE,Other / Unsure,NA,FALSE,NA,NA,NA,NA,NA,NA,NA
China,Broken Stars | What Has Passed Shall in Kinder Light Appear,1,q1,is space something to be contested,Broken Stars,ordinal,1,0,TRUE,Other / Unsure,NA,FALSE,NA,NA,NA,NA,NA,NA,NA
China,Broken Stars | What Has Passed Shall in Kinder Light Appear,2,q2,can you inhabit and hold territory in space,Broken Stars,ordinal,1,0,TRUE,Other / Unsure,NA,FALSE,NA,NA,NA,NA,NA,NA,NA
China,Broken Stars | What Has Passed Shall in Kinder Light Appear,3,q3,how long is journey / how  far from earth,Broken Stars,ordinal,1,0,TRUE,Other / Unsure,NA,FALSE,NA,NA,NA,NA,NA,NA,NA
China,Broken Stars | What Has Passed Shall in Kinder Light Appear,4,q4,how culturally different is space from earth?,Broken Stars,ordinal,1,0,TRUE,Other / Unsure,NA,FALSE,NA,NA,NA,NA,NA,NA,NA
China,Broken Stars | What Has Passed Shall in Kinder Light Appear,5,q5,do you speak same language on earth vs space ?,Broken Stars,ordinal,1,0,TRUE,Other / Unsure,NA,FALSE,NA,NA,NA,NA,NA,NA,NA
China,Broken Stars | What Has Passed Shall in Kinder Light Appear,6,q6,is it hostile / hard to survive (bc of natural conditions),Broken Stars,ordinal,1,0,TRUE,Other / Unsure,NA,FALSE,NA,NA,NA,NA,NA,NA,NA
China,Broken Stars | What Has Passed Shall in Kinder Light Appear,7,q7,how common is it for humans to live in space,Broken Stars,ordinal,1,0,TRUE,Other / Unsure,NA,FALSE,NA,NA,NA,NA,NA,NA,NA
China,Broken Stars | What Has Passed Shall in Kinder Light Appear,8,q8,are there different countries in space? Or just one?,Broken Stars,ordinal,1,0,TRUE,Other / Unsure,NA,FALSE,NA,NA,NA,NA,NA,NA,NA
China,Broken Stars | What Has Passed Shall in Kinder Light Appear,9,q9,genre of the book,Broken Stars,nominal,1,1,FALSE,Drama,NA,FALSE,NA,NA,NA,NA,NA,NA,NA
China,Broken Stars | What Has Passed Shall in Kinder Light Appear,10,q10,is space a military or civilian domain / is the book military or civilian?,Broken Stars,ordinal,1,0,TRUE,Other / Unsure,NA,FALSE,NA,NA,NA,NA,NA,NA,NA
China,Broken Stars | What Has Passed Shall in Kinder Light Appear,11,q11,Is space characterized like another military domain?,Broken Stars,nominal,1,0,TRUE,Other / Unsure,6,FALSE,NA,NA,NA,NA,NA,NA,NA
China,Broken Stars | What Has Passed Shall in Kinder Light Appear,12,q12,how physically different is space from earth?,Broken Stars,ordinal,1,0,TRUE,Other / Unsure,NA,FALSE,NA,NA,NA,NA,NA,NA,NA
China,Death's End,1,q1,is space something to be contested,NA,ordinal,6,6,FALSE,Total war / constant conflict,5,FALSE,4,High contestation (frequent conflict or strategic struggle),3.8333333333333335,5,Total war / constant conflict,"Low contestation (minor competition, little open conflict)",2
China,Death's End,2,q2,can you inhabit and hold territory in space,NA,ordinal,6,6,FALSE,Extensive territorial occupation (many settled worlds/regions held like states or empires),5,FALSE,5,Extensive territorial occupation (many settled worlds/regions held like states or empires),4.333333333333333,5,Extensive territorial occupation (many settled worlds/regions held like states or empires),Extensive territorial occupation (many settled worlds/regions held like states or empires),5
China,Death's End,3,q3,how long is journey / how  far from earth,NA,ordinal,6,6,FALSE,"Extreme / effectively unreachable (generational, completely separate, or one-way-feeling distance)",5,FALSE,5,"Extreme / effectively unreachable (generational, completely separate, or one-way-feeling distance)",4.666666666666667,5,"Extreme / effectively unreachable (generational, completely separate, or one-way-feeling distance)","Extreme / effectively unreachable (generational, completely separate, or one-way-feeling distance)",5
China,Death's End,4,q4,how culturally different is space from earth?,NA,ordinal,6,6,FALSE,Distinct space culture,4,TRUE,4,Distinct space culture,3.5,5,Radically different / alien social order,Distinct space culture,4
China,Death's End,5,q5,do you speak same language on earth vs space ?,NA,ordinal,6,4,FALSE,Same languages as Earth,1,FALSE,1,Same languages as Earth,2,5,Translation-mediated communication (universal translator / communication tech makes language difference irrelevant),Same languages as Earth,1
China,Death's End,6,q6,is it hostile / hard to survive (bc of natural conditions),NA,ordinal,6,6,FALSE,Harsh and resource-intensive,3,TRUE,3,Harsh and resource-intensive,3.5,5,Nearly uninhabitable / lethal without major intervention,Manageable but risky,2
China,Death's End,7,q7,how common is it for humans to live in space,NA,ordinal,6,6,FALSE,Normalized / widespread (space habitation is ordinary for humanity),5,FALSE,4,Common (many people live/work there),4,5,Normalized / widespread (space habitation is ordinary for humanity),Normalized / widespread (space habitation is ordinary for humanity),5
China,Death's End,8,q8,are there different countries in space? Or just one?,NA,ordinal,6,6,FALSE,Multiple distinct space polities,4,FALSE,4,Multiple distinct space polities,3.5,4,Multiple distinct space polities,Multiple distinct space polities,4
China,Death's End,9,q9,genre of the book,NA,nominal,6,6,FALSE,Thriller / Horror / Survival,NA,FALSE,NA,NA,NA,NA,NA,Drama,NA
China,Death's End,10,q10,is space a military or civilian domain / is the book military or civilian?,NA,ordinal,6,6,FALSE,Mostly civilian with some military presence,2,TRUE,3,Mixed civilian-military domain,3,5,Entirely military / war-focused,Entirely civilian,1
China,Death's End,11,q11,Is space characterized like another military domain?,NA,nominal,6,3,FALSE,Like the frontier / colonial expansion,NA,FALSE,NA,NA,NA,NA,NA,Like the frontier / colonial expansion,NA
China,Death's End,12,q12,how physically different is space from earth?,NA,ordinal,6,6,FALSE,Radically non-Earth-like (physics/environment fundamentally unlike Earth experience),5,FALSE,5,Radically non-Earth-like (physics/environment fundamentally unlike Earth experience),4,5,Radically non-Earth-like (physics/environment fundamentally unlike Earth experience),Somewhat different (manageable environmental differences),2
China,The Dark Forest,1,q1,is space something to be contested,NA,ordinal,4,4,FALSE,High contestation (frequent conflict or strategic struggle),4,FALSE,4,High contestation (frequent conflict or strategic struggle),3.75,5,Total war / constant conflict,Total war / constant conflict,5
China,The Dark Forest,2,q2,can you inhabit and hold territory in space,NA,ordinal,4,3,FALSE,"Visiting / Temporary presence only (stations, missions, outposts)",2,FALSE,2,"Visiting / Temporary presence only (stations, missions, outposts)",2.3333333333333335,3,"Limited settlement (small colonies, hard to sustain/control)","Limited settlement (small colonies, hard to sustain/control)",3
China,The Dark Forest,3,q3,how long is journey / how  far from earth,NA,ordinal,4,4,FALSE,"Extreme / effectively unreachable (generational, completely separate, or one-way-feeling distance)",5,FALSE,5,"Extreme / effectively unreachable (generational, completely separate, or one-way-feeling distance)",5,5,"Extreme / effectively unreachable (generational, completely separate, or one-way-feeling distance)","Extreme / effectively unreachable (generational, completely separate, or one-way-feeling distance)",5
China,The Dark Forest,4,q4,how culturally different is space from earth?,NA,ordinal,4,4,FALSE,Basically Earth society in space,1,FALSE,2,Mostly Earth-like with minor adaptations,2.75,5,Radically different / alien social order,Distinct space culture,4
China,The Dark Forest,5,q5,do you speak same language on earth vs space ?,NA,ordinal,4,4,FALSE,Same languages as Earth,1,FALSE,1,Same languages as Earth,2,5,Translation-mediated communication (universal translator / communication tech makes language difference irrelevant),Same languages as Earth,1
China,The Dark Forest,6,q6,is it hostile / hard to survive (bc of natural conditions),NA,ordinal,4,1,FALSE,Extremely hostile (constant survival pressure),4,FALSE,4,Extremely hostile (constant survival pressure),4,4,Extremely hostile (constant survival pressure),Extremely hostile (constant survival pressure),4
China,The Dark Forest,7,q7,how common is it for humans to live in space,NA,ordinal,4,3,FALSE,Exceptionally rare (few astronauts/explorers),1,FALSE,1,Exceptionally rare (few astronauts/explorers),1.6666666666666667,3,Moderately common (noticeable settlements/populations),Moderately common (noticeable settlements/populations),3
China,The Dark Forest,8,q8,are there different countries in space? Or just one?,NA,ordinal,4,3,FALSE,Earth nation-states extend into space,3,FALSE,3,Earth nation-states extend into space,3.3333333333333335,4,Multiple distinct space polities,Multiple distinct space polities,4
China,The Dark Forest,9,q9,genre of the book,NA,nominal,4,4,FALSE,Drama,NA,TRUE,NA,NA,NA,NA,NA,Military / war,NA
China,The Dark Forest,10,q10,is space a military or civilian domain / is the book military or civilian?,NA,ordinal,4,3,FALSE,Mostly military,4,FALSE,4,Mostly military,4,4,Mostly military,Mostly military,4
China,The Dark Forest,11,q11,Is space characterized like another military domain?,NA,nominal,4,3,FALSE,Like the ocean / naval,NA,FALSE,NA,NA,NA,NA,NA,Like the ocean / naval,NA
China,The Dark Forest,12,q12,how physically different is space from earth?,NA,ordinal,4,1,FALSE,Very different (human bodies/technology constantly challenged),4,FALSE,4,Very different (human bodies/technology constantly challenged),4,4,Very different (human bodies/technology constantly challenged),Very different (human bodies/technology constantly challenged),4
China,The Redemption of Time,1,q1,is space something to be contested,NA,ordinal,4,3,FALSE,High contestation (frequent conflict or strategic struggle),4,FALSE,4,High contestation (frequent conflict or strategic struggle),4.333333333333333,5,Total war / constant conflict,Total war / constant conflict,5
China,The Redemption of Time,2,q2,can you inhabit and hold territory in space,NA,ordinal,4,3,FALSE,"Visiting / Temporary presence only (stations, missions, outposts)",2,TRUE,2,"Visiting / Temporary presence only (stations, missions, outposts)",2.6666666666666665,5,Extensive territorial occupation (many settled worlds/regions held like states or empires),Extensive territorial occupation (many settled worlds/regions held like states or empires),5
China,The Redemption of Time,3,q3,how long is journey / how  far from earth,NA,ordinal,4,4,FALSE,"Extreme / effectively unreachable (generational, completely separate, or one-way-feeling distance)",5,FALSE,5,"Extreme / effectively unreachable (generational, completely separate, or one-way-feeling distance)",5,5,"Extreme / effectively unreachable (generational, completely separate, or one-way-feeling distance)","Extreme / effectively unreachable (generational, completely separate, or one-way-feeling distance)",5
China,The Redemption of Time,4,q4,how culturally different is space from earth?,NA,ordinal,4,3,FALSE,Radically different / alien social order,5,FALSE,5,Radically different / alien social order,5,5,Radically different / alien social order,Radically different / alien social order,5
China,The Redemption of Time,5,q5,do you speak same language on earth vs space ?,NA,ordinal,4,3,FALSE,Translation-mediated communication (universal translator / communication tech makes language difference irrelevant),5,FALSE,5,Translation-mediated communication (universal translator / communication tech makes language difference irrelevant),5,5,Translation-mediated communication (universal translator / communication tech makes language difference irrelevant),Translation-mediated communication (universal translator / communication tech makes language difference irrelevant),5
China,The Redemption of Time,6,q6,is it hostile / hard to survive (bc of natural conditions),NA,ordinal,4,3,FALSE,Nearly uninhabitable / lethal without major intervention,5,FALSE,5,Nearly uninhabitable / lethal without major intervention,4.666666666666667,5,Nearly uninhabitable / lethal without major intervention,Extremely hostile (constant survival pressure),4
China,The Redemption of Time,7,q7,how common is it for humans to live in space,NA,ordinal,4,3,FALSE,Exceptionally rare (few astronauts/explorers),1,FALSE,1,Exceptionally rare (few astronauts/explorers),2.3333333333333335,5,Normalized / widespread (space habitation is ordinary for humanity),Normalized / widespread (space habitation is ordinary for humanity),5
China,The Redemption of Time,8,q8,are there different countries in space? Or just one?,NA,ordinal,4,1,FALSE,Single unified authority,2,FALSE,2,Single unified authority,2,2,Single unified authority,Single unified authority,2
China,The Redemption of Time,9,q9,genre of the book,NA,nominal,4,4,FALSE,Drama,NA,FALSE,NA,NA,NA,NA,NA,Military / war,NA
China,The Redemption of Time,10,q10,is space a military or civilian domain / is the book military or civilian?,NA,ordinal,4,1,FALSE,Mostly military,4,FALSE,4,Mostly military,4,4,Mostly military,Mostly military,4
China,The Redemption of Time,11,q11,Is space characterized like another military domain?,NA,nominal,4,2,FALSE,Totally unique domain,NA,FALSE,NA,NA,NA,NA,NA,Totally unique domain,NA
China,The Redemption of Time,12,q12,how physically different is space from earth?,NA,ordinal,4,4,FALSE,Radically non-Earth-like (physics/environment fundamentally unlike Earth experience),5,FALSE,5,Radically non-Earth-like (physics/environment fundamentally unlike Earth experience),5,5,Radically non-Earth-like (physics/environment fundamentally unlike Earth experience),Radically non-Earth-like (physics/environment fundamentally unlike Earth experience),5
China,The Three-Body Problem,1,q1,is space something to be contested,NA,ordinal,35,24,FALSE,High contestation (frequent conflict or strategic struggle),4,FALSE,4,High contestation (frequent conflict or strategic struggle),3.6666666666666665,5,Total war / constant conflict,Other / Unsure,NA
China,The Three-Body Problem,2,q2,can you inhabit and hold territory in space,NA,ordinal,35,3,FALSE,"Visiting / Temporary presence only (stations, missions, outposts)",2,FALSE,2,"Visiting / Temporary presence only (stations, missions, outposts)",1.6666666666666667,2,"Visiting / Temporary presence only (stations, missions, outposts)",Other / Unsure,NA
China,The Three-Body Problem,3,q3,how long is journey / how  far from earth,NA,ordinal,35,13,FALSE,"Extreme / effectively unreachable (generational, completely separate, or one-way-feeling distance)",5,FALSE,5,"Extreme / effectively unreachable (generational, completely separate, or one-way-feeling distance)",5,5,"Extreme / effectively unreachable (generational, completely separate, or one-way-feeling distance)",Other / Unsure,NA
China,The Three-Body Problem,4,q4,how culturally different is space from earth?,NA,ordinal,35,12,FALSE,Radically different / alien social order,5,FALSE,5,Radically different / alien social order,5,5,Radically different / alien social order,Other / Unsure,NA
China,The Three-Body Problem,5,q5,do you speak same language on earth vs space ?,NA,ordinal,35,5,FALSE,Translation-mediated communication (universal translator / communication tech makes language difference irrelevant),5,FALSE,5,Translation-mediated communication (universal translator / communication tech makes language difference irrelevant),5,5,Translation-mediated communication (universal translator / communication tech makes language difference irrelevant),Other / Unsure,NA
China,The Three-Body Problem,6,q6,is it hostile / hard to survive (bc of natural conditions),NA,ordinal,35,7,FALSE,Nearly uninhabitable / lethal without major intervention,5,FALSE,5,Nearly uninhabitable / lethal without major intervention,4.714285714285714,5,Nearly uninhabitable / lethal without major intervention,Other / Unsure,NA
China,The Three-Body Problem,7,q7,how common is it for humans to live in space,NA,ordinal,35,1,FALSE,Exceptionally rare (few astronauts/explorers),1,FALSE,1,Exceptionally rare (few astronauts/explorers),1,1,Exceptionally rare (few astronauts/explorers),Other / Unsure,NA
China,The Three-Body Problem,8,q8,are there different countries in space? Or just one?,NA,ordinal,35,2,FALSE,Single unified authority,2,FALSE,2,Single unified authority,2,2,Single unified authority,Other / Unsure,NA
China,The Three-Body Problem,9,q9,genre of the book,NA,nominal,35,35,FALSE,Drama,NA,FALSE,NA,NA,NA,NA,NA,Drama,NA
China,The Three-Body Problem,10,q10,is space a military or civilian domain / is the book military or civilian?,NA,ordinal,35,10,FALSE,Mostly military,4,FALSE,4,Mostly military,4,4,Mostly military,Other / Unsure,NA
China,The Three-Body Problem,11,q11,Is space characterized like another military domain?,NA,nominal,35,3,FALSE,Like cyberspace / networked or abstract domain,NA,FALSE,NA,NA,NA,NA,NA,Other / Unsure,NA
China,The Three-Body Problem,12,q12,how physically different is space from earth?,NA,ordinal,35,8,FALSE,Radically non-Earth-like (physics/environment fundamentally unlike Earth experience),5,FALSE,5,Radically non-Earth-like (physics/environment fundamentally unlike Earth experience),5,5,Radically non-Earth-like (physics/environment fundamentally unlike Earth experience),Other / Unsure,NA
China,The Wandering Earth,1,q1,is space something to be contested,NA,ordinal,4,4,FALSE,"Low contestation (minor competition, little open conflict)",2,TRUE,2,"Low contestation (minor competition, little open conflict)",2.75,5,Total war / constant conflict,No contestation,1
China,The Wandering Earth,2,q2,can you inhabit and hold territory in space,NA,ordinal,4,4,FALSE,Habitable and governable (permanent settlements can hold territory),4,FALSE,4,Habitable and governable (permanent settlements can hold territory),4,4,Habitable and governable (permanent settlements can hold territory),Habitable and governable (permanent settlements can hold territory),4
China,The Wandering Earth,3,q3,how long is journey / how  far from earth,NA,ordinal,4,4,FALSE,"Extreme / effectively unreachable (generational, completely separate, or one-way-feeling distance)",5,FALSE,5,"Extreme / effectively unreachable (generational, completely separate, or one-way-feeling distance)",5,5,"Extreme / effectively unreachable (generational, completely separate, or one-way-feeling distance)","Extreme / effectively unreachable (generational, completely separate, or one-way-feeling distance)",5
China,The Wandering Earth,4,q4,how culturally different is space from earth?,NA,ordinal,4,4,FALSE,Distinct space culture,4,FALSE,4,Distinct space culture,4,4,Distinct space culture,Distinct space culture,4
China,The Wandering Earth,5,q5,do you speak same language on earth vs space ?,NA,ordinal,4,4,FALSE,Same languages as Earth,1,FALSE,1,Same languages as Earth,1,1,Same languages as Earth,Same languages as Earth,1
China,The Wandering Earth,6,q6,is it hostile / hard to survive (bc of natural conditions),NA,ordinal,4,4,FALSE,Nearly uninhabitable / lethal without major intervention,5,FALSE,5,Nearly uninhabitable / lethal without major intervention,5,5,Nearly uninhabitable / lethal without major intervention,Nearly uninhabitable / lethal without major intervention,5
China,The Wandering Earth,7,q7,how common is it for humans to live in space,NA,ordinal,4,4,FALSE,Normalized / widespread (space habitation is ordinary for humanity),5,FALSE,5,Normalized / widespread (space habitation is ordinary for humanity),5,5,Normalized / widespread (space habitation is ordinary for humanity),Normalized / widespread (space habitation is ordinary for humanity),5
China,The Wandering Earth,8,q8,are there different countries in space? Or just one?,NA,ordinal,4,4,FALSE,Single unified authority,2,FALSE,2,Single unified authority,2,2,Single unified authority,Single unified authority,2
China,The Wandering Earth,9,q9,genre of the book,NA,nominal,4,4,FALSE,Drama,NA,FALSE,NA,NA,NA,NA,NA,Drama,NA
China,The Wandering Earth,10,q10,is space a military or civilian domain / is the book military or civilian?,NA,ordinal,4,4,FALSE,Mostly civilian with some military presence,2,TRUE,2,Mostly civilian with some military presence,2.5,4,Mostly military,Entirely civilian,1
China,The Wandering Earth,11,q11,Is space characterized like another military domain?,NA,nominal,4,4,FALSE,Like the ocean / naval,NA,FALSE,NA,NA,NA,NA,NA,Like the ocean / naval,NA
China,The Wandering Earth,12,q12,how physically different is space from earth?,NA,ordinal,4,4,FALSE,Radically non-Earth-like (physics/environment fundamentally unlike Earth experience),5,FALSE,5,Radically non-Earth-like (physics/environment fundamentally unlike Earth experience),4.75,5,Radically non-Earth-like (physics/environment fundamentally unlike Earth experience),Radically non-Earth-like (physics/environment fundamentally unlike Earth experience),5
China,Vagabonds,1,q1,is space something to be contested,NA,ordinal,46,44,FALSE,Moderate contestation (ongoing rivalry/disputes),3,FALSE,3,Moderate contestation (ongoing rivalry/disputes),2.8181818181818183,4,High contestation (frequent conflict or strategic struggle),NA,NA
China,Vagabonds,2,q2,can you inhabit and hold territory in space,NA,ordinal,46,44,FALSE,Habitable and governable (permanent settlements can hold territory),4,FALSE,4,Habitable and governable (permanent settlements can hold territory),4,4,Habitable and governable (permanent settlements can hold territory),NA,NA
China,Vagabonds,3,q3,how long is journey / how  far from earth,NA,ordinal,46,46,FALSE,Moderate journey (months/meaningful separation),3,FALSE,3,Moderate journey (months/meaningful separation),3.3043478260869565,4,"Long-distance journey (years, major separation from Earth)",NA,NA
China,Vagabonds,4,q4,how culturally different is space from earth?,NA,ordinal,46,46,FALSE,Distinct space culture,4,FALSE,4,Distinct space culture,4,4,Distinct space culture,NA,NA
China,Vagabonds,5,q5,do you speak same language on earth vs space ?,NA,ordinal,46,45,FALSE,Same languages as Earth,1,FALSE,1,Same languages as Earth,1,1,Same languages as Earth,NA,NA
China,Vagabonds,6,q6,is it hostile / hard to survive (bc of natural conditions),NA,ordinal,46,43,FALSE,Harsh and resource-intensive,3,FALSE,3,Harsh and resource-intensive,3.0697674418604652,5,Nearly uninhabitable / lethal without major intervention,NA,NA
China,Vagabonds,7,q7,how common is it for humans to live in space,NA,ordinal,46,44,FALSE,Common (many people live/work there),4,FALSE,4,Common (many people live/work there),4,4,Common (many people live/work there),NA,NA
China,Vagabonds,8,q8,are there different countries in space? Or just one?,NA,ordinal,46,44,FALSE,Single unified authority,2,FALSE,2,Single unified authority,2.1363636363636362,4,Multiple distinct space polities,NA,NA
China,Vagabonds,9,q9,genre of the book,NA,nominal,46,46,FALSE,Drama,NA,FALSE,NA,NA,NA,NA,NA,NA,NA
China,Vagabonds,10,q10,is space a military or civilian domain / is the book military or civilian?,NA,ordinal,46,44,FALSE,Entirely civilian,1,FALSE,2,Mostly civilian with some military presence,1.7954545454545454,4,Mostly military,NA,NA
China,Vagabonds,11,q11,Is space characterized like another military domain?,NA,nominal,46,44,FALSE,Like the frontier / colonial expansion,NA,FALSE,NA,NA,NA,NA,NA,NA,NA
China,Vagabonds,12,q12,how physically different is space from earth?,NA,ordinal,46,44,FALSE,Very different (human bodies/technology constantly challenged),4,FALSE,4,Very different (human bodies/technology constantly challenged),3.8636363636363638,5,Radically non-Earth-like (physics/environment fundamentally unlike Earth experience),NA,NA
Finland,Tainaron: Mail from Another City,1,q1,is space something to be contested,NA,ordinal,31,31,FALSE,No contestation,1,FALSE,1,No contestation,1.1935483870967742,2,"Low contestation (minor competition, little open conflict)",No contestation,1
Finland,Tainaron: Mail from Another City,2,q2,can you inhabit and hold territory in space,NA,ordinal,31,29,FALSE,"Visiting / Temporary presence only (stations, missions, outposts)",2,FALSE,2,"Visiting / Temporary presence only (stations, missions, outposts)",2.0689655172413794,4,Habitable and governable (permanent settlements can hold territory),"Visiting / Temporary presence only (stations, missions, outposts)",2
Finland,Tainaron: Mail from Another City,3,q3,how long is journey / how  far from earth,NA,ordinal,31,30,FALSE,"Extreme / effectively unreachable (generational, completely separate, or one-way-feeling distance)",5,FALSE,5,"Extreme / effectively unreachable (generational, completely separate, or one-way-feeling distance)",5,5,"Extreme / effectively unreachable (generational, completely separate, or one-way-feeling distance)","Extreme / effectively unreachable (generational, completely separate, or one-way-feeling distance)",5
Finland,Tainaron: Mail from Another City,4,q4,how culturally different is space from earth?,NA,ordinal,31,30,FALSE,Radically different / alien social order,5,FALSE,5,Radically different / alien social order,5,5,Radically different / alien social order,Radically different / alien social order,5
Finland,Tainaron: Mail from Another City,5,q5,do you speak same language on earth vs space ?,NA,ordinal,31,24,FALSE,"Mostly same, with dialect/slang differences",2,FALSE,2,"Mostly same, with dialect/slang differences",1.7916666666666667,4,Distinct space language(s),Same languages as Earth,1
Finland,Tainaron: Mail from Another City,6,q6,is it hostile / hard to survive (bc of natural conditions),NA,ordinal,31,27,FALSE,Manageable but risky,2,FALSE,2,Manageable but risky,1.9259259259259258,3,Harsh and resource-intensive,Harsh and resource-intensive,3
Finland,Tainaron: Mail from Another City,7,q7,how common is it for humans to live in space,NA,ordinal,31,24,FALSE,Exceptionally rare (few astronauts/explorers),1,FALSE,1,Exceptionally rare (few astronauts/explorers),1,1,Exceptionally rare (few astronauts/explorers),Exceptionally rare (few astronauts/explorers),1
Finland,Tainaron: Mail from Another City,8,q8,are there different countries in space? Or just one?,NA,ordinal,31,20,FALSE,Single unified authority,2,FALSE,2,Single unified authority,2,2,Single unified authority,Single unified authority,2
Finland,Tainaron: Mail from Another City,9,q9,genre of the book,NA,nominal,31,30,FALSE,Drama,NA,FALSE,NA,NA,NA,NA,NA,Drama,NA
Finland,Tainaron: Mail from Another City,10,q10,is space a military or civilian domain / is the book military or civilian?,NA,ordinal,31,30,FALSE,Entirely civilian,1,FALSE,1,Entirely civilian,1,1,Entirely civilian,Entirely civilian,1
Finland,Tainaron: Mail from Another City,11,q11,Is space characterized like another military domain?,NA,nominal,31,1,FALSE,Like the frontier / colonial expansion,NA,FALSE,NA,NA,NA,NA,NA,Other / Unsure,NA
Finland,Tainaron: Mail from Another City,12,q12,how physically different is space from earth?,NA,ordinal,31,27,FALSE,Very different (human bodies/technology constantly challenged),4,TRUE,4,Very different (human bodies/technology constantly challenged),4.444444444444445,5,Radically non-Earth-like (physics/environment fundamentally unlike Earth experience),Radically non-Earth-like (physics/environment fundamentally unlike Earth experience),5
Finland,The Causal Angel,1,q1,is space something to be contested,NA,ordinal,25,25,FALSE,High contestation (frequent conflict or strategic struggle),4,FALSE,4,High contestation (frequent conflict or strategic struggle),4.04,5,Total war / constant conflict,Total war / constant conflict,5
Finland,The Causal Angel,2,q2,can you inhabit and hold territory in space,NA,ordinal,25,25,FALSE,Extensive territorial occupation (many settled worlds/regions held like states or empires),5,FALSE,5,Extensive territorial occupation (many settled worlds/regions held like states or empires),5,5,Extensive territorial occupation (many settled worlds/regions held like states or empires),Extensive territorial occupation (many settled worlds/regions held like states or empires),5
Finland,The Causal Angel,3,q3,how long is journey / how  far from earth,NA,ordinal,25,25,FALSE,"Extreme / effectively unreachable (generational, completely separate, or one-way-feeling distance)",5,FALSE,5,"Extreme / effectively unreachable (generational, completely separate, or one-way-feeling distance)",5,5,"Extreme / effectively unreachable (generational, completely separate, or one-way-feeling distance)","Extreme / effectively unreachable (generational, completely separate, or one-way-feeling distance)",5
Finland,The Causal Angel,4,q4,how culturally different is space from earth?,NA,ordinal,25,25,FALSE,Radically different / alien social order,5,FALSE,5,Radically different / alien social order,5,5,Radically different / alien social order,Radically different / alien social order,5
Finland,The Causal Angel,5,q5,do you speak same language on earth vs space ?,NA,ordinal,25,25,FALSE,Translation-mediated communication (universal translator / communication tech makes language difference irrelevant),5,FALSE,5,Translation-mediated communication (universal translator / communication tech makes language difference irrelevant),4.92,5,Translation-mediated communication (universal translator / communication tech makes language difference irrelevant),Translation-mediated communication (universal translator / communication tech makes language difference irrelevant),5
Finland,The Causal Angel,6,q6,is it hostile / hard to survive (bc of natural conditions),NA,ordinal,25,25,FALSE,Manageable but risky,2,FALSE,2,Manageable but risky,2.4,5,Nearly uninhabitable / lethal without major intervention,Nearly uninhabitable / lethal without major intervention,5
Finland,The Causal Angel,7,q7,how common is it for humans to live in space,NA,ordinal,25,25,FALSE,Normalized / widespread (space habitation is ordinary for humanity),5,FALSE,5,Normalized / widespread (space habitation is ordinary for humanity),5,5,Normalized / widespread (space habitation is ordinary for humanity),Normalized / widespread (space habitation is ordinary for humanity),5
Finland,The Causal Angel,8,q8,are there different countries in space? Or just one?,NA,ordinal,25,25,FALSE,"Highly fragmented political landscape (multipolar with many factions, corporations, colonies, microstates)",5,FALSE,5,"Highly fragmented political landscape (multipolar with many factions, corporations, colonies, microstates)",4.68,5,"Highly fragmented political landscape (multipolar with many factions, corporations, colonies, microstates)","Highly fragmented political landscape (multipolar with many factions, corporations, colonies, microstates)",5
Finland,The Causal Angel,9,q9,genre of the book,NA,nominal,25,25,FALSE,Adventure / exploration,NA,FALSE,NA,NA,NA,NA,NA,Adventure / exploration,NA
Finland,The Causal Angel,10,q10,is space a military or civilian domain / is the book military or civilian?,NA,ordinal,25,25,FALSE,Mixed civilian-military domain,3,FALSE,3,Mixed civilian-military domain,2.76,4,Mostly military,Mixed civilian-military domain,3
Finland,The Causal Angel,11,q11,Is space characterized like another military domain?,NA,nominal,25,25,FALSE,Like cyberspace / networked or abstract domain,NA,FALSE,NA,NA,NA,NA,NA,Like cyberspace / networked or abstract domain,NA
Finland,The Causal Angel,12,q12,how physically different is space from earth?,NA,ordinal,25,25,FALSE,Radically non-Earth-like (physics/environment fundamentally unlike Earth experience),5,FALSE,5,Radically non-Earth-like (physics/environment fundamentally unlike Earth experience),4.92,5,Radically non-Earth-like (physics/environment fundamentally unlike Earth experience),Radically non-Earth-like (physics/environment fundamentally unlike Earth experience),5
Finland,The Fractal Prince,1,q1,is space something to be contested,NA,ordinal,32,32,FALSE,High contestation (frequent conflict or strategic struggle),4,FALSE,4,High contestation (frequent conflict or strategic struggle),3.78125,5,Total war / constant conflict,Total war / constant conflict,5
Finland,The Fractal Prince,2,q2,can you inhabit and hold territory in space,NA,ordinal,32,32,FALSE,Extensive territorial occupation (many settled worlds/regions held like states or empires),5,FALSE,5,Extensive territorial occupation (many settled worlds/regions held like states or empires),4.875,5,Extensive territorial occupation (many settled worlds/regions held like states or empires),Extensive territorial occupation (many settled worlds/regions held like states or empires),5
Finland,The Fractal Prince,3,q3,how long is journey / how  far from earth,NA,ordinal,32,23,FALSE,Moderate journey (months/meaningful separation),3,FALSE,3,Moderate journey (months/meaningful separation),3.782608695652174,5,"Extreme / effectively unreachable (generational, completely separate, or one-way-feeling distance)","Extreme / effectively unreachable (generational, completely separate, or one-way-feeling distance)",5
Finland,The Fractal Prince,4,q4,how culturally different is space from earth?,NA,ordinal,32,32,FALSE,Radically different / alien social order,5,FALSE,5,Radically different / alien social order,5,5,Radically different / alien social order,Radically different / alien social order,5
Finland,The Fractal Prince,5,q5,do you speak same language on earth vs space ?,NA,ordinal,32,32,FALSE,Shared lingua franca plus local variation,3,FALSE,3,Shared lingua franca plus local variation,3.125,5,Translation-mediated communication (universal translator / communication tech makes language difference irrelevant),Shared lingua franca plus local variation,3
Finland,The Fractal Prince,6,q6,is it hostile / hard to survive (bc of natural conditions),NA,ordinal,32,32,FALSE,Harsh and resource-intensive,3,FALSE,3,Harsh and resource-intensive,3.46875,5,Nearly uninhabitable / lethal without major intervention,Nearly uninhabitable / lethal without major intervention,5
Finland,The Fractal Prince,7,q7,how common is it for humans to live in space,NA,ordinal,32,32,FALSE,Normalized / widespread (space habitation is ordinary for humanity),5,FALSE,5,Normalized / widespread (space habitation is ordinary for humanity),5,5,Normalized / widespread (space habitation is ordinary for humanity),Normalized / widespread (space habitation is ordinary for humanity),5
Finland,The Fractal Prince,8,q8,are there different countries in space? Or just one?,NA,ordinal,32,32,FALSE,"Highly fragmented political landscape (multipolar with many factions, corporations, colonies, microstates)",5,FALSE,5,"Highly fragmented political landscape (multipolar with many factions, corporations, colonies, microstates)",5,5,"Highly fragmented political landscape (multipolar with many factions, corporations, colonies, microstates)","Highly fragmented political landscape (multipolar with many factions, corporations, colonies, microstates)",5
Finland,The Fractal Prince,9,q9,genre of the book,NA,nominal,32,32,FALSE,Thriller / Horror / Survival,NA,FALSE,NA,NA,NA,NA,NA,Adventure / exploration,NA
Finland,The Fractal Prince,10,q10,is space a military or civilian domain / is the book military or civilian?,NA,ordinal,32,32,FALSE,Mostly civilian with some military presence,2,FALSE,2,Mostly civilian with some military presence,2.46875,5,Entirely military / war-focused,Mixed civilian-military domain,3
Finland,The Fractal Prince,11,q11,Is space characterized like another military domain?,NA,nominal,32,32,FALSE,Like cyberspace / networked or abstract domain,NA,FALSE,NA,NA,NA,NA,NA,Like cyberspace / networked or abstract domain,NA
Finland,The Fractal Prince,12,q12,how physically different is space from earth?,NA,ordinal,32,32,FALSE,Radically non-Earth-like (physics/environment fundamentally unlike Earth experience),5,FALSE,5,Radically non-Earth-like (physics/environment fundamentally unlike Earth experience),4.65625,5,Radically non-Earth-like (physics/environment fundamentally unlike Earth experience),Radically non-Earth-like (physics/environment fundamentally unlike Earth experience),5
Finland,The Quantum Thief,1,q1,is space something to be contested,NA,ordinal,28,28,FALSE,"Low contestation (minor competition, little open conflict)",2,FALSE,3,Moderate contestation (ongoing rivalry/disputes),3,5,Total war / constant conflict,"Low contestation (minor competition, little open conflict)",2
Finland,The Quantum Thief,2,q2,can you inhabit and hold territory in space,NA,ordinal,28,28,FALSE,Habitable and governable (permanent settlements can hold territory),4,FALSE,4,Habitable and governable (permanent settlements can hold territory),4.392857142857143,5,Extensive territorial occupation (many settled worlds/regions held like states or empires),Habitable and governable (permanent settlements can hold territory),4
Finland,The Quantum Thief,3,q3,how long is journey / how  far from earth,NA,ordinal,28,28,FALSE,"Extreme / effectively unreachable (generational, completely separate, or one-way-feeling distance)",5,FALSE,5,"Extreme / effectively unreachable (generational, completely separate, or one-way-feeling distance)",4.714285714285714,5,"Extreme / effectively unreachable (generational, completely separate, or one-way-feeling distance)","Extreme / effectively unreachable (generational, completely separate, or one-way-feeling distance)",5
Finland,The Quantum Thief,4,q4,how culturally different is space from earth?,NA,ordinal,28,28,FALSE,Radically different / alien social order,5,FALSE,5,Radically different / alien social order,5,5,Radically different / alien social order,Radically different / alien social order,5
Finland,The Quantum Thief,5,q5,do you speak same language on earth vs space ?,NA,ordinal,28,28,FALSE,"Mostly same, with dialect/slang differences",2,FALSE,2,"Mostly same, with dialect/slang differences",2,2,"Mostly same, with dialect/slang differences","Mostly same, with dialect/slang differences",2
Finland,The Quantum Thief,6,q6,is it hostile / hard to survive (bc of natural conditions),NA,ordinal,28,28,FALSE,Manageable but risky,2,FALSE,2,Manageable but risky,2.3214285714285716,4,Extremely hostile (constant survival pressure),Manageable but risky,2
Finland,The Quantum Thief,7,q7,how common is it for humans to live in space,NA,ordinal,28,28,FALSE,Normalized / widespread (space habitation is ordinary for humanity),5,FALSE,5,Normalized / widespread (space habitation is ordinary for humanity),5,5,Normalized / widespread (space habitation is ordinary for humanity),Normalized / widespread (space habitation is ordinary for humanity),5
Finland,The Quantum Thief,8,q8,are there different countries in space? Or just one?,NA,ordinal,28,28,FALSE,"Highly fragmented political landscape (multipolar with many factions, corporations, colonies, microstates)",5,FALSE,5,"Highly fragmented political landscape (multipolar with many factions, corporations, colonies, microstates)",4.964285714285714,5,"Highly fragmented political landscape (multipolar with many factions, corporations, colonies, microstates)","Highly fragmented political landscape (multipolar with many factions, corporations, colonies, microstates)",5
Finland,The Quantum Thief,9,q9,genre of the book,NA,nominal,28,28,FALSE,Adventure / exploration,NA,TRUE,NA,NA,NA,NA,NA,Drama,NA
Finland,The Quantum Thief,10,q10,is space a military or civilian domain / is the book military or civilian?,NA,ordinal,28,28,FALSE,Mostly civilian with some military presence,2,FALSE,2,Mostly civilian with some military presence,1.6785714285714286,3,Mixed civilian-military domain,Entirely civilian,1
Finland,The Quantum Thief,11,q11,Is space characterized like another military domain?,NA,nominal,28,28,FALSE,Like cyberspace / networked or abstract domain,NA,FALSE,NA,NA,NA,NA,NA,Like cyberspace / networked or abstract domain,NA
Finland,The Quantum Thief,12,q12,how physically different is space from earth?,NA,ordinal,28,28,FALSE,Very different (human bodies/technology constantly challenged),4,FALSE,4,Very different (human bodies/technology constantly challenged),3.7142857142857144,5,Radically non-Earth-like (physics/environment fundamentally unlike Earth experience),Very different (human bodies/technology constantly challenged),4
France,Around the Moon,1,q1,is space something to be contested,NA,ordinal,24,24,FALSE,No contestation,1,FALSE,1,No contestation,1,1,No contestation,No contestation,1
France,Around the Moon,2,q2,can you inhabit and hold territory in space,NA,ordinal,24,24,FALSE,Cannot inhabit or hold territory,1,TRUE,1,Cannot inhabit or hold territory,1.5,2,"Visiting / Temporary presence only (stations, missions, outposts)","Visiting / Temporary presence only (stations, missions, outposts)",2
France,Around the Moon,3,q3,how long is journey / how  far from earth,NA,ordinal,24,24,FALSE,Short interplanetary journey,2,FALSE,2,Short interplanetary journey,2.0416666666666665,3,Moderate journey (months/meaningful separation),Short interplanetary journey,2
France,Around the Moon,4,q4,how culturally different is space from earth?,NA,ordinal,24,24,FALSE,Basically Earth society in space,1,FALSE,1,Basically Earth society in space,1,1,Basically Earth society in space,Basically Earth society in space,1
France,Around the Moon,5,q5,do you speak same language on earth vs space ?,NA,ordinal,24,24,FALSE,Same languages as Earth,1,FALSE,1,Same languages as Earth,1,1,Same languages as Earth,Same languages as Earth,1
France,Around the Moon,6,q6,is it hostile / hard to survive (bc of natural conditions),NA,ordinal,24,24,FALSE,Harsh and resource-intensive,3,FALSE,3,Harsh and resource-intensive,3.0833333333333335,5,Nearly uninhabitable / lethal without major intervention,Manageable but risky,2
France,Around the Moon,7,q7,how common is it for humans to live in space,NA,ordinal,24,24,FALSE,Exceptionally rare (few astronauts/explorers),1,FALSE,1,Exceptionally rare (few astronauts/explorers),1,1,Exceptionally rare (few astronauts/explorers),Exceptionally rare (few astronauts/explorers),1
France,Around the Moon,8,q8,are there different countries in space? Or just one?,NA,ordinal,24,0,TRUE,Other / Unsure,NA,FALSE,NA,NA,NA,NA,NA,Other / Unsure,NA
France,Around the Moon,9,q9,genre of the book,NA,nominal,24,24,FALSE,Adventure / exploration,NA,FALSE,NA,NA,NA,NA,NA,Adventure / exploration,NA
France,Around the Moon,10,q10,is space a military or civilian domain / is the book military or civilian?,NA,ordinal,24,24,FALSE,Entirely civilian,1,FALSE,1,Entirely civilian,1.2083333333333333,2,Mostly civilian with some military presence,Entirely civilian,1
France,Around the Moon,11,q11,Is space characterized like another military domain?,NA,nominal,24,24,FALSE,Like the frontier / colonial expansion,NA,FALSE,NA,NA,NA,NA,NA,Like the frontier / colonial expansion,NA
France,Around the Moon,12,q12,how physically different is space from earth?,NA,ordinal,24,24,FALSE,Very different (human bodies/technology constantly challenged),4,FALSE,4,Very different (human bodies/technology constantly challenged),4.041666666666667,5,Radically non-Earth-like (physics/environment fundamentally unlike Earth experience),Very different (human bodies/technology constantly challenged),4
France,La Zone du Dehors,1,q1,is space something to be contested,NA,ordinal,22,22,FALSE,High contestation (frequent conflict or strategic struggle),4,FALSE,4,High contestation (frequent conflict or strategic struggle),3.590909090909091,5,Total war / constant conflict,High contestation (frequent conflict or strategic struggle),4
France,La Zone du Dehors,2,q2,can you inhabit and hold territory in space,NA,ordinal,22,22,FALSE,Habitable and governable (permanent settlements can hold territory),4,FALSE,4,Habitable and governable (permanent settlements can hold territory),4,4,Habitable and governable (permanent settlements can hold territory),Habitable and governable (permanent settlements can hold territory),4
France,La Zone du Dehors,3,q3,how long is journey / how  far from earth,NA,ordinal,22,22,FALSE,"Long-distance journey (years, major separation from Earth)",4,FALSE,4,"Long-distance journey (years, major separation from Earth)",4,4,"Long-distance journey (years, major separation from Earth)","Long-distance journey (years, major separation from Earth)",4
France,La Zone du Dehors,4,q4,how culturally different is space from earth?,NA,ordinal,22,22,FALSE,Distinct space culture,4,FALSE,4,Distinct space culture,4.090909090909091,5,Radically different / alien social order,Radically different / alien social order,5
France,La Zone du Dehors,5,q5,do you speak same language on earth vs space ?,NA,ordinal,22,22,FALSE,"Mostly same, with dialect/slang differences",2,FALSE,2,"Mostly same, with dialect/slang differences",2,2,"Mostly same, with dialect/slang differences","Mostly same, with dialect/slang differences",2
France,La Zone du Dehors,6,q6,is it hostile / hard to survive (bc of natural conditions),NA,ordinal,22,22,FALSE,Manageable but risky,2,FALSE,2,Manageable but risky,2.272727272727273,4,Extremely hostile (constant survival pressure),Harsh and resource-intensive,3
France,La Zone du Dehors,7,q7,how common is it for humans to live in space,NA,ordinal,22,22,FALSE,Common (many people live/work there),4,FALSE,4,Common (many people live/work there),4.318181818181818,5,Normalized / widespread (space habitation is ordinary for humanity),Normalized / widespread (space habitation is ordinary for humanity),5
France,La Zone du Dehors,8,q8,are there different countries in space? Or just one?,NA,ordinal,22,22,FALSE,Single unified authority,2,FALSE,2,Single unified authority,2.272727272727273,4,Multiple distinct space polities,Multiple distinct space polities,4
France,La Zone du Dehors,9,q9,genre of the book,NA,nominal,22,22,FALSE,Political / diplomatic,NA,FALSE,NA,NA,NA,NA,NA,Thriller / Horror / Survival,NA
France,La Zone du Dehors,10,q10,is space a military or civilian domain / is the book military or civilian?,NA,ordinal,22,22,FALSE,Entirely civilian,1,FALSE,2,Mostly civilian with some military presence,1.6818181818181819,3,Mixed civilian-military domain,Mostly civilian with some military presence,2
France,La Zone du Dehors,11,q11,Is space characterized like another military domain?,NA,nominal,22,22,FALSE,Like cyberspace / networked or abstract domain,NA,FALSE,NA,NA,NA,NA,NA,Like cyberspace / networked or abstract domain,NA
France,La Zone du Dehors,12,q12,how physically different is space from earth?,NA,ordinal,22,22,FALSE,Somewhat different (manageable environmental differences),2,FALSE,2,Somewhat different (manageable environmental differences),2.6363636363636362,4,Very different (human bodies/technology constantly challenged),Very different (human bodies/technology constantly challenged),4
France,Les Guerriers du Silence,1,q1,is space something to be contested,NA,ordinal,23,23,FALSE,High contestation (frequent conflict or strategic struggle),4,FALSE,4,High contestation (frequent conflict or strategic struggle),4,5,Total war / constant conflict,Moderate contestation (ongoing rivalry/disputes),3
France,Les Guerriers du Silence,2,q2,can you inhabit and hold territory in space,NA,ordinal,23,23,FALSE,Extensive territorial occupation (many settled worlds/regions held like states or empires),5,FALSE,5,Extensive territorial occupation (many settled worlds/regions held like states or empires),5,5,Extensive territorial occupation (many settled worlds/regions held like states or empires),Extensive territorial occupation (many settled worlds/regions held like states or empires),5
France,Les Guerriers du Silence,3,q3,how long is journey / how  far from earth,NA,ordinal,23,23,FALSE,"Extreme / effectively unreachable (generational, completely separate, or one-way-feeling distance)",5,FALSE,5,"Extreme / effectively unreachable (generational, completely separate, or one-way-feeling distance)",5,5,"Extreme / effectively unreachable (generational, completely separate, or one-way-feeling distance)","Extreme / effectively unreachable (generational, completely separate, or one-way-feeling distance)",5
France,Les Guerriers du Silence,4,q4,how culturally different is space from earth?,NA,ordinal,23,23,FALSE,Distinct space culture,4,FALSE,4,Distinct space culture,4.260869565217392,5,Radically different / alien social order,Distinct space culture,4
France,Les Guerriers du Silence,5,q5,do you speak same language on earth vs space ?,NA,ordinal,23,23,FALSE,Shared lingua franca plus local variation,3,FALSE,3,Shared lingua franca plus local variation,3,3,Shared lingua franca plus local variation,Shared lingua franca plus local variation,3
France,Les Guerriers du Silence,6,q6,is it hostile / hard to survive (bc of natural conditions),NA,ordinal,23,23,FALSE,Harsh and resource-intensive,3,FALSE,3,Harsh and resource-intensive,2.782608695652174,4,Extremely hostile (constant survival pressure),Manageable but risky,2
France,Les Guerriers du Silence,7,q7,how common is it for humans to live in space,NA,ordinal,23,23,FALSE,Normalized / widespread (space habitation is ordinary for humanity),5,FALSE,5,Normalized / widespread (space habitation is ordinary for humanity),5,5,Normalized / widespread (space habitation is ordinary for humanity),Normalized / widespread (space habitation is ordinary for humanity),5
France,Les Guerriers du Silence,8,q8,are there different countries in space? Or just one?,NA,ordinal,23,23,FALSE,Multiple distinct space polities,4,FALSE,4,Multiple distinct space polities,3.4782608695652173,5,"Highly fragmented political landscape (multipolar with many factions, corporations, colonies, microstates)",Single unified authority,2
France,Les Guerriers du Silence,9,q9,genre of the book,NA,nominal,23,23,FALSE,Political / diplomatic,NA,TRUE,NA,NA,NA,NA,NA,Adventure / exploration,NA
France,Les Guerriers du Silence,10,q10,is space a military or civilian domain / is the book military or civilian?,NA,ordinal,23,23,FALSE,Mixed civilian-military domain,3,FALSE,3,Mixed civilian-military domain,2.9130434782608696,5,Entirely military / war-focused,Mostly civilian with some military presence,2
France,Les Guerriers du Silence,11,q11,Is space characterized like another military domain?,NA,nominal,23,23,FALSE,Like the frontier / colonial expansion,NA,FALSE,NA,NA,NA,NA,NA,Totally unique domain,NA
France,Les Guerriers du Silence,12,q12,how physically different is space from earth?,NA,ordinal,23,23,FALSE,Somewhat different (manageable environmental differences),2,FALSE,2,Somewhat different (manageable environmental differences),2.217391304347826,4,Very different (human bodies/technology constantly challenged),Somewhat different (manageable environmental differences),2
France,Off on a Comet,1,q1,is space something to be contested,NA,ordinal,43,43,FALSE,No contestation,1,FALSE,1,No contestation,1.255813953488372,3,Moderate contestation (ongoing rivalry/disputes),No contestation,1
France,Off on a Comet,2,q2,can you inhabit and hold territory in space,NA,ordinal,43,39,FALSE,"Limited settlement (small colonies, hard to sustain/control)",3,FALSE,3,"Limited settlement (small colonies, hard to sustain/control)",2.5128205128205128,3,"Limited settlement (small colonies, hard to sustain/control)","Limited settlement (small colonies, hard to sustain/control)",3
France,Off on a Comet,3,q3,how long is journey / how  far from earth,NA,ordinal,43,36,FALSE,"Long-distance journey (years, major separation from Earth)",4,FALSE,4,"Long-distance journey (years, major separation from Earth)",3.388888888888889,5,"Extreme / effectively unreachable (generational, completely separate, or one-way-feeling distance)","Long-distance journey (years, major separation from Earth)",4
France,Off on a Comet,4,q4,how culturally different is space from earth?,NA,ordinal,43,39,FALSE,Basically Earth society in space,1,FALSE,1,Basically Earth society in space,1.2307692307692308,2,Mostly Earth-like with minor adaptations,Basically Earth society in space,1
France,Off on a Comet,5,q5,do you speak same language on earth vs space ?,NA,ordinal,43,43,FALSE,Same languages as Earth,1,FALSE,1,Same languages as Earth,1.186046511627907,3,Shared lingua franca plus local variation,Same languages as Earth,1
France,Off on a Comet,6,q6,is it hostile / hard to survive (bc of natural conditions),NA,ordinal,43,40,FALSE,Harsh and resource-intensive,3,FALSE,3,Harsh and resource-intensive,3.375,5,Nearly uninhabitable / lethal without major intervention,Extremely hostile (constant survival pressure),4
France,Off on a Comet,7,q7,how common is it for humans to live in space,NA,ordinal,43,39,FALSE,Exceptionally rare (few astronauts/explorers),1,FALSE,1,Exceptionally rare (few astronauts/explorers),1.4102564102564104,2,Uncommon (small specialist population),Uncommon (small specialist population),2
France,Off on a Comet,8,q8,are there different countries in space? Or just one?,NA,ordinal,43,39,FALSE,Single unified authority,2,FALSE,2,Single unified authority,1.8461538461538463,3,Earth nation-states extend into space,Single unified authority,2
France,Off on a Comet,9,q9,genre of the book,NA,nominal,43,43,FALSE,Adventure / exploration,NA,FALSE,NA,NA,NA,NA,NA,Adventure / exploration,NA
France,Off on a Comet,10,q10,is space a military or civilian domain / is the book military or civilian?,NA,ordinal,43,43,FALSE,Mostly civilian with some military presence,2,FALSE,2,Mostly civilian with some military presence,1.697674418604651,3,Mixed civilian-military domain,Mostly civilian with some military presence,2
France,Off on a Comet,11,q11,Is space characterized like another military domain?,NA,nominal,43,39,FALSE,Like the frontier / colonial expansion,NA,FALSE,NA,NA,NA,NA,NA,Like the frontier / colonial expansion,NA
France,Off on a Comet,12,q12,how physically different is space from earth?,NA,ordinal,43,40,FALSE,Very different (human bodies/technology constantly challenged),4,FALSE,4,Very different (human bodies/technology constantly challenged),3.75,5,Radically non-Earth-like (physics/environment fundamentally unlike Earth experience),Very different (human bodies/technology constantly challenged),4
France,Planet of the Apes,1,q1,is space something to be contested,NA,ordinal,38,38,FALSE,No contestation,1,FALSE,1,No contestation,1.2105263157894737,4,High contestation (frequent conflict or strategic struggle),No contestation,1
France,Planet of the Apes,2,q2,can you inhabit and hold territory in space,NA,ordinal,38,38,FALSE,"Visiting / Temporary presence only (stations, missions, outposts)",2,FALSE,2,"Visiting / Temporary presence only (stations, missions, outposts)",2.526315789473684,4,Habitable and governable (permanent settlements can hold territory),"Visiting / Temporary presence only (stations, missions, outposts)",2
France,Planet of the Apes,3,q3,how long is journey / how  far from earth,NA,ordinal,38,38,FALSE,"Extreme / effectively unreachable (generational, completely separate, or one-way-feeling distance)",5,FALSE,5,"Extreme / effectively unreachable (generational, completely separate, or one-way-feeling distance)",5,5,"Extreme / effectively unreachable (generational, completely separate, or one-way-feeling distance)","Extreme / effectively unreachable (generational, completely separate, or one-way-feeling distance)",5
France,Planet of the Apes,4,q4,how culturally different is space from earth?,NA,ordinal,38,38,FALSE,Radically different / alien social order,5,FALSE,5,Radically different / alien social order,4.7894736842105265,5,Radically different / alien social order,Radically different / alien social order,5
France,Planet of the Apes,5,q5,do you speak same language on earth vs space ?,NA,ordinal,38,36,FALSE,Distinct space language(s),4,FALSE,4,Distinct space language(s),3.8333333333333335,4,Distinct space language(s),Distinct space language(s),4
France,Planet of the Apes,6,q6,is it hostile / hard to survive (bc of natural conditions),NA,ordinal,38,38,FALSE,Benign / easily survivable,1,FALSE,1,Benign / easily survivable,1.4736842105263157,4,Extremely hostile (constant survival pressure),Benign / easily survivable,1
France,Planet of the Apes,7,q7,how common is it for humans to live in space,NA,ordinal,38,38,FALSE,Exceptionally rare (few astronauts/explorers),1,FALSE,1,Exceptionally rare (few astronauts/explorers),1.131578947368421,5,Normalized / widespread (space habitation is ordinary for humanity),Uncommon (small specialist population),2
France,Planet of the Apes,8,q8,are there different countries in space? Or just one?,NA,ordinal,38,33,FALSE,Single unified authority,2,FALSE,2,Single unified authority,2,2,Single unified authority,Other / Unsure,NA
France,Planet of the Apes,9,q9,genre of the book,NA,nominal,38,38,FALSE,Drama,NA,FALSE,NA,NA,NA,NA,NA,Comedy / satire,NA
France,Planet of the Apes,10,q10,is space a military or civilian domain / is the book military or civilian?,NA,ordinal,38,38,FALSE,Entirely civilian,1,FALSE,1,Entirely civilian,1.0526315789473684,2,Mostly civilian with some military presence,Entirely civilian,1
France,Planet of the Apes,11,q11,Is space characterized like another military domain?,NA,nominal,38,32,FALSE,Like the frontier / colonial expansion,NA,FALSE,NA,NA,NA,NA,NA,Like the ocean / naval,NA
France,Planet of the Apes,12,q12,how physically different is space from earth?,NA,ordinal,38,38,FALSE,Almost Earth-like,1,FALSE,1,Almost Earth-like,1.236842105263158,5,Radically non-Earth-like (physics/environment fundamentally unlike Earth experience),Radically non-Earth-like (physics/environment fundamentally unlike Earth experience),5
France,Voyage To Venus,1,q1,is space something to be contested,NA,ordinal,17,17,FALSE,No contestation,1,FALSE,2,"Low contestation (minor competition, little open conflict)",2.176470588235294,5,Total war / constant conflict,No contestation,1
France,Voyage To Venus,2,q2,can you inhabit and hold territory in space,NA,ordinal,17,17,FALSE,"Visiting / Temporary presence only (stations, missions, outposts)",2,FALSE,2,"Visiting / Temporary presence only (stations, missions, outposts)",2.235294117647059,4,Habitable and governable (permanent settlements can hold territory),Habitable and governable (permanent settlements can hold territory),4
France,Voyage To Venus,3,q3,how long is journey / how  far from earth,NA,ordinal,17,17,FALSE,"Long-distance journey (years, major separation from Earth)",4,FALSE,4,"Long-distance journey (years, major separation from Earth)",3.5294117647058822,4,"Long-distance journey (years, major separation from Earth)","Long-distance journey (years, major separation from Earth)",4
France,Voyage To Venus,4,q4,how culturally different is space from earth?,NA,ordinal,17,17,FALSE,Radically different / alien social order,5,FALSE,5,Radically different / alien social order,5,5,Radically different / alien social order,Radically different / alien social order,5
France,Voyage To Venus,5,q5,do you speak same language on earth vs space ?,NA,ordinal,17,13,FALSE,Distinct space language(s),4,FALSE,4,Distinct space language(s),3.8461538461538463,4,Distinct space language(s),Shared lingua franca plus local variation,3
France,Voyage To Venus,6,q6,is it hostile / hard to survive (bc of natural conditions),NA,ordinal,17,17,FALSE,Manageable but risky,2,FALSE,2,Manageable but risky,2.176470588235294,4,Extremely hostile (constant survival pressure),Benign / easily survivable,1
France,Voyage To Venus,7,q7,how common is it for humans to live in space,NA,ordinal,17,17,FALSE,Exceptionally rare (few astronauts/explorers),1,FALSE,1,Exceptionally rare (few astronauts/explorers),1,1,Exceptionally rare (few astronauts/explorers),Exceptionally rare (few astronauts/explorers),1
France,Voyage To Venus,8,q8,are there different countries in space? Or just one?,NA,ordinal,17,16,FALSE,No political order / ungoverned,1,FALSE,1,No political order / ungoverned,1.1875,2,Single unified authority,Single unified authority,2
France,Voyage To Venus,9,q9,genre of the book,NA,nominal,17,17,FALSE,Adventure / exploration,NA,FALSE,NA,NA,NA,NA,NA,Drama,NA
France,Voyage To Venus,10,q10,is space a military or civilian domain / is the book military or civilian?,NA,ordinal,17,17,FALSE,Entirely civilian,1,FALSE,1,Entirely civilian,1,1,Entirely civilian,Entirely civilian,1
France,Voyage To Venus,11,q11,Is space characterized like another military domain?,NA,nominal,17,14,FALSE,Like the frontier / colonial expansion,NA,FALSE,NA,NA,NA,NA,NA,Totally unique domain,NA
France,Voyage To Venus,12,q12,how physically different is space from earth?,NA,ordinal,17,17,FALSE,Very different (human bodies/technology constantly challenged),4,FALSE,4,Very different (human bodies/technology constantly challenged),4.176470588235294,5,Radically non-Earth-like (physics/environment fundamentally unlike Earth experience),Very different (human bodies/technology constantly challenged),4
Japan,Administrator | A Distant Noon,1,q1,is space something to be contested,Administrator,ordinal,1,1,FALSE,High contestation (frequent conflict or strategic struggle),4,FALSE,4,High contestation (frequent conflict or strategic struggle),4,4,High contestation (frequent conflict or strategic struggle),NA,NA
Japan,Administrator | A Distant Noon,2,q2,can you inhabit and hold territory in space,Administrator,ordinal,1,1,FALSE,"Limited settlement (small colonies, hard to sustain/control)",3,FALSE,3,"Limited settlement (small colonies, hard to sustain/control)",3,3,"Limited settlement (small colonies, hard to sustain/control)",NA,NA
Japan,Administrator | A Distant Noon,3,q3,how long is journey / how  far from earth,Administrator,ordinal,1,1,FALSE,"Long-distance journey (years, major separation from Earth)",4,FALSE,4,"Long-distance journey (years, major separation from Earth)",4,4,"Long-distance journey (years, major separation from Earth)",NA,NA
Japan,Administrator | A Distant Noon,4,q4,how culturally different is space from earth?,Administrator,ordinal,1,1,FALSE,Mixed / hybrid culture,3,FALSE,3,Mixed / hybrid culture,3,3,Mixed / hybrid culture,NA,NA
Japan,Administrator | A Distant Noon,5,q5,do you speak same language on earth vs space ?,Administrator,ordinal,1,1,FALSE,Translation-mediated communication (universal translator / communication tech makes language difference irrelevant),5,FALSE,5,Translation-mediated communication (universal translator / communication tech makes language difference irrelevant),5,5,Translation-mediated communication (universal translator / communication tech makes language difference irrelevant),NA,NA
Japan,Administrator | A Distant Noon,6,q6,is it hostile / hard to survive (bc of natural conditions),Administrator,ordinal,1,1,FALSE,Harsh and resource-intensive,3,FALSE,3,Harsh and resource-intensive,3,3,Harsh and resource-intensive,NA,NA
Japan,Administrator | A Distant Noon,7,q7,how common is it for humans to live in space,Administrator,ordinal,1,1,FALSE,Uncommon (small specialist population),2,FALSE,2,Uncommon (small specialist population),2,2,Uncommon (small specialist population),NA,NA
Japan,Administrator | A Distant Noon,8,q8,are there different countries in space? Or just one?,Administrator,ordinal,1,1,FALSE,Single unified authority,2,FALSE,2,Single unified authority,2,2,Single unified authority,NA,NA
Japan,Administrator | A Distant Noon,9,q9,genre of the book,Administrator,nominal,1,1,FALSE,Drama,NA,FALSE,NA,NA,NA,NA,NA,NA,NA
Japan,Administrator | A Distant Noon,10,q10,is space a military or civilian domain / is the book military or civilian?,Administrator,ordinal,1,1,FALSE,Mostly civilian with some military presence,2,FALSE,2,Mostly civilian with some military presence,2,2,Mostly civilian with some military presence,NA,NA
Japan,Administrator | A Distant Noon,11,q11,Is space characterized like another military domain?,Administrator,nominal,1,1,FALSE,Like the frontier / colonial expansion,NA,FALSE,NA,NA,NA,NA,NA,NA,NA
Japan,Administrator | A Distant Noon,12,q12,how physically different is space from earth?,Administrator,ordinal,1,1,FALSE,Very different (human bodies/technology constantly challenged),4,FALSE,4,Very different (human bodies/technology constantly challenged),4,4,Very different (human bodies/technology constantly challenged),NA,NA
Japan,Administrator | Bound Janus,1,q1,is space something to be contested,Administrator,ordinal,1,1,FALSE,Total war / constant conflict,5,FALSE,5,Total war / constant conflict,5,5,Total war / constant conflict,NA,NA
Japan,Administrator | Bound Janus,2,q2,can you inhabit and hold territory in space,Administrator,ordinal,1,1,FALSE,Habitable and governable (permanent settlements can hold territory),4,FALSE,4,Habitable and governable (permanent settlements can hold territory),4,4,Habitable and governable (permanent settlements can hold territory),NA,NA
Japan,Administrator | Bound Janus,3,q3,how long is journey / how  far from earth,Administrator,ordinal,1,1,FALSE,"Long-distance journey (years, major separation from Earth)",4,FALSE,4,"Long-distance journey (years, major separation from Earth)",4,4,"Long-distance journey (years, major separation from Earth)",NA,NA
Japan,Administrator | Bound Janus,4,q4,how culturally different is space from earth?,Administrator,ordinal,1,1,FALSE,Mixed / hybrid culture,3,FALSE,3,Mixed / hybrid culture,3,3,Mixed / hybrid culture,NA,NA
Japan,Administrator | Bound Janus,5,q5,do you speak same language on earth vs space ?,Administrator,ordinal,1,1,FALSE,Translation-mediated communication (universal translator / communication tech makes language difference irrelevant),5,FALSE,5,Translation-mediated communication (universal translator / communication tech makes language difference irrelevant),5,5,Translation-mediated communication (universal translator / communication tech makes language difference irrelevant),NA,NA
Japan,Administrator | Bound Janus,6,q6,is it hostile / hard to survive (bc of natural conditions),Administrator,ordinal,1,1,FALSE,Manageable but risky,2,FALSE,2,Manageable but risky,2,2,Manageable but risky,NA,NA
Japan,Administrator | Bound Janus,7,q7,how common is it for humans to live in space,Administrator,ordinal,1,1,FALSE,Common (many people live/work there),4,FALSE,4,Common (many people live/work there),4,4,Common (many people live/work there),NA,NA
Japan,Administrator | Bound Janus,8,q8,are there different countries in space? Or just one?,Administrator,ordinal,1,1,FALSE,Single unified authority,2,FALSE,2,Single unified authority,2,2,Single unified authority,NA,NA
Japan,Administrator | Bound Janus,9,q9,genre of the book,Administrator,nominal,1,1,FALSE,Political / diplomatic,NA,FALSE,NA,NA,NA,NA,NA,NA,NA
Japan,Administrator | Bound Janus,10,q10,is space a military or civilian domain / is the book military or civilian?,Administrator,ordinal,1,1,FALSE,Mixed civilian-military domain,3,FALSE,3,Mixed civilian-military domain,3,3,Mixed civilian-military domain,NA,NA
Japan,Administrator | Bound Janus,11,q11,Is space characterized like another military domain?,Administrator,nominal,1,1,FALSE,Like the frontier / colonial expansion,NA,FALSE,NA,NA,NA,NA,NA,NA,NA
Japan,Administrator | Bound Janus,12,q12,how physically different is space from earth?,Administrator,ordinal,1,1,FALSE,Somewhat different (manageable environmental differences),2,FALSE,2,Somewhat different (manageable environmental differences),2,2,Somewhat different (manageable environmental differences),NA,NA
Japan,Administrator | The Flame and the Blossom,1,q1,is space something to be contested,Administrator,ordinal,1,1,FALSE,"Low contestation (minor competition, little open conflict)",2,FALSE,2,"Low contestation (minor competition, little open conflict)",2,2,"Low contestation (minor competition, little open conflict)",NA,NA
Japan,Administrator | The Flame and the Blossom,2,q2,can you inhabit and hold territory in space,Administrator,ordinal,1,1,FALSE,"Limited settlement (small colonies, hard to sustain/control)",3,FALSE,3,"Limited settlement (small colonies, hard to sustain/control)",3,3,"Limited settlement (small colonies, hard to sustain/control)",NA,NA
Japan,Administrator | The Flame and the Blossom,3,q3,how long is journey / how  far from earth,Administrator,ordinal,1,1,FALSE,"Long-distance journey (years, major separation from Earth)",4,FALSE,4,"Long-distance journey (years, major separation from Earth)",4,4,"Long-distance journey (years, major separation from Earth)",NA,NA
Japan,Administrator | The Flame and the Blossom,4,q4,how culturally different is space from earth?,Administrator,ordinal,1,1,FALSE,Mixed / hybrid culture,3,FALSE,3,Mixed / hybrid culture,3,3,Mixed / hybrid culture,NA,NA
Japan,Administrator | The Flame and the Blossom,5,q5,do you speak same language on earth vs space ?,Administrator,ordinal,1,1,FALSE,Translation-mediated communication (universal translator / communication tech makes language difference irrelevant),5,FALSE,5,Translation-mediated communication (universal translator / communication tech makes language difference irrelevant),5,5,Translation-mediated communication (universal translator / communication tech makes language difference irrelevant),NA,NA
Japan,Administrator | The Flame and the Blossom,6,q6,is it hostile / hard to survive (bc of natural conditions),Administrator,ordinal,1,1,FALSE,Manageable but risky,2,FALSE,2,Manageable but risky,2,2,Manageable but risky,NA,NA
Japan,Administrator | The Flame and the Blossom,7,q7,how common is it for humans to live in space,Administrator,ordinal,1,1,FALSE,Uncommon (small specialist population),2,FALSE,2,Uncommon (small specialist population),2,2,Uncommon (small specialist population),NA,NA
Japan,Administrator | The Flame and the Blossom,8,q8,are there different countries in space? Or just one?,Administrator,ordinal,1,1,FALSE,Single unified authority,2,FALSE,2,Single unified authority,2,2,Single unified authority,NA,NA
Japan,Administrator | The Flame and the Blossom,9,q9,genre of the book,Administrator,nominal,1,1,FALSE,Drama,NA,FALSE,NA,NA,NA,NA,NA,NA,NA
Japan,Administrator | The Flame and the Blossom,10,q10,is space a military or civilian domain / is the book military or civilian?,Administrator,ordinal,1,1,FALSE,Mostly civilian with some military presence,2,FALSE,2,Mostly civilian with some military presence,2,2,Mostly civilian with some military presence,NA,NA
Japan,Administrator | The Flame and the Blossom,11,q11,Is space characterized like another military domain?,Administrator,nominal,1,1,FALSE,Like the frontier / colonial expansion,NA,FALSE,NA,NA,NA,NA,NA,NA,NA
Japan,Administrator | The Flame and the Blossom,12,q12,how physically different is space from earth?,Administrator,ordinal,1,1,FALSE,Somewhat different (manageable environmental differences),2,FALSE,2,Somewhat different (manageable environmental differences),2,2,Somewhat different (manageable environmental differences),NA,NA
Japan,Administrator | The Wind in the Ruins,1,q1,is space something to be contested,Administrator,ordinal,1,1,FALSE,"Low contestation (minor competition, little open conflict)",2,FALSE,2,"Low contestation (minor competition, little open conflict)",2,2,"Low contestation (minor competition, little open conflict)",NA,NA
Japan,Administrator | The Wind in the Ruins,2,q2,can you inhabit and hold territory in space,Administrator,ordinal,1,1,FALSE,Habitable and governable (permanent settlements can hold territory),4,FALSE,4,Habitable and governable (permanent settlements can hold territory),4,4,Habitable and governable (permanent settlements can hold territory),NA,NA
Japan,Administrator | The Wind in the Ruins,3,q3,how long is journey / how  far from earth,Administrator,ordinal,1,1,FALSE,"Long-distance journey (years, major separation from Earth)",4,FALSE,4,"Long-distance journey (years, major separation from Earth)",4,4,"Long-distance journey (years, major separation from Earth)",NA,NA
Japan,Administrator | The Wind in the Ruins,4,q4,how culturally different is space from earth?,Administrator,ordinal,1,1,FALSE,Mostly Earth-like with minor adaptations,2,FALSE,2,Mostly Earth-like with minor adaptations,2,2,Mostly Earth-like with minor adaptations,NA,NA
Japan,Administrator | The Wind in the Ruins,5,q5,do you speak same language on earth vs space ?,Administrator,ordinal,1,1,FALSE,Same languages as Earth,1,FALSE,1,Same languages as Earth,1,1,Same languages as Earth,NA,NA
Japan,Administrator | The Wind in the Ruins,6,q6,is it hostile / hard to survive (bc of natural conditions),Administrator,ordinal,1,1,FALSE,Benign / easily survivable,1,FALSE,1,Benign / easily survivable,1,1,Benign / easily survivable,NA,NA
Japan,Administrator | The Wind in the Ruins,7,q7,how common is it for humans to live in space,Administrator,ordinal,1,1,FALSE,Moderately common (noticeable settlements/populations),3,FALSE,3,Moderately common (noticeable settlements/populations),3,3,Moderately common (noticeable settlements/populations),NA,NA
Japan,Administrator | The Wind in the Ruins,8,q8,are there different countries in space? Or just one?,Administrator,ordinal,1,1,FALSE,Single unified authority,2,FALSE,2,Single unified authority,2,2,Single unified authority,NA,NA
Japan,Administrator | The Wind in the Ruins,9,q9,genre of the book,Administrator,nominal,1,1,FALSE,Drama,NA,FALSE,NA,NA,NA,NA,NA,NA,NA
Japan,Administrator | The Wind in the Ruins,10,q10,is space a military or civilian domain / is the book military or civilian?,Administrator,ordinal,1,1,FALSE,Mostly civilian with some military presence,2,FALSE,2,Mostly civilian with some military presence,2,2,Mostly civilian with some military presence,NA,NA
Japan,Administrator | The Wind in the Ruins,11,q11,Is space characterized like another military domain?,Administrator,nominal,1,1,FALSE,Like the frontier / colonial expansion,NA,FALSE,NA,NA,NA,NA,NA,NA,NA
Japan,Administrator | The Wind in the Ruins,12,q12,how physically different is space from earth?,Administrator,ordinal,1,1,FALSE,Almost Earth-like,1,FALSE,1,Almost Earth-like,1,1,Almost Earth-like,NA,NA
Japan,All You Need is Kill,1,q1,is space something to be contested,NA,ordinal,24,24,FALSE,Total war / constant conflict,5,FALSE,4,High contestation (frequent conflict or strategic struggle),4.458333333333333,5,Total war / constant conflict,High contestation (frequent conflict or strategic struggle),4
Japan,All You Need is Kill,2,q2,can you inhabit and hold territory in space,NA,ordinal,24,0,TRUE,Other / Unsure,NA,FALSE,NA,NA,NA,NA,NA,Other / Unsure,NA
Japan,All You Need is Kill,3,q3,how long is journey / how  far from earth,NA,ordinal,24,0,TRUE,Other / Unsure,NA,FALSE,NA,NA,NA,NA,NA,Other / Unsure,NA
Japan,All You Need is Kill,4,q4,how culturally different is space from earth?,NA,ordinal,24,0,TRUE,Other / Unsure,NA,FALSE,NA,NA,NA,NA,NA,Other / Unsure,NA
Japan,All You Need is Kill,5,q5,do you speak same language on earth vs space ?,NA,ordinal,24,24,FALSE,"Mostly same, with dialect/slang differences",2,TRUE,2,"Mostly same, with dialect/slang differences",2,3,Shared lingua franca plus local variation,Shared lingua franca plus local variation,3
Japan,All You Need is Kill,6,q6,is it hostile / hard to survive (bc of natural conditions),NA,ordinal,24,0,TRUE,Other / Unsure,NA,FALSE,NA,NA,NA,NA,NA,Other / Unsure,NA
Japan,All You Need is Kill,7,q7,how common is it for humans to live in space,NA,ordinal,24,0,TRUE,Other / Unsure,NA,FALSE,NA,NA,NA,NA,NA,Other / Unsure,NA
Japan,All You Need is Kill,8,q8,are there different countries in space? Or just one?,NA,ordinal,24,0,TRUE,Other / Unsure,NA,FALSE,NA,NA,NA,NA,NA,Other / Unsure,NA
Japan,All You Need is Kill,9,q9,genre of the book,NA,nominal,24,24,FALSE,Military / war,NA,FALSE,NA,NA,NA,NA,NA,Drama,NA
Japan,All You Need is Kill,10,q10,is space a military or civilian domain / is the book military or civilian?,NA,ordinal,24,24,FALSE,Entirely military / war-focused,5,FALSE,5,Entirely military / war-focused,4.5,5,Entirely military / war-focused,Entirely military / war-focused,5
Japan,All You Need is Kill,11,q11,Is space characterized like another military domain?,NA,nominal,24,0,TRUE,Other / Unsure,6,FALSE,NA,NA,NA,NA,NA,Other / Unsure,NA
Japan,All You Need is Kill,12,q12,how physically different is space from earth?,NA,ordinal,24,0,TRUE,Other / Unsure,NA,FALSE,NA,NA,NA,NA,NA,Other / Unsure,NA
Japan,"Good Luck, Yukikaze",1,q1,is space something to be contested,NA,ordinal,40,40,FALSE,High contestation (frequent conflict or strategic struggle),4,FALSE,4,High contestation (frequent conflict or strategic struggle),4.3,5,Total war / constant conflict,Total war / constant conflict,5
Japan,"Good Luck, Yukikaze",2,q2,can you inhabit and hold territory in space,NA,ordinal,40,40,FALSE,Habitable and governable (permanent settlements can hold territory),4,FALSE,4,Habitable and governable (permanent settlements can hold territory),4,4,Habitable and governable (permanent settlements can hold territory),Habitable and governable (permanent settlements can hold territory),4
Japan,"Good Luck, Yukikaze",3,q3,how long is journey / how  far from earth,NA,ordinal,40,40,FALSE,"Long-distance journey (years, major separation from Earth)",4,FALSE,4,"Long-distance journey (years, major separation from Earth)",4,4,"Long-distance journey (years, major separation from Earth)","Long-distance journey (years, major separation from Earth)",4
Japan,"Good Luck, Yukikaze",4,q4,how culturally different is space from earth?,NA,ordinal,40,40,FALSE,Distinct space culture,4,FALSE,4,Distinct space culture,4,4,Distinct space culture,Distinct space culture,4
Japan,"Good Luck, Yukikaze",5,q5,do you speak same language on earth vs space ?,NA,ordinal,40,40,FALSE,Shared lingua franca plus local variation,3,FALSE,3,Shared lingua franca plus local variation,3,3,Shared lingua franca plus local variation,Shared lingua franca plus local variation,3
Japan,"Good Luck, Yukikaze",6,q6,is it hostile / hard to survive (bc of natural conditions),NA,ordinal,40,40,FALSE,Harsh and resource-intensive,3,FALSE,3,Harsh and resource-intensive,3.05,4,Extremely hostile (constant survival pressure),Harsh and resource-intensive,3
Japan,"Good Luck, Yukikaze",7,q7,how common is it for humans to live in space,NA,ordinal,40,40,FALSE,Common (many people live/work there),4,FALSE,4,Common (many people live/work there),4,4,Common (many people live/work there),Common (many people live/work there),4
Japan,"Good Luck, Yukikaze",8,q8,are there different countries in space? Or just one?,NA,ordinal,40,40,FALSE,Single unified authority,2,FALSE,2,Single unified authority,2,2,Single unified authority,Single unified authority,2
Japan,"Good Luck, Yukikaze",9,q9,genre of the book,NA,nominal,40,40,FALSE,Drama,NA,FALSE,NA,NA,NA,NA,NA,Thriller / Horror / Survival,NA
Japan,"Good Luck, Yukikaze",10,q10,is space a military or civilian domain / is the book military or civilian?,NA,ordinal,40,40,FALSE,Entirely military / war-focused,5,FALSE,5,Entirely military / war-focused,4.925,5,Entirely military / war-focused,Entirely military / war-focused,5
Japan,"Good Luck, Yukikaze",11,q11,Is space characterized like another military domain?,NA,nominal,40,40,FALSE,Like the air / airpower,NA,FALSE,NA,NA,NA,NA,NA,Like the air / airpower,NA
Japan,"Good Luck, Yukikaze",12,q12,how physically different is space from earth?,NA,ordinal,40,40,FALSE,Moderately different (regular adaptation needed),3,FALSE,3,Moderately different (regular adaptation needed),3.05,4,Very different (human bodies/technology constantly challenged),Moderately different (regular adaptation needed),3
Japan,Orbital Cloud,1,q1,is space something to be contested,NA,ordinal,17,17,FALSE,High contestation (frequent conflict or strategic struggle),4,FALSE,4,High contestation (frequent conflict or strategic struggle),3.588235294117647,5,Total war / constant conflict,Total war / constant conflict,5
Japan,Orbital Cloud,2,q2,can you inhabit and hold territory in space,NA,ordinal,17,16,FALSE,"Visiting / Temporary presence only (stations, missions, outposts)",2,FALSE,2,"Visiting / Temporary presence only (stations, missions, outposts)",2,2,"Visiting / Temporary presence only (stations, missions, outposts)","Visiting / Temporary presence only (stations, missions, outposts)",2
Japan,Orbital Cloud,3,q3,how long is journey / how  far from earth,NA,ordinal,17,16,FALSE,Near-Earth / very short journey,1,FALSE,1,Near-Earth / very short journey,1,1,Near-Earth / very short journey,Near-Earth / very short journey,1
Japan,Orbital Cloud,4,q4,how culturally different is space from earth?,NA,ordinal,17,16,FALSE,Basically Earth society in space,1,FALSE,1,Basically Earth society in space,1,1,Basically Earth society in space,Basically Earth society in space,1
Japan,Orbital Cloud,5,q5,do you speak same language on earth vs space ?,NA,ordinal,17,17,FALSE,Shared lingua franca plus local variation,3,FALSE,3,Shared lingua franca plus local variation,2.411764705882353,3,Shared lingua franca plus local variation,Shared lingua franca plus local variation,3
Japan,Orbital Cloud,6,q6,is it hostile / hard to survive (bc of natural conditions),NA,ordinal,17,10,FALSE,Harsh and resource-intensive,3,FALSE,3,Harsh and resource-intensive,2.9,5,Nearly uninhabitable / lethal without major intervention,Nearly uninhabitable / lethal without major intervention,5
Japan,Orbital Cloud,7,q7,how common is it for humans to live in space,NA,ordinal,17,16,FALSE,Exceptionally rare (few astronauts/explorers),1,FALSE,1,Exceptionally rare (few astronauts/explorers),1.0625,2,Uncommon (small specialist population),Exceptionally rare (few astronauts/explorers),1
Japan,Orbital Cloud,8,q8,are there different countries in space? Or just one?,NA,ordinal,17,16,FALSE,Earth nation-states extend into space,3,FALSE,3,Earth nation-states extend into space,3,3,Earth nation-states extend into space,Earth nation-states extend into space,3
Japan,Orbital Cloud,9,q9,genre of the book,NA,nominal,17,17,FALSE,Thriller / Horror / Survival,NA,FALSE,NA,NA,NA,NA,NA,Thriller / Horror / Survival,NA
Japan,Orbital Cloud,10,q10,is space a military or civilian domain / is the book military or civilian?,NA,ordinal,17,17,FALSE,Mixed civilian-military domain,3,FALSE,3,Mixed civilian-military domain,2.823529411764706,4,Mostly military,Mixed civilian-military domain,3
Japan,Orbital Cloud,11,q11,Is space characterized like another military domain?,NA,nominal,17,16,FALSE,Like cyberspace / networked or abstract domain,NA,FALSE,NA,NA,NA,NA,NA,Like cyberspace / networked or abstract domain,NA
Japan,Orbital Cloud,12,q12,how physically different is space from earth?,NA,ordinal,17,10,FALSE,Moderately different (regular adaptation needed),3,FALSE,3,Moderately different (regular adaptation needed),3,4,Very different (human bodies/technology constantly challenged),Very different (human bodies/technology constantly challenged),4
Japan,Rocket Girls,1,q1,is space something to be contested,NA,ordinal,9,9,FALSE,No contestation,1,FALSE,2,"Low contestation (minor competition, little open conflict)",2,4,High contestation (frequent conflict or strategic struggle),High contestation (frequent conflict or strategic struggle),4
Japan,Rocket Girls,2,q2,can you inhabit and hold territory in space,NA,ordinal,9,3,FALSE,"Visiting / Temporary presence only (stations, missions, outposts)",2,FALSE,2,"Visiting / Temporary presence only (stations, missions, outposts)",2,2,"Visiting / Temporary presence only (stations, missions, outposts)","Visiting / Temporary presence only (stations, missions, outposts)",2
Japan,Rocket Girls,3,q3,how long is journey / how  far from earth,NA,ordinal,9,9,FALSE,Near-Earth / very short journey,1,FALSE,1,Near-Earth / very short journey,1,1,Near-Earth / very short journey,Near-Earth / very short journey,1
Japan,Rocket Girls,4,q4,how culturally different is space from earth?,NA,ordinal,9,3,FALSE,Basically Earth society in space,1,FALSE,1,Basically Earth society in space,1,1,Basically Earth society in space,Basically Earth society in space,1
Japan,Rocket Girls,5,q5,do you speak same language on earth vs space ?,NA,ordinal,9,9,FALSE,Same languages as Earth,1,FALSE,1,Same languages as Earth,1.4444444444444444,3,Shared lingua franca plus local variation,Shared lingua franca plus local variation,3
Japan,Rocket Girls,6,q6,is it hostile / hard to survive (bc of natural conditions),NA,ordinal,9,3,FALSE,Harsh and resource-intensive,3,FALSE,3,Harsh and resource-intensive,3,3,Harsh and resource-intensive,Harsh and resource-intensive,3
Japan,Rocket Girls,7,q7,how common is it for humans to live in space,NA,ordinal,9,3,FALSE,Exceptionally rare (few astronauts/explorers),1,FALSE,1,Exceptionally rare (few astronauts/explorers),1,1,Exceptionally rare (few astronauts/explorers),Exceptionally rare (few astronauts/explorers),1
Japan,Rocket Girls,8,q8,are there different countries in space? Or just one?,NA,ordinal,9,7,FALSE,Earth nation-states extend into space,3,FALSE,3,Earth nation-states extend into space,3,3,Earth nation-states extend into space,Earth nation-states extend into space,3
Japan,Rocket Girls,9,q9,genre of the book,NA,nominal,9,9,FALSE,Comedy / satire,NA,FALSE,NA,NA,NA,NA,NA,Thriller / Horror / Survival,NA
Japan,Rocket Girls,10,q10,is space a military or civilian domain / is the book military or civilian?,NA,ordinal,9,9,FALSE,Entirely civilian,1,FALSE,1,Entirely civilian,1.3333333333333333,2,Mostly civilian with some military presence,Mostly civilian with some military presence,2
Japan,Rocket Girls,11,q11,Is space characterized like another military domain?,NA,nominal,9,3,FALSE,Like the ocean / naval,NA,FALSE,NA,NA,NA,NA,NA,Like the ocean / naval,NA
Japan,Rocket Girls,12,q12,how physically different is space from earth?,NA,ordinal,9,3,FALSE,Very different (human bodies/technology constantly challenged),4,FALSE,4,Very different (human bodies/technology constantly challenged),4,4,Very different (human bodies/technology constantly challenged),Very different (human bodies/technology constantly challenged),4
Japan,Ten Billion Days and One Hundred Billion Nights,1,q1,is space something to be contested,NA,ordinal,9,9,FALSE,High contestation (frequent conflict or strategic struggle),4,FALSE,4,High contestation (frequent conflict or strategic struggle),3.2222222222222223,5,Total war / constant conflict,High contestation (frequent conflict or strategic struggle),4
Japan,Ten Billion Days and One Hundred Billion Nights,2,q2,can you inhabit and hold territory in space,NA,ordinal,9,4,FALSE,Habitable and governable (permanent settlements can hold territory),4,FALSE,4,Habitable and governable (permanent settlements can hold territory),3.75,4,Habitable and governable (permanent settlements can hold territory),"Limited settlement (small colonies, hard to sustain/control)",3
Japan,Ten Billion Days and One Hundred Billion Nights,3,q3,how long is journey / how  far from earth,NA,ordinal,9,6,FALSE,"Extreme / effectively unreachable (generational, completely separate, or one-way-feeling distance)",5,FALSE,5,"Extreme / effectively unreachable (generational, completely separate, or one-way-feeling distance)",5,5,"Extreme / effectively unreachable (generational, completely separate, or one-way-feeling distance)","Extreme / effectively unreachable (generational, completely separate, or one-way-feeling distance)",5
Japan,Ten Billion Days and One Hundred Billion Nights,4,q4,how culturally different is space from earth?,NA,ordinal,9,6,FALSE,Radically different / alien social order,5,FALSE,5,Radically different / alien social order,4.166666666666667,5,Radically different / alien social order,Radically different / alien social order,5
Japan,Ten Billion Days and One Hundred Billion Nights,5,q5,do you speak same language on earth vs space ?,NA,ordinal,9,6,FALSE,Translation-mediated communication (universal translator / communication tech makes language difference irrelevant),5,FALSE,5,Translation-mediated communication (universal translator / communication tech makes language difference irrelevant),3.6666666666666665,5,Translation-mediated communication (universal translator / communication tech makes language difference irrelevant),Translation-mediated communication (universal translator / communication tech makes language difference irrelevant),5
Japan,Ten Billion Days and One Hundred Billion Nights,6,q6,is it hostile / hard to survive (bc of natural conditions),NA,ordinal,9,5,FALSE,Extremely hostile (constant survival pressure),4,TRUE,4,Extremely hostile (constant survival pressure),4.2,5,Nearly uninhabitable / lethal without major intervention,Nearly uninhabitable / lethal without major intervention,5
Japan,Ten Billion Days and One Hundred Billion Nights,7,q7,how common is it for humans to live in space,NA,ordinal,9,5,FALSE,Exceptionally rare (few astronauts/explorers),1,FALSE,1,Exceptionally rare (few astronauts/explorers),1.4,2,Uncommon (small specialist population),Exceptionally rare (few astronauts/explorers),1
Japan,Ten Billion Days and One Hundred Billion Nights,8,q8,are there different countries in space? Or just one?,NA,ordinal,9,6,FALSE,Single unified authority,2,FALSE,2,Single unified authority,2.5,4,Multiple distinct space polities,Single unified authority,2
Japan,Ten Billion Days and One Hundred Billion Nights,9,q9,genre of the book,NA,nominal,9,7,FALSE,Adventure / exploration,NA,TRUE,NA,NA,NA,NA,NA,Adventure / exploration,NA
Japan,Ten Billion Days and One Hundred Billion Nights,10,q10,is space a military or civilian domain / is the book military or civilian?,NA,ordinal,9,4,FALSE,Mostly military,4,FALSE,3,Mixed civilian-military domain,3.25,4,Mostly military,Other / Unsure,NA
Japan,Ten Billion Days and One Hundred Billion Nights,11,q11,Is space characterized like another military domain?,NA,nominal,9,5,FALSE,Totally unique domain,NA,FALSE,NA,NA,NA,NA,NA,Totally unique domain,NA
Japan,Ten Billion Days and One Hundred Billion Nights,12,q12,how physically different is space from earth?,NA,ordinal,9,5,FALSE,Radically non-Earth-like (physics/environment fundamentally unlike Earth experience),5,FALSE,5,Radically non-Earth-like (physics/environment fundamentally unlike Earth experience),5,5,Radically non-Earth-like (physics/environment fundamentally unlike Earth experience),Radically non-Earth-like (physics/environment fundamentally unlike Earth experience),5
Japan,The Lord of the Sands of Time,1,q1,is space something to be contested,NA,ordinal,10,10,FALSE,Total war / constant conflict,5,FALSE,4,High contestation (frequent conflict or strategic struggle),4.2,5,Total war / constant conflict,No contestation,1
Japan,The Lord of the Sands of Time,2,q2,can you inhabit and hold territory in space,NA,ordinal,10,5,FALSE,Habitable and governable (permanent settlements can hold territory),4,FALSE,4,Habitable and governable (permanent settlements can hold territory),3.6,4,Habitable and governable (permanent settlements can hold territory),Habitable and governable (permanent settlements can hold territory),4
Japan,The Lord of the Sands of Time,3,q3,how long is journey / how  far from earth,NA,ordinal,10,4,FALSE,Moderate journey (months/meaningful separation),3,TRUE,3,Moderate journey (months/meaningful separation),3,5,"Extreme / effectively unreachable (generational, completely separate, or one-way-feeling distance)",Other / Unsure,NA
Japan,The Lord of the Sands of Time,4,q4,how culturally different is space from earth?,NA,ordinal,10,3,FALSE,Basically Earth society in space,1,FALSE,1,Basically Earth society in space,2,4,Distinct space culture,Basically Earth society in space,1
Japan,The Lord of the Sands of Time,5,q5,do you speak same language on earth vs space ?,NA,ordinal,10,10,FALSE,Same languages as Earth,1,FALSE,1,Same languages as Earth,1,1,Same languages as Earth,Same languages as Earth,1
Japan,The Lord of the Sands of Time,6,q6,is it hostile / hard to survive (bc of natural conditions),NA,ordinal,10,2,FALSE,Harsh and resource-intensive,3,FALSE,3,Harsh and resource-intensive,3,3,Harsh and resource-intensive,Other / Unsure,NA
Japan,The Lord of the Sands of Time,7,q7,how common is it for humans to live in space,NA,ordinal,10,2,FALSE,Moderately common (noticeable settlements/populations),3,TRUE,3,Moderately common (noticeable settlements/populations),3.5,4,Common (many people live/work there),Other / Unsure,NA
Japan,The Lord of the Sands of Time,8,q8,are there different countries in space? Or just one?,NA,ordinal,10,4,FALSE,Single unified authority,2,TRUE,2,Single unified authority,2.5,3,Earth nation-states extend into space,Single unified authority,2
Japan,The Lord of the Sands of Time,9,q9,genre of the book,NA,nominal,10,10,FALSE,Military / war,NA,FALSE,NA,NA,NA,NA,NA,Drama,NA
Japan,The Lord of the Sands of Time,10,q10,is space a military or civilian domain / is the book military or civilian?,NA,ordinal,10,10,FALSE,Mostly military,4,FALSE,3,Mixed civilian-military domain,3.4,4,Mostly military,Mostly civilian with some military presence,2
Japan,The Lord of the Sands of Time,11,q11,Is space characterized like another military domain?,NA,nominal,10,4,FALSE,Like the ocean / naval,NA,FALSE,NA,NA,NA,NA,NA,Like the ocean / naval,NA
Japan,The Lord of the Sands of Time,12,q12,how physically different is space from earth?,NA,ordinal,10,2,FALSE,Very different (human bodies/technology constantly challenged),4,FALSE,4,Very different (human bodies/technology constantly challenged),4,4,Very different (human bodies/technology constantly challenged),Other / Unsure,NA
Japan,The Next Continent,1,q1,is space something to be contested,NA,ordinal,9,9,FALSE,"Low contestation (minor competition, little open conflict)",2,TRUE,2,"Low contestation (minor competition, little open conflict)",2,3,Moderate contestation (ongoing rivalry/disputes),No contestation,1
Japan,The Next Continent,2,q2,can you inhabit and hold territory in space,NA,ordinal,9,7,FALSE,"Visiting / Temporary presence only (stations, missions, outposts)",2,FALSE,2,"Visiting / Temporary presence only (stations, missions, outposts)",2.857142857142857,4,Habitable and governable (permanent settlements can hold territory),Habitable and governable (permanent settlements can hold territory),4
Japan,The Next Continent,3,q3,how long is journey / how  far from earth,NA,ordinal,9,7,FALSE,Near-Earth / very short journey,1,FALSE,1,Near-Earth / very short journey,1,1,Near-Earth / very short journey,Near-Earth / very short journey,1
Japan,The Next Continent,4,q4,how culturally different is space from earth?,NA,ordinal,9,3,FALSE,Basically Earth society in space,1,FALSE,1,Basically Earth society in space,1,1,Basically Earth society in space,Basically Earth society in space,1
Japan,The Next Continent,5,q5,do you speak same language on earth vs space ?,NA,ordinal,9,9,FALSE,Same languages as Earth,1,FALSE,1,Same languages as Earth,1,1,Same languages as Earth,Same languages as Earth,1
Japan,The Next Continent,6,q6,is it hostile / hard to survive (bc of natural conditions),NA,ordinal,9,7,FALSE,Harsh and resource-intensive,3,FALSE,3,Harsh and resource-intensive,3,4,Extremely hostile (constant survival pressure),Manageable but risky,2
Japan,The Next Continent,7,q7,how common is it for humans to live in space,NA,ordinal,9,7,FALSE,Exceptionally rare (few astronauts/explorers),1,FALSE,1,Exceptionally rare (few astronauts/explorers),1.4285714285714286,2,Uncommon (small specialist population),Uncommon (small specialist population),2
Japan,The Next Continent,8,q8,are there different countries in space? Or just one?,NA,ordinal,9,7,FALSE,Earth nation-states extend into space,3,FALSE,3,Earth nation-states extend into space,3,3,Earth nation-states extend into space,Earth nation-states extend into space,3
Japan,The Next Continent,9,q9,genre of the book,NA,nominal,9,9,FALSE,Drama,NA,FALSE,NA,NA,NA,NA,NA,Drama,NA
Japan,The Next Continent,10,q10,is space a military or civilian domain / is the book military or civilian?,NA,ordinal,9,9,FALSE,Entirely civilian,1,FALSE,1,Entirely civilian,1,1,Entirely civilian,Entirely civilian,1
Japan,The Next Continent,11,q11,Is space characterized like another military domain?,NA,nominal,9,7,FALSE,Like the frontier / colonial expansion,NA,FALSE,NA,NA,NA,NA,NA,Like the frontier / colonial expansion,NA
Japan,The Next Continent,12,q12,how physically different is space from earth?,NA,ordinal,9,7,FALSE,Very different (human bodies/technology constantly challenged),4,FALSE,4,Very different (human bodies/technology constantly challenged),3.2857142857142856,4,Very different (human bodies/technology constantly challenged),Moderately different (regular adaptation needed),3
Japan,Usurper of the Sun,1,q1,is space something to be contested,NA,ordinal,43,43,FALSE,Total war / constant conflict,5,FALSE,3,Moderate contestation (ongoing rivalry/disputes),3.1627906976744184,5,Total war / constant conflict,No contestation,1
Japan,Usurper of the Sun,2,q2,can you inhabit and hold territory in space,NA,ordinal,43,30,FALSE,Cannot inhabit or hold territory,1,FALSE,1,Cannot inhabit or hold territory,1.5,5,Extensive territorial occupation (many settled worlds/regions held like states or empires),Other / Unsure,NA
Japan,Usurper of the Sun,3,q3,how long is journey / how  far from earth,NA,ordinal,43,29,FALSE,Short interplanetary journey,2,FALSE,3,Moderate journey (months/meaningful separation),2.689655172413793,5,"Extreme / effectively unreachable (generational, completely separate, or one-way-feeling distance)",Other / Unsure,NA
Japan,Usurper of the Sun,4,q4,how culturally different is space from earth?,NA,ordinal,43,11,FALSE,Radically different / alien social order,5,FALSE,5,Radically different / alien social order,5,5,Radically different / alien social order,Other / Unsure,NA
Japan,Usurper of the Sun,5,q5,do you speak same language on earth vs space ?,NA,ordinal,43,33,FALSE,Same languages as Earth,1,FALSE,1,Same languages as Earth,1.121212121212121,5,Translation-mediated communication (universal translator / communication tech makes language difference irrelevant),Same languages as Earth,1
Japan,Usurper of the Sun,6,q6,is it hostile / hard to survive (bc of natural conditions),NA,ordinal,43,26,FALSE,Nearly uninhabitable / lethal without major intervention,5,FALSE,5,Nearly uninhabitable / lethal without major intervention,4.576923076923077,5,Nearly uninhabitable / lethal without major intervention,Other / Unsure,NA
Japan,Usurper of the Sun,7,q7,how common is it for humans to live in space,NA,ordinal,43,29,FALSE,Uncommon (small specialist population),2,FALSE,2,Uncommon (small specialist population),1.7586206896551724,5,Normalized / widespread (space habitation is ordinary for humanity),Other / Unsure,NA
Japan,Usurper of the Sun,8,q8,are there different countries in space? Or just one?,NA,ordinal,43,34,FALSE,Single unified authority,2,FALSE,2,Single unified authority,2,2,Single unified authority,Other / Unsure,NA
Japan,Usurper of the Sun,9,q9,genre of the book,NA,nominal,43,43,FALSE,Adventure / exploration,NA,FALSE,NA,NA,NA,NA,NA,Drama,NA
Japan,Usurper of the Sun,10,q10,is space a military or civilian domain / is the book military or civilian?,NA,ordinal,43,43,FALSE,Mostly military,4,FALSE,3,Mixed civilian-military domain,2.953488372093023,4,Mostly military,Entirely civilian,1
Japan,Usurper of the Sun,11,q11,Is space characterized like another military domain?,NA,nominal,43,28,FALSE,Like the ocean / naval,NA,FALSE,NA,NA,NA,NA,NA,Other / Unsure,NA
Japan,Usurper of the Sun,12,q12,how physically different is space from earth?,NA,ordinal,43,27,FALSE,Radically non-Earth-like (physics/environment fundamentally unlike Earth experience),5,FALSE,5,Radically non-Earth-like (physics/environment fundamentally unlike Earth experience),4.555555555555555,5,Radically non-Earth-like (physics/environment fundamentally unlike Earth experience),Other / Unsure,NA
Russia,Aelita,1,q1,is space something to be contested,NA,ordinal,38,38,FALSE,No contestation,1,FALSE,1,No contestation,2.1578947368421053,5,Total war / constant conflict,NA,NA
Russia,Aelita,2,q2,can you inhabit and hold territory in space,NA,ordinal,38,32,FALSE,"Visiting / Temporary presence only (stations, missions, outposts)",2,FALSE,2,"Visiting / Temporary presence only (stations, missions, outposts)",1.75,2,"Visiting / Temporary presence only (stations, missions, outposts)",NA,NA
Russia,Aelita,3,q3,how long is journey / how  far from earth,NA,ordinal,38,32,FALSE,Short interplanetary journey,2,FALSE,2,Short interplanetary journey,2,2,Short interplanetary journey,NA,NA
Russia,Aelita,4,q4,how culturally different is space from earth?,NA,ordinal,38,25,FALSE,Radically different / alien social order,5,FALSE,5,Radically different / alien social order,5,5,Radically different / alien social order,NA,NA
Russia,Aelita,5,q5,do you speak same language on earth vs space ?,NA,ordinal,38,31,FALSE,Distinct space language(s),4,FALSE,4,Distinct space language(s),2.5483870967741935,4,Distinct space language(s),NA,NA
Russia,Aelita,6,q6,is it hostile / hard to survive (bc of natural conditions),NA,ordinal,38,32,FALSE,Manageable but risky,2,FALSE,3,Harsh and resource-intensive,3.0625,5,Nearly uninhabitable / lethal without major intervention,NA,NA
Russia,Aelita,7,q7,how common is it for humans to live in space,NA,ordinal,38,32,FALSE,Exceptionally rare (few astronauts/explorers),1,FALSE,1,Exceptionally rare (few astronauts/explorers),1,1,Exceptionally rare (few astronauts/explorers),NA,NA
Russia,Aelita,8,q8,are there different countries in space? Or just one?,NA,ordinal,38,24,FALSE,Single unified authority,2,FALSE,2,Single unified authority,1.9166666666666667,2,Single unified authority,NA,NA
Russia,Aelita,9,q9,genre of the book,NA,nominal,38,38,FALSE,Adventure / exploration,NA,FALSE,NA,NA,NA,NA,NA,NA,NA
Russia,Aelita,10,q10,is space a military or civilian domain / is the book military or civilian?,NA,ordinal,38,38,FALSE,Entirely civilian,1,FALSE,1,Entirely civilian,1.5789473684210527,4,Mostly military,NA,NA
Russia,Aelita,11,q11,Is space characterized like another military domain?,NA,nominal,38,12,FALSE,Like the frontier / colonial expansion,NA,FALSE,NA,NA,NA,NA,NA,NA,NA
Russia,Aelita,12,q12,how physically different is space from earth?,NA,ordinal,38,32,FALSE,Moderately different (regular adaptation needed),3,FALSE,3,Moderately different (regular adaptation needed),3.4375,5,Radically non-Earth-like (physics/environment fundamentally unlike Earth experience),NA,NA
Russia,Hard to Be a God,1,q1,is space something to be contested,NA,ordinal,11,11,FALSE,No contestation,1,FALSE,1,No contestation,1,1,No contestation,No contestation,1
Russia,Hard to Be a God,2,q2,can you inhabit and hold territory in space,NA,ordinal,11,10,FALSE,"Visiting / Temporary presence only (stations, missions, outposts)",2,FALSE,2,"Visiting / Temporary presence only (stations, missions, outposts)",2,2,"Visiting / Temporary presence only (stations, missions, outposts)","Visiting / Temporary presence only (stations, missions, outposts)",2
Russia,Hard to Be a God,3,q3,how long is journey / how  far from earth,NA,ordinal,11,10,FALSE,"Long-distance journey (years, major separation from Earth)",4,FALSE,4,"Long-distance journey (years, major separation from Earth)",4,4,"Long-distance journey (years, major separation from Earth)","Long-distance journey (years, major separation from Earth)",4
Russia,Hard to Be a God,4,q4,how culturally different is space from earth?,NA,ordinal,11,11,FALSE,Radically different / alien social order,5,FALSE,5,Radically different / alien social order,4.636363636363637,5,Radically different / alien social order,Radically different / alien social order,5
Russia,Hard to Be a God,5,q5,do you speak same language on earth vs space ?,NA,ordinal,11,11,FALSE,Distinct space language(s),4,FALSE,4,Distinct space language(s),3.6363636363636362,4,Distinct space language(s),Shared lingua franca plus local variation,3
Russia,Hard to Be a God,6,q6,is it hostile / hard to survive (bc of natural conditions),NA,ordinal,11,10,FALSE,Benign / easily survivable,1,FALSE,1,Benign / easily survivable,1,1,Benign / easily survivable,Benign / easily survivable,1
Russia,Hard to Be a God,7,q7,how common is it for humans to live in space,NA,ordinal,11,10,FALSE,Exceptionally rare (few astronauts/explorers),1,FALSE,1,Exceptionally rare (few astronauts/explorers),1,1,Exceptionally rare (few astronauts/explorers),Exceptionally rare (few astronauts/explorers),1
Russia,Hard to Be a God,8,q8,are there different countries in space? Or just one?,NA,ordinal,11,10,FALSE,Multiple distinct space polities,4,FALSE,4,Multiple distinct space polities,4,4,Multiple distinct space polities,Multiple distinct space polities,4
Russia,Hard to Be a God,9,q9,genre of the book,NA,nominal,11,11,FALSE,Political / diplomatic,NA,FALSE,NA,NA,NA,NA,NA,Thriller / Horror / Survival,NA
Russia,Hard to Be a God,10,q10,is space a military or civilian domain / is the book military or civilian?,NA,ordinal,11,11,FALSE,Entirely civilian,1,FALSE,1,Entirely civilian,1,1,Entirely civilian,Entirely civilian,1
Russia,Hard to Be a God,11,q11,Is space characterized like another military domain?,NA,nominal,11,10,FALSE,Like the frontier / colonial expansion,NA,FALSE,NA,NA,NA,NA,NA,Like the frontier / colonial expansion,NA
Russia,Hard to Be a God,12,q12,how physically different is space from earth?,NA,ordinal,11,10,FALSE,Almost Earth-like,1,FALSE,1,Almost Earth-like,1,1,Almost Earth-like,Almost Earth-like,1
Russia,Noon: 22nd Century,1,q1,is space something to be contested,NA,ordinal,20,14,FALSE,No contestation,1,FALSE,1,No contestation,1,1,No contestation,No contestation,1
Russia,Noon: 22nd Century,2,q2,can you inhabit and hold territory in space,NA,ordinal,20,13,FALSE,"Visiting / Temporary presence only (stations, missions, outposts)",2,FALSE,3,"Limited settlement (small colonies, hard to sustain/control)",2.8461538461538463,4,Habitable and governable (permanent settlements can hold territory),Habitable and governable (permanent settlements can hold territory),4
Russia,Noon: 22nd Century,3,q3,how long is journey / how  far from earth,NA,ordinal,20,13,FALSE,"Long-distance journey (years, major separation from Earth)",4,FALSE,4,"Long-distance journey (years, major separation from Earth)",3.5384615384615383,4,"Long-distance journey (years, major separation from Earth)","Long-distance journey (years, major separation from Earth)",4
Russia,Noon: 22nd Century,4,q4,how culturally different is space from earth?,NA,ordinal,20,20,FALSE,Basically Earth society in space,1,FALSE,1,Basically Earth society in space,1,1,Basically Earth society in space,Basically Earth society in space,1
Russia,Noon: 22nd Century,5,q5,do you speak same language on earth vs space ?,NA,ordinal,20,20,FALSE,Same languages as Earth,1,FALSE,1,Same languages as Earth,1,1,Same languages as Earth,Same languages as Earth,1
Russia,Noon: 22nd Century,6,q6,is it hostile / hard to survive (bc of natural conditions),NA,ordinal,20,10,FALSE,Manageable but risky,2,FALSE,2,Manageable but risky,2.7,4,Extremely hostile (constant survival pressure),Other / Unsure,NA
Russia,Noon: 22nd Century,7,q7,how common is it for humans to live in space,NA,ordinal,20,13,FALSE,Uncommon (small specialist population),2,FALSE,2,Uncommon (small specialist population),2.3846153846153846,4,Common (many people live/work there),Common (many people live/work there),4
Russia,Noon: 22nd Century,8,q8,are there different countries in space? Or just one?,NA,ordinal,20,14,FALSE,Single unified authority,2,FALSE,2,Single unified authority,2,2,Single unified authority,Single unified authority,2
Russia,Noon: 22nd Century,9,q9,genre of the book,NA,nominal,20,20,FALSE,Drama,NA,FALSE,NA,NA,NA,NA,NA,Comedy / satire,NA
Russia,Noon: 22nd Century,10,q10,is space a military or civilian domain / is the book military or civilian?,NA,ordinal,20,15,FALSE,Entirely civilian,1,FALSE,1,Entirely civilian,1,1,Entirely civilian,Entirely civilian,1
Russia,Noon: 22nd Century,11,q11,Is space characterized like another military domain?,NA,nominal,20,12,FALSE,Like the frontier / colonial expansion,NA,FALSE,NA,NA,NA,NA,NA,Like the frontier / colonial expansion,NA
Russia,Noon: 22nd Century,12,q12,how physically different is space from earth?,NA,ordinal,20,7,FALSE,Somewhat different (manageable environmental differences),2,FALSE,2,Somewhat different (manageable environmental differences),3,5,Radically non-Earth-like (physics/environment fundamentally unlike Earth experience),Other / Unsure,NA
Russia,One Billion Years to the End of the World (Definitely Maybe),1,q1,is space something to be contested,NA,ordinal,11,0,TRUE,Other / Unsure,NA,FALSE,NA,NA,NA,NA,NA,Other / Unsure,NA
Russia,One Billion Years to the End of the World (Definitely Maybe),2,q2,can you inhabit and hold territory in space,NA,ordinal,11,0,TRUE,Other / Unsure,NA,FALSE,NA,NA,NA,NA,NA,Other / Unsure,NA
Russia,One Billion Years to the End of the World (Definitely Maybe),3,q3,how long is journey / how  far from earth,NA,ordinal,11,0,TRUE,Other / Unsure,NA,FALSE,NA,NA,NA,NA,NA,Other / Unsure,NA
Russia,One Billion Years to the End of the World (Definitely Maybe),4,q4,how culturally different is space from earth?,NA,ordinal,11,0,TRUE,Other / Unsure,NA,FALSE,NA,NA,NA,NA,NA,Other / Unsure,NA
Russia,One Billion Years to the End of the World (Definitely Maybe),5,q5,do you speak same language on earth vs space ?,NA,ordinal,11,0,TRUE,Other / Unsure,NA,FALSE,NA,NA,NA,NA,NA,Other / Unsure,NA
Russia,One Billion Years to the End of the World (Definitely Maybe),6,q6,is it hostile / hard to survive (bc of natural conditions),NA,ordinal,11,0,TRUE,Other / Unsure,NA,FALSE,NA,NA,NA,NA,NA,Other / Unsure,NA
Russia,One Billion Years to the End of the World (Definitely Maybe),7,q7,how common is it for humans to live in space,NA,ordinal,11,0,TRUE,Other / Unsure,NA,FALSE,NA,NA,NA,NA,NA,Other / Unsure,NA
Russia,One Billion Years to the End of the World (Definitely Maybe),8,q8,are there different countries in space? Or just one?,NA,ordinal,11,0,TRUE,Other / Unsure,NA,FALSE,NA,NA,NA,NA,NA,Other / Unsure,NA
Russia,One Billion Years to the End of the World (Definitely Maybe),9,q9,genre of the book,NA,nominal,11,11,FALSE,Thriller / Horror / Survival,NA,FALSE,NA,NA,NA,NA,NA,Drama,NA
Russia,One Billion Years to the End of the World (Definitely Maybe),10,q10,is space a military or civilian domain / is the book military or civilian?,NA,ordinal,11,0,TRUE,Other / Unsure,NA,FALSE,NA,NA,NA,NA,NA,Other / Unsure,NA
Russia,One Billion Years to the End of the World (Definitely Maybe),11,q11,Is space characterized like another military domain?,NA,nominal,11,0,TRUE,Other / Unsure,6,FALSE,NA,NA,NA,NA,NA,Other / Unsure,NA
Russia,One Billion Years to the End of the World (Definitely Maybe),12,q12,how physically different is space from earth?,NA,ordinal,11,0,TRUE,Other / Unsure,NA,FALSE,NA,NA,NA,NA,NA,Other / Unsure,NA
Russia,Prisoners of Power,1,q1,is space something to be contested,NA,ordinal,19,19,FALSE,No contestation,1,FALSE,1,No contestation,1,1,No contestation,No contestation,1
Russia,Prisoners of Power,2,q2,can you inhabit and hold territory in space,NA,ordinal,19,19,FALSE,"Visiting / Temporary presence only (stations, missions, outposts)",2,FALSE,2,"Visiting / Temporary presence only (stations, missions, outposts)",2,2,"Visiting / Temporary presence only (stations, missions, outposts)","Visiting / Temporary presence only (stations, missions, outposts)",2
Russia,Prisoners of Power,3,q3,how long is journey / how  far from earth,NA,ordinal,19,4,FALSE,"Extreme / effectively unreachable (generational, completely separate, or one-way-feeling distance)",5,FALSE,5,"Extreme / effectively unreachable (generational, completely separate, or one-way-feeling distance)",5,5,"Extreme / effectively unreachable (generational, completely separate, or one-way-feeling distance)","Extreme / effectively unreachable (generational, completely separate, or one-way-feeling distance)",5
Russia,Prisoners of Power,4,q4,how culturally different is space from earth?,NA,ordinal,19,18,FALSE,Radically different / alien social order,5,FALSE,5,Radically different / alien social order,5,5,Radically different / alien social order,Radically different / alien social order,5
Russia,Prisoners of Power,5,q5,do you speak same language on earth vs space ?,NA,ordinal,19,19,FALSE,Distinct space language(s),4,FALSE,4,Distinct space language(s),4,4,Distinct space language(s),Distinct space language(s),4
Russia,Prisoners of Power,6,q6,is it hostile / hard to survive (bc of natural conditions),NA,ordinal,19,19,FALSE,Harsh and resource-intensive,3,FALSE,3,Harsh and resource-intensive,3.263157894736842,4,Extremely hostile (constant survival pressure),Harsh and resource-intensive,3
Russia,Prisoners of Power,7,q7,how common is it for humans to live in space,NA,ordinal,19,19,FALSE,Exceptionally rare (few astronauts/explorers),1,FALSE,1,Exceptionally rare (few astronauts/explorers),1.0526315789473684,2,Uncommon (small specialist population),Uncommon (small specialist population),2
Russia,Prisoners of Power,8,q8,are there different countries in space? Or just one?,NA,ordinal,19,18,FALSE,Multiple distinct space polities,4,FALSE,4,Multiple distinct space polities,3.5555555555555554,4,Multiple distinct space polities,Multiple distinct space polities,4
Russia,Prisoners of Power,9,q9,genre of the book,NA,nominal,19,19,FALSE,Thriller / Horror / Survival,NA,FALSE,NA,NA,NA,NA,NA,Thriller / Horror / Survival,NA
Russia,Prisoners of Power,10,q10,is space a military or civilian domain / is the book military or civilian?,NA,ordinal,19,19,FALSE,Mixed civilian-military domain,3,FALSE,3,Mixed civilian-military domain,3,5,Entirely military / war-focused,Mixed civilian-military domain,3
Russia,Prisoners of Power,11,q11,Is space characterized like another military domain?,NA,nominal,19,19,FALSE,Like the frontier / colonial expansion,NA,FALSE,NA,NA,NA,NA,NA,Like the frontier / colonial expansion,NA
Russia,Prisoners of Power,12,q12,how physically different is space from earth?,NA,ordinal,19,19,FALSE,Very different (human bodies/technology constantly challenged),4,FALSE,4,Very different (human bodies/technology constantly challenged),3.736842105263158,4,Very different (human bodies/technology constantly challenged),Very different (human bodies/technology constantly challenged),4
Russia,Roadside Picnic,1,q1,is space something to be contested,NA,ordinal,4,4,FALSE,Moderate contestation (ongoing rivalry/disputes),3,FALSE,3,Moderate contestation (ongoing rivalry/disputes),3,3,Moderate contestation (ongoing rivalry/disputes),Moderate contestation (ongoing rivalry/disputes),3
Russia,Roadside Picnic,2,q2,can you inhabit and hold territory in space,NA,ordinal,4,0,TRUE,Other / Unsure,NA,FALSE,NA,NA,NA,NA,NA,Other / Unsure,NA
Russia,Roadside Picnic,3,q3,how long is journey / how  far from earth,NA,ordinal,4,0,TRUE,Other / Unsure,NA,FALSE,NA,NA,NA,NA,NA,Other / Unsure,NA
Russia,Roadside Picnic,4,q4,how culturally different is space from earth?,NA,ordinal,4,0,TRUE,Other / Unsure,NA,FALSE,NA,NA,NA,NA,NA,Other / Unsure,NA
Russia,Roadside Picnic,5,q5,do you speak same language on earth vs space ?,NA,ordinal,4,0,TRUE,Other / Unsure,NA,FALSE,NA,NA,NA,NA,NA,Other / Unsure,NA
Russia,Roadside Picnic,6,q6,is it hostile / hard to survive (bc of natural conditions),NA,ordinal,4,4,FALSE,Nearly uninhabitable / lethal without major intervention,5,FALSE,5,Nearly uninhabitable / lethal without major intervention,5,5,Nearly uninhabitable / lethal without major intervention,Nearly uninhabitable / lethal without major intervention,5
Russia,Roadside Picnic,7,q7,how common is it for humans to live in space,NA,ordinal,4,0,TRUE,Other / Unsure,NA,FALSE,NA,NA,NA,NA,NA,Other / Unsure,NA
Russia,Roadside Picnic,8,q8,are there different countries in space? Or just one?,NA,ordinal,4,0,TRUE,Other / Unsure,NA,FALSE,NA,NA,NA,NA,NA,Other / Unsure,NA
Russia,Roadside Picnic,9,q9,genre of the book,NA,nominal,4,4,FALSE,Thriller / Horror / Survival,NA,FALSE,NA,NA,NA,NA,NA,Thriller / Horror / Survival,NA
Russia,Roadside Picnic,10,q10,is space a military or civilian domain / is the book military or civilian?,NA,ordinal,4,4,FALSE,Mixed civilian-military domain,3,FALSE,3,Mixed civilian-military domain,2.5,3,Mixed civilian-military domain,Entirely civilian,1
Russia,Roadside Picnic,11,q11,Is space characterized like another military domain?,NA,nominal,4,4,FALSE,Like the frontier / colonial expansion,NA,FALSE,NA,NA,NA,NA,NA,Like the frontier / colonial expansion,NA
Russia,Roadside Picnic,12,q12,how physically different is space from earth?,NA,ordinal,4,4,FALSE,Radically non-Earth-like (physics/environment fundamentally unlike Earth experience),5,FALSE,5,Radically non-Earth-like (physics/environment fundamentally unlike Earth experience),5,5,Radically non-Earth-like (physics/environment fundamentally unlike Earth experience),Radically non-Earth-like (physics/environment fundamentally unlike Earth experience),5
Russia,Solaris,1,q1,is space something to be contested,NA,ordinal,14,14,FALSE,No contestation,1,FALSE,1,No contestation,1,1,No contestation,No contestation,1
Russia,Solaris,2,q2,can you inhabit and hold territory in space,NA,ordinal,14,14,FALSE,"Visiting / Temporary presence only (stations, missions, outposts)",2,FALSE,2,"Visiting / Temporary presence only (stations, missions, outposts)",2,2,"Visiting / Temporary presence only (stations, missions, outposts)","Visiting / Temporary presence only (stations, missions, outposts)",2
Russia,Solaris,3,q3,how long is journey / how  far from earth,NA,ordinal,14,14,FALSE,"Long-distance journey (years, major separation from Earth)",4,FALSE,4,"Long-distance journey (years, major separation from Earth)",4,4,"Long-distance journey (years, major separation from Earth)","Long-distance journey (years, major separation from Earth)",4
Russia,Solaris,4,q4,how culturally different is space from earth?,NA,ordinal,14,14,FALSE,Mostly Earth-like with minor adaptations,2,FALSE,2,Mostly Earth-like with minor adaptations,2,2,Mostly Earth-like with minor adaptations,Mostly Earth-like with minor adaptations,2
Russia,Solaris,5,q5,do you speak same language on earth vs space ?,NA,ordinal,14,14,FALSE,Same languages as Earth,1,FALSE,1,Same languages as Earth,1,1,Same languages as Earth,Same languages as Earth,1
Russia,Solaris,6,q6,is it hostile / hard to survive (bc of natural conditions),NA,ordinal,14,14,FALSE,Harsh and resource-intensive,3,FALSE,3,Harsh and resource-intensive,3,3,Harsh and resource-intensive,Harsh and resource-intensive,3
Russia,Solaris,7,q7,how common is it for humans to live in space,NA,ordinal,14,14,FALSE,Exceptionally rare (few astronauts/explorers),1,FALSE,1,Exceptionally rare (few astronauts/explorers),1,1,Exceptionally rare (few astronauts/explorers),Exceptionally rare (few astronauts/explorers),1
Russia,Solaris,8,q8,are there different countries in space? Or just one?,NA,ordinal,14,14,FALSE,Single unified authority,2,FALSE,2,Single unified authority,2,2,Single unified authority,Single unified authority,2
Russia,Solaris,9,q9,genre of the book,NA,nominal,14,14,FALSE,Drama,NA,FALSE,NA,NA,NA,NA,NA,Drama,NA
Russia,Solaris,10,q10,is space a military or civilian domain / is the book military or civilian?,NA,ordinal,14,14,FALSE,Entirely civilian,1,FALSE,1,Entirely civilian,1,1,Entirely civilian,Entirely civilian,1
Russia,Solaris,11,q11,Is space characterized like another military domain?,NA,nominal,14,14,FALSE,Totally unique domain,NA,FALSE,NA,NA,NA,NA,NA,Totally unique domain,NA
Russia,Solaris,12,q12,how physically different is space from earth?,NA,ordinal,14,14,FALSE,Radically non-Earth-like (physics/environment fundamentally unlike Earth experience),5,FALSE,5,Radically non-Earth-like (physics/environment fundamentally unlike Earth experience),5,5,Radically non-Earth-like (physics/environment fundamentally unlike Earth experience),Radically non-Earth-like (physics/environment fundamentally unlike Earth experience),5
Russia,The Andromeda Nebula,1,q1,is space something to be contested,NA,ordinal,15,10,FALSE,No contestation,1,FALSE,1,No contestation,1,1,No contestation,No contestation,1
Russia,The Andromeda Nebula,2,q2,can you inhabit and hold territory in space,NA,ordinal,15,9,FALSE,"Visiting / Temporary presence only (stations, missions, outposts)",2,FALSE,2,"Visiting / Temporary presence only (stations, missions, outposts)",2,2,"Visiting / Temporary presence only (stations, missions, outposts)","Visiting / Temporary presence only (stations, missions, outposts)",2
Russia,The Andromeda Nebula,3,q3,how long is journey / how  far from earth,NA,ordinal,15,8,FALSE,"Long-distance journey (years, major separation from Earth)",4,FALSE,4,"Long-distance journey (years, major separation from Earth)",4.375,5,"Extreme / effectively unreachable (generational, completely separate, or one-way-feeling distance)","Extreme / effectively unreachable (generational, completely separate, or one-way-feeling distance)",5
Russia,The Andromeda Nebula,4,q4,how culturally different is space from earth?,NA,ordinal,15,7,FALSE,Basically Earth society in space,1,FALSE,1,Basically Earth society in space,1,1,Basically Earth society in space,Basically Earth society in space,1
Russia,The Andromeda Nebula,5,q5,do you speak same language on earth vs space ?,NA,ordinal,15,7,FALSE,Same languages as Earth,1,FALSE,1,Same languages as Earth,2.7142857142857144,5,Translation-mediated communication (universal translator / communication tech makes language difference irrelevant),Translation-mediated communication (universal translator / communication tech makes language difference irrelevant),5
Russia,The Andromeda Nebula,6,q6,is it hostile / hard to survive (bc of natural conditions),NA,ordinal,15,4,FALSE,Extremely hostile (constant survival pressure),4,TRUE,4,Extremely hostile (constant survival pressure),4.5,5,Nearly uninhabitable / lethal without major intervention,Other / Unsure,NA
Russia,The Andromeda Nebula,7,q7,how common is it for humans to live in space,NA,ordinal,15,9,FALSE,Uncommon (small specialist population),2,FALSE,2,Uncommon (small specialist population),1.6666666666666667,2,Uncommon (small specialist population),Uncommon (small specialist population),2
Russia,The Andromeda Nebula,8,q8,are there different countries in space? Or just one?,NA,ordinal,15,15,FALSE,Single unified authority,2,FALSE,2,Single unified authority,2,2,Single unified authority,Single unified authority,2
Russia,The Andromeda Nebula,9,q9,genre of the book,NA,nominal,15,15,FALSE,Drama,NA,FALSE,NA,NA,NA,NA,NA,Drama,NA
Russia,The Andromeda Nebula,10,q10,is space a military or civilian domain / is the book military or civilian?,NA,ordinal,15,15,FALSE,Entirely civilian,1,FALSE,1,Entirely civilian,1,1,Entirely civilian,Entirely civilian,1
Russia,The Andromeda Nebula,11,q11,Is space characterized like another military domain?,NA,nominal,15,6,FALSE,Like the frontier / colonial expansion,NA,FALSE,NA,NA,NA,NA,NA,Like the frontier / colonial expansion,NA
Russia,The Andromeda Nebula,12,q12,how physically different is space from earth?,NA,ordinal,15,4,FALSE,Radically non-Earth-like (physics/environment fundamentally unlike Earth experience),5,FALSE,5,Radically non-Earth-like (physics/environment fundamentally unlike Earth experience),4.75,5,Radically non-Earth-like (physics/environment fundamentally unlike Earth experience),Other / Unsure,NA
US,2001 - A Space Odyssey,1,q1,is space something to be contested,NA,ordinal,44,38,FALSE,No contestation,1,FALSE,1,No contestation,1.736842105263158,4,High contestation (frequent conflict or strategic struggle),No contestation,1
US,2001 - A Space Odyssey,2,q2,can you inhabit and hold territory in space,NA,ordinal,44,34,FALSE,"Visiting / Temporary presence only (stations, missions, outposts)",2,FALSE,2,"Visiting / Temporary presence only (stations, missions, outposts)",2.088235294117647,3,"Limited settlement (small colonies, hard to sustain/control)",Other / Unsure,NA
US,2001 - A Space Odyssey,3,q3,how long is journey / how  far from earth,NA,ordinal,44,35,FALSE,"Extreme / effectively unreachable (generational, completely separate, or one-way-feeling distance)",5,FALSE,5,"Extreme / effectively unreachable (generational, completely separate, or one-way-feeling distance)",4.571428571428571,5,"Extreme / effectively unreachable (generational, completely separate, or one-way-feeling distance)",Other / Unsure,NA
US,2001 - A Space Odyssey,4,q4,how culturally different is space from earth?,NA,ordinal,44,34,FALSE,Mostly Earth-like with minor adaptations,2,FALSE,2,Mostly Earth-like with minor adaptations,2.5,5,Radically different / alien social order,Radically different / alien social order,5
US,2001 - A Space Odyssey,5,q5,do you speak same language on earth vs space ?,NA,ordinal,44,31,FALSE,Same languages as Earth,1,FALSE,1,Same languages as Earth,1,1,Same languages as Earth,Other / Unsure,NA
US,2001 - A Space Odyssey,6,q6,is it hostile / hard to survive (bc of natural conditions),NA,ordinal,44,34,FALSE,Extremely hostile (constant survival pressure),4,FALSE,4,Extremely hostile (constant survival pressure),3.6470588235294117,4,Extremely hostile (constant survival pressure),Other / Unsure,NA
US,2001 - A Space Odyssey,7,q7,how common is it for humans to live in space,NA,ordinal,44,37,FALSE,Exceptionally rare (few astronauts/explorers),1,FALSE,1,Exceptionally rare (few astronauts/explorers),1.1891891891891893,2,Uncommon (small specialist population),Exceptionally rare (few astronauts/explorers),1
US,2001 - A Space Odyssey,8,q8,are there different countries in space? Or just one?,NA,ordinal,44,29,FALSE,Single unified authority,2,FALSE,2,Single unified authority,2.2758620689655173,3,Earth nation-states extend into space,Other / Unsure,NA
US,2001 - A Space Odyssey,9,q9,genre of the book,NA,nominal,44,43,FALSE,Adventure / exploration,NA,FALSE,NA,NA,NA,NA,NA,Adventure / exploration,NA
US,2001 - A Space Odyssey,10,q10,is space a military or civilian domain / is the book military or civilian?,NA,ordinal,44,29,FALSE,Mostly civilian with some military presence,2,FALSE,2,Mostly civilian with some military presence,2.310344827586207,3,Mixed civilian-military domain,Other / Unsure,NA
US,2001 - A Space Odyssey,11,q11,Is space characterized like another military domain?,NA,nominal,44,37,FALSE,Totally unique domain,NA,FALSE,NA,NA,NA,NA,NA,Totally unique domain,NA
US,2001 - A Space Odyssey,12,q12,how physically different is space from earth?,NA,ordinal,44,37,FALSE,Radically non-Earth-like (physics/environment fundamentally unlike Earth experience),5,FALSE,5,Radically non-Earth-like (physics/environment fundamentally unlike Earth experience),4.8108108108108105,5,Radically non-Earth-like (physics/environment fundamentally unlike Earth experience),Radically non-Earth-like (physics/environment fundamentally unlike Earth experience),5
US,A Fire Upon The Deep,1,q1,is space something to be contested,NA,ordinal,44,44,FALSE,High contestation (frequent conflict or strategic struggle),4,FALSE,4,High contestation (frequent conflict or strategic struggle),3.9318181818181817,5,Total war / constant conflict,Total war / constant conflict,5
US,A Fire Upon The Deep,2,q2,can you inhabit and hold territory in space,NA,ordinal,44,44,FALSE,Habitable and governable (permanent settlements can hold territory),4,FALSE,3,"Limited settlement (small colonies, hard to sustain/control)",3.2045454545454546,4,Habitable and governable (permanent settlements can hold territory),"Limited settlement (small colonies, hard to sustain/control)",3
US,A Fire Upon The Deep,3,q3,how long is journey / how  far from earth,NA,ordinal,44,44,FALSE,"Extreme / effectively unreachable (generational, completely separate, or one-way-feeling distance)",5,FALSE,5,"Extreme / effectively unreachable (generational, completely separate, or one-way-feeling distance)",4.7272727272727275,5,"Extreme / effectively unreachable (generational, completely separate, or one-way-feeling distance)","Long-distance journey (years, major separation from Earth)",4
US,A Fire Upon The Deep,4,q4,how culturally different is space from earth?,NA,ordinal,44,44,FALSE,Radically different / alien social order,5,FALSE,5,Radically different / alien social order,4.181818181818182,5,Radically different / alien social order,Distinct space culture,4
US,A Fire Upon The Deep,5,q5,do you speak same language on earth vs space ?,NA,ordinal,44,44,FALSE,Shared lingua franca plus local variation,3,FALSE,3,Shared lingua franca plus local variation,2.909090909090909,4,Distinct space language(s),Shared lingua franca plus local variation,3
US,A Fire Upon The Deep,6,q6,is it hostile / hard to survive (bc of natural conditions),NA,ordinal,44,44,FALSE,Manageable but risky,2,FALSE,3,Harsh and resource-intensive,3.0681818181818183,5,Nearly uninhabitable / lethal without major intervention,Extremely hostile (constant survival pressure),4
US,A Fire Upon The Deep,7,q7,how common is it for humans to live in space,NA,ordinal,44,44,FALSE,Common (many people live/work there),4,FALSE,3,Moderately common (noticeable settlements/populations),2.5681818181818183,4,Common (many people live/work there),Exceptionally rare (few astronauts/explorers),1
US,A Fire Upon The Deep,8,q8,are there different countries in space? Or just one?,NA,ordinal,44,44,FALSE,Multiple distinct space polities,4,TRUE,4,Multiple distinct space polities,4.5,5,"Highly fragmented political landscape (multipolar with many factions, corporations, colonies, microstates)",Multiple distinct space polities,4
US,A Fire Upon The Deep,9,q9,genre of the book,NA,nominal,44,44,FALSE,Thriller / Horror / Survival,NA,FALSE,NA,NA,NA,NA,NA,Thriller / Horror / Survival,NA
US,A Fire Upon The Deep,10,q10,is space a military or civilian domain / is the book military or civilian?,NA,ordinal,44,41,FALSE,Mixed civilian-military domain,3,FALSE,3,Mixed civilian-military domain,2.658536585365854,4,Mostly military,Mixed civilian-military domain,3
US,A Fire Upon The Deep,11,q11,Is space characterized like another military domain?,NA,nominal,44,42,FALSE,Like the frontier / colonial expansion,NA,FALSE,NA,NA,NA,NA,NA,Like the frontier / colonial expansion,NA
US,A Fire Upon The Deep,12,q12,how physically different is space from earth?,NA,ordinal,44,44,FALSE,Very different (human bodies/technology constantly challenged),4,FALSE,4,Very different (human bodies/technology constantly challenged),3.6136363636363638,5,Radically non-Earth-like (physics/environment fundamentally unlike Earth experience),Very different (human bodies/technology constantly challenged),4
US,Dune,1,q1,is space something to be contested,NA,ordinal,49,49,FALSE,High contestation (frequent conflict or strategic struggle),4,FALSE,4,High contestation (frequent conflict or strategic struggle),4.163265306122449,5,Total war / constant conflict,Total war / constant conflict,5
US,Dune,2,q2,can you inhabit and hold territory in space,NA,ordinal,49,49,FALSE,Extensive territorial occupation (many settled worlds/regions held like states or empires),5,FALSE,5,Extensive territorial occupation (many settled worlds/regions held like states or empires),4.979591836734694,5,Extensive territorial occupation (many settled worlds/regions held like states or empires),Extensive territorial occupation (many settled worlds/regions held like states or empires),5
US,Dune,3,q3,how long is journey / how  far from earth,NA,ordinal,49,49,FALSE,"Extreme / effectively unreachable (generational, completely separate, or one-way-feeling distance)",5,FALSE,5,"Extreme / effectively unreachable (generational, completely separate, or one-way-feeling distance)",4.979591836734694,5,"Extreme / effectively unreachable (generational, completely separate, or one-way-feeling distance)","Extreme / effectively unreachable (generational, completely separate, or one-way-feeling distance)",5
US,Dune,4,q4,how culturally different is space from earth?,NA,ordinal,49,49,FALSE,Radically different / alien social order,5,FALSE,5,Radically different / alien social order,4.979591836734694,5,Radically different / alien social order,Radically different / alien social order,5
US,Dune,5,q5,do you speak same language on earth vs space ?,NA,ordinal,49,49,FALSE,Shared lingua franca plus local variation,3,FALSE,3,Shared lingua franca plus local variation,3.020408163265306,4,Distinct space language(s),Shared lingua franca plus local variation,3
US,Dune,6,q6,is it hostile / hard to survive (bc of natural conditions),NA,ordinal,49,49,FALSE,Extremely hostile (constant survival pressure),4,FALSE,4,Extremely hostile (constant survival pressure),4,5,Nearly uninhabitable / lethal without major intervention,Extremely hostile (constant survival pressure),4
US,Dune,7,q7,how common is it for humans to live in space,NA,ordinal,49,49,FALSE,Normalized / widespread (space habitation is ordinary for humanity),5,FALSE,5,Normalized / widespread (space habitation is ordinary for humanity),5,5,Normalized / widespread (space habitation is ordinary for humanity),Normalized / widespread (space habitation is ordinary for humanity),5
US,Dune,8,q8,are there different countries in space? Or just one?,NA,ordinal,49,49,FALSE,Multiple distinct space polities,4,FALSE,4,Multiple distinct space polities,4.020408163265306,5,"Highly fragmented political landscape (multipolar with many factions, corporations, colonies, microstates)",Multiple distinct space polities,4
US,Dune,9,q9,genre of the book,NA,nominal,49,48,FALSE,Political / diplomatic,NA,FALSE,NA,NA,NA,NA,NA,Military / war,NA
US,Dune,10,q10,is space a military or civilian domain / is the book military or civilian?,NA,ordinal,49,49,FALSE,Mixed civilian-military domain,3,FALSE,3,Mixed civilian-military domain,3.183673469387755,5,Entirely military / war-focused,Mixed civilian-military domain,3
US,Dune,11,q11,Is space characterized like another military domain?,NA,nominal,49,49,FALSE,Like the frontier / colonial expansion,NA,FALSE,NA,NA,NA,NA,NA,Like the frontier / colonial expansion,NA
US,Dune,12,q12,how physically different is space from earth?,NA,ordinal,49,49,FALSE,Very different (human bodies/technology constantly challenged),4,FALSE,4,Very different (human bodies/technology constantly challenged),3.938775510204082,5,Radically non-Earth-like (physics/environment fundamentally unlike Earth experience),Very different (human bodies/technology constantly challenged),4
US,Ender's Game,1,q1,is space something to be contested,NA,ordinal,15,15,FALSE,Total war / constant conflict,5,FALSE,5,Total war / constant conflict,4.666666666666667,5,Total war / constant conflict,"Low contestation (minor competition, little open conflict)",2
US,Ender's Game,2,q2,can you inhabit and hold territory in space,NA,ordinal,15,12,FALSE,"Visiting / Temporary presence only (stations, missions, outposts)",2,FALSE,2,"Visiting / Temporary presence only (stations, missions, outposts)",2.1666666666666665,4,Habitable and governable (permanent settlements can hold territory),Habitable and governable (permanent settlements can hold territory),4
US,Ender's Game,3,q3,how long is journey / how  far from earth,NA,ordinal,15,13,FALSE,"Long-distance journey (years, major separation from Earth)",4,FALSE,4,"Long-distance journey (years, major separation from Earth)",4,5,"Extreme / effectively unreachable (generational, completely separate, or one-way-feeling distance)","Extreme / effectively unreachable (generational, completely separate, or one-way-feeling distance)",5
US,Ender's Game,4,q4,how culturally different is space from earth?,NA,ordinal,15,15,FALSE,Basically Earth society in space,1,FALSE,1,Basically Earth society in space,1.1333333333333333,3,Mixed / hybrid culture,Mixed / hybrid culture,3
US,Ender's Game,5,q5,do you speak same language on earth vs space ?,NA,ordinal,15,15,FALSE,"Mostly same, with dialect/slang differences",2,FALSE,2,"Mostly same, with dialect/slang differences",1.5333333333333334,2,"Mostly same, with dialect/slang differences",Same languages as Earth,1
US,Ender's Game,6,q6,is it hostile / hard to survive (bc of natural conditions),NA,ordinal,15,11,FALSE,Manageable but risky,2,FALSE,2,Manageable but risky,2.1818181818181817,3,Harsh and resource-intensive,Manageable but risky,2
US,Ender's Game,7,q7,how common is it for humans to live in space,NA,ordinal,15,15,FALSE,Uncommon (small specialist population),2,FALSE,2,Uncommon (small specialist population),2.1333333333333333,4,Common (many people live/work there),Common (many people live/work there),4
US,Ender's Game,8,q8,are there different countries in space? Or just one?,NA,ordinal,15,15,FALSE,Single unified authority,2,FALSE,2,Single unified authority,2.1333333333333333,4,Multiple distinct space polities,Multiple distinct space polities,4
US,Ender's Game,9,q9,genre of the book,NA,nominal,15,15,FALSE,Military / war,NA,FALSE,NA,NA,NA,NA,NA,Drama,NA
US,Ender's Game,10,q10,is space a military or civilian domain / is the book military or civilian?,NA,ordinal,15,15,FALSE,Entirely military / war-focused,5,FALSE,5,Entirely military / war-focused,4.266666666666667,5,Entirely military / war-focused,Entirely civilian,1
US,Ender's Game,11,q11,Is space characterized like another military domain?,NA,nominal,15,12,FALSE,Like the ocean / naval,NA,FALSE,NA,NA,NA,NA,NA,Like the frontier / colonial expansion,NA
US,Ender's Game,12,q12,how physically different is space from earth?,NA,ordinal,15,11,FALSE,Very different (human bodies/technology constantly challenged),4,FALSE,4,Very different (human bodies/technology constantly challenged),3.5454545454545454,4,Very different (human bodies/technology constantly challenged),Somewhat different (manageable environmental differences),2
US,Foundation,1,q1,is space something to be contested,NA,ordinal,49,48,FALSE,Moderate contestation (ongoing rivalry/disputes),3,FALSE,3,Moderate contestation (ongoing rivalry/disputes),3.0208333333333335,4,High contestation (frequent conflict or strategic struggle),High contestation (frequent conflict or strategic struggle),4
US,Foundation,2,q2,can you inhabit and hold territory in space,NA,ordinal,49,48,FALSE,Extensive territorial occupation (many settled worlds/regions held like states or empires),5,FALSE,5,Extensive territorial occupation (many settled worlds/regions held like states or empires),5,5,Extensive territorial occupation (many settled worlds/regions held like states or empires),Extensive territorial occupation (many settled worlds/regions held like states or empires),5
US,Foundation,3,q3,how long is journey / how  far from earth,NA,ordinal,49,48,FALSE,"Extreme / effectively unreachable (generational, completely separate, or one-way-feeling distance)",5,FALSE,5,"Extreme / effectively unreachable (generational, completely separate, or one-way-feeling distance)",5,5,"Extreme / effectively unreachable (generational, completely separate, or one-way-feeling distance)","Extreme / effectively unreachable (generational, completely separate, or one-way-feeling distance)",5
US,Foundation,4,q4,how culturally different is space from earth?,NA,ordinal,49,48,FALSE,Distinct space culture,4,FALSE,4,Distinct space culture,4,4,Distinct space culture,Distinct space culture,4
US,Foundation,5,q5,do you speak same language on earth vs space ?,NA,ordinal,49,48,FALSE,Same languages as Earth,1,FALSE,1,Same languages as Earth,1.4166666666666667,3,Shared lingua franca plus local variation,Shared lingua franca plus local variation,3
US,Foundation,6,q6,is it hostile / hard to survive (bc of natural conditions),NA,ordinal,49,48,FALSE,Manageable but risky,2,FALSE,2,Manageable but risky,1.9166666666666667,4,Extremely hostile (constant survival pressure),Benign / easily survivable,1
US,Foundation,7,q7,how common is it for humans to live in space,NA,ordinal,49,48,FALSE,Normalized / widespread (space habitation is ordinary for humanity),5,FALSE,5,Normalized / widespread (space habitation is ordinary for humanity),5,5,Normalized / widespread (space habitation is ordinary for humanity),Normalized / widespread (space habitation is ordinary for humanity),5
US,Foundation,8,q8,are there different countries in space? Or just one?,NA,ordinal,49,48,FALSE,Multiple distinct space polities,4,FALSE,4,Multiple distinct space polities,3.6666666666666665,4,Multiple distinct space polities,Multiple distinct space polities,4
US,Foundation,9,q9,genre of the book,NA,nominal,49,48,FALSE,Political / diplomatic,NA,FALSE,NA,NA,NA,NA,NA,Political / diplomatic,NA
US,Foundation,10,q10,is space a military or civilian domain / is the book military or civilian?,NA,ordinal,49,48,FALSE,Entirely civilian,1,FALSE,1,Entirely civilian,1.6666666666666667,4,Mostly military,Mostly civilian with some military presence,2
US,Foundation,11,q11,Is space characterized like another military domain?,NA,nominal,49,48,FALSE,Like the frontier / colonial expansion,NA,FALSE,NA,NA,NA,NA,NA,Like the frontier / colonial expansion,NA
US,Foundation,12,q12,how physically different is space from earth?,NA,ordinal,49,48,FALSE,Almost Earth-like,1,FALSE,1,Almost Earth-like,1.375,4,Very different (human bodies/technology constantly challenged),Almost Earth-like,1
US,Hyperion,1,q1,is space something to be contested,NA,ordinal,8,8,FALSE,High contestation (frequent conflict or strategic struggle),4,FALSE,4,High contestation (frequent conflict or strategic struggle),4.125,5,Total war / constant conflict,NA,NA
US,Hyperion,2,q2,can you inhabit and hold territory in space,NA,ordinal,8,8,FALSE,Extensive territorial occupation (many settled worlds/regions held like states or empires),5,FALSE,5,Extensive territorial occupation (many settled worlds/regions held like states or empires),5,5,Extensive territorial occupation (many settled worlds/regions held like states or empires),NA,NA
US,Hyperion,3,q3,how long is journey / how  far from earth,NA,ordinal,8,8,FALSE,"Long-distance journey (years, major separation from Earth)",4,FALSE,4,"Long-distance journey (years, major separation from Earth)",4.25,5,"Extreme / effectively unreachable (generational, completely separate, or one-way-feeling distance)",NA,NA
US,Hyperion,4,q4,how culturally different is space from earth?,NA,ordinal,8,8,FALSE,Mixed / hybrid culture,3,FALSE,3,Mixed / hybrid culture,3,3,Mixed / hybrid culture,NA,NA
US,Hyperion,5,q5,do you speak same language on earth vs space ?,NA,ordinal,8,8,FALSE,Same languages as Earth,1,FALSE,1,Same languages as Earth,1.25,2,"Mostly same, with dialect/slang differences",NA,NA
US,Hyperion,6,q6,is it hostile / hard to survive (bc of natural conditions),NA,ordinal,8,8,FALSE,Harsh and resource-intensive,3,FALSE,3,Harsh and resource-intensive,3,4,Extremely hostile (constant survival pressure),NA,NA
US,Hyperion,7,q7,how common is it for humans to live in space,NA,ordinal,8,8,FALSE,Normalized / widespread (space habitation is ordinary for humanity),5,FALSE,5,Normalized / widespread (space habitation is ordinary for humanity),5,5,Normalized / widespread (space habitation is ordinary for humanity),NA,NA
US,Hyperion,8,q8,are there different countries in space? Or just one?,NA,ordinal,8,8,FALSE,Multiple distinct space polities,4,FALSE,4,Multiple distinct space polities,4,4,Multiple distinct space polities,NA,NA
US,Hyperion,9,q9,genre of the book,NA,nominal,8,8,FALSE,Drama,NA,FALSE,NA,NA,NA,NA,NA,NA,NA
US,Hyperion,10,q10,is space a military or civilian domain / is the book military or civilian?,NA,ordinal,8,8,FALSE,Mixed civilian-military domain,3,FALSE,3,Mixed civilian-military domain,3,4,Mostly military,NA,NA
US,Hyperion,11,q11,Is space characterized like another military domain?,NA,nominal,8,8,FALSE,Like the frontier / colonial expansion,NA,FALSE,NA,NA,NA,NA,NA,NA,NA
US,Hyperion,12,q12,how physically different is space from earth?,NA,ordinal,8,8,FALSE,Moderately different (regular adaptation needed),3,FALSE,3,Moderately different (regular adaptation needed),2.75,3,Moderately different (regular adaptation needed),NA,NA
US,Rendezvous with Rama,1,q1,is space something to be contested,NA,ordinal,45,45,FALSE,No contestation,1,FALSE,1,No contestation,1.5555555555555556,4,High contestation (frequent conflict or strategic struggle),High contestation (frequent conflict or strategic struggle),4
US,Rendezvous with Rama,2,q2,can you inhabit and hold territory in space,NA,ordinal,45,45,FALSE,"Visiting / Temporary presence only (stations, missions, outposts)",2,FALSE,2,"Visiting / Temporary presence only (stations, missions, outposts)",2.022222222222222,3,"Limited settlement (small colonies, hard to sustain/control)","Visiting / Temporary presence only (stations, missions, outposts)",2
US,Rendezvous with Rama,3,q3,how long is journey / how  far from earth,NA,ordinal,45,45,FALSE,Short interplanetary journey,2,FALSE,2,Short interplanetary journey,2.2444444444444445,5,"Extreme / effectively unreachable (generational, completely separate, or one-way-feeling distance)",Short interplanetary journey,2
US,Rendezvous with Rama,4,q4,how culturally different is space from earth?,NA,ordinal,45,45,FALSE,Mostly Earth-like with minor adaptations,2,FALSE,2,Mostly Earth-like with minor adaptations,1.711111111111111,3,Mixed / hybrid culture,Mostly Earth-like with minor adaptations,2
US,Rendezvous with Rama,5,q5,do you speak same language on earth vs space ?,NA,ordinal,45,45,FALSE,Same languages as Earth,1,FALSE,1,Same languages as Earth,1,1,Same languages as Earth,Same languages as Earth,1
US,Rendezvous with Rama,6,q6,is it hostile / hard to survive (bc of natural conditions),NA,ordinal,45,45,FALSE,Harsh and resource-intensive,3,FALSE,3,Harsh and resource-intensive,3.2222222222222223,4,Extremely hostile (constant survival pressure),Extremely hostile (constant survival pressure),4
US,Rendezvous with Rama,7,q7,how common is it for humans to live in space,NA,ordinal,45,45,FALSE,Uncommon (small specialist population),2,FALSE,2,Uncommon (small specialist population),2.1777777777777776,3,Moderately common (noticeable settlements/populations),Uncommon (small specialist population),2
US,Rendezvous with Rama,8,q8,are there different countries in space? Or just one?,NA,ordinal,45,45,FALSE,Single unified authority,2,FALSE,2,Single unified authority,2.888888888888889,4,Multiple distinct space polities,Multiple distinct space polities,4
US,Rendezvous with Rama,9,q9,genre of the book,NA,nominal,45,45,FALSE,Adventure / exploration,NA,FALSE,NA,NA,NA,NA,NA,Political / diplomatic,NA
US,Rendezvous with Rama,10,q10,is space a military or civilian domain / is the book military or civilian?,NA,ordinal,45,45,FALSE,Entirely civilian,1,FALSE,2,Mostly civilian with some military presence,1.6222222222222222,3,Mixed civilian-military domain,Mixed civilian-military domain,3
US,Rendezvous with Rama,11,q11,Is space characterized like another military domain?,NA,nominal,45,45,FALSE,Like the ocean / naval,NA,FALSE,NA,NA,NA,NA,NA,Like the ocean / naval,NA
US,Rendezvous with Rama,12,q12,how physically different is space from earth?,NA,ordinal,45,45,FALSE,Radically non-Earth-like (physics/environment fundamentally unlike Earth experience),5,FALSE,5,Radically non-Earth-like (physics/environment fundamentally unlike Earth experience),4.8,5,Radically non-Earth-like (physics/environment fundamentally unlike Earth experience),Radically non-Earth-like (physics/environment fundamentally unlike Earth experience),5
US,"The Hitchhiker's Guide to the Galaxy (Omnibus, Parts 1–3)",1,q1,is space something to be contested,NA,ordinal,91,91,FALSE,"Low contestation (minor competition, little open conflict)",2,FALSE,2,"Low contestation (minor competition, little open conflict)",2.3736263736263736,5,Total war / constant conflict,No contestation,1
US,"The Hitchhiker's Guide to the Galaxy (Omnibus, Parts 1–3)",2,q2,can you inhabit and hold territory in space,NA,ordinal,91,87,FALSE,Extensive territorial occupation (many settled worlds/regions held like states or empires),5,FALSE,5,Extensive territorial occupation (many settled worlds/regions held like states or empires),5,5,Extensive territorial occupation (many settled worlds/regions held like states or empires),Extensive territorial occupation (many settled worlds/regions held like states or empires),5
US,"The Hitchhiker's Guide to the Galaxy (Omnibus, Parts 1–3)",3,q3,how long is journey / how  far from earth,NA,ordinal,91,89,FALSE,"Extreme / effectively unreachable (generational, completely separate, or one-way-feeling distance)",5,FALSE,5,"Extreme / effectively unreachable (generational, completely separate, or one-way-feeling distance)",5,5,"Extreme / effectively unreachable (generational, completely separate, or one-way-feeling distance)","Extreme / effectively unreachable (generational, completely separate, or one-way-feeling distance)",5
US,"The Hitchhiker's Guide to the Galaxy (Omnibus, Parts 1–3)",4,q4,how culturally different is space from earth?,NA,ordinal,91,90,FALSE,Radically different / alien social order,5,FALSE,5,Radically different / alien social order,4.788888888888889,5,Radically different / alien social order,Radically different / alien social order,5
US,"The Hitchhiker's Guide to the Galaxy (Omnibus, Parts 1–3)",5,q5,do you speak same language on earth vs space ?,NA,ordinal,91,87,FALSE,Translation-mediated communication (universal translator / communication tech makes language difference irrelevant),5,FALSE,5,Translation-mediated communication (universal translator / communication tech makes language difference irrelevant),4.816091954022989,5,Translation-mediated communication (universal translator / communication tech makes language difference irrelevant),Translation-mediated communication (universal translator / communication tech makes language difference irrelevant),5
US,"The Hitchhiker's Guide to the Galaxy (Omnibus, Parts 1–3)",6,q6,is it hostile / hard to survive (bc of natural conditions),NA,ordinal,91,86,FALSE,Manageable but risky,2,FALSE,2,Manageable but risky,2.1744186046511627,5,Nearly uninhabitable / lethal without major intervention,Benign / easily survivable,1
US,"The Hitchhiker's Guide to the Galaxy (Omnibus, Parts 1–3)",7,q7,how common is it for humans to live in space,NA,ordinal,91,89,FALSE,Normalized / widespread (space habitation is ordinary for humanity),5,FALSE,5,Normalized / widespread (space habitation is ordinary for humanity),4.932584269662922,5,Normalized / widespread (space habitation is ordinary for humanity),Normalized / widespread (space habitation is ordinary for humanity),5
US,"The Hitchhiker's Guide to the Galaxy (Omnibus, Parts 1–3)",8,q8,are there different countries in space? Or just one?,NA,ordinal,91,80,FALSE,Multiple distinct space polities,4,FALSE,4,Multiple distinct space polities,3.5375,5,"Highly fragmented political landscape (multipolar with many factions, corporations, colonies, microstates)",Multiple distinct space polities,4
US,"The Hitchhiker's Guide to the Galaxy (Omnibus, Parts 1–3)",9,q9,genre of the book,NA,nominal,91,91,FALSE,Comedy / satire,NA,FALSE,NA,NA,NA,NA,NA,Comedy / satire,NA
US,"The Hitchhiker's Guide to the Galaxy (Omnibus, Parts 1–3)",10,q10,is space a military or civilian domain / is the book military or civilian?,NA,ordinal,91,91,FALSE,Entirely civilian,1,FALSE,1,Entirely civilian,1.2967032967032968,5,Entirely military / war-focused,Entirely civilian,1
US,"The Hitchhiker's Guide to the Galaxy (Omnibus, Parts 1–3)",11,q11,Is space characterized like another military domain?,NA,nominal,91,87,FALSE,Totally unique domain,NA,FALSE,NA,NA,NA,NA,NA,Totally unique domain,NA
US,"The Hitchhiker's Guide to the Galaxy (Omnibus, Parts 1–3)",12,q12,how physically different is space from earth?,NA,ordinal,91,74,FALSE,Somewhat different (manageable environmental differences),2,FALSE,2,Somewhat different (manageable environmental differences),3.1216216216216215,5,Radically non-Earth-like (physics/environment fundamentally unlike Earth experience),Somewhat different (manageable environmental differences),2
US,The Left Hand of Darkness,1,q1,is space something to be contested,NA,ordinal,19,14,FALSE,"Low contestation (minor competition, little open conflict)",2,FALSE,2,"Low contestation (minor competition, little open conflict)",2,3,Moderate contestation (ongoing rivalry/disputes),"Low contestation (minor competition, little open conflict)",2
US,The Left Hand of Darkness,2,q2,can you inhabit and hold territory in space,NA,ordinal,19,14,FALSE,"Visiting / Temporary presence only (stations, missions, outposts)",2,FALSE,2,"Visiting / Temporary presence only (stations, missions, outposts)",2,2,"Visiting / Temporary presence only (stations, missions, outposts)","Visiting / Temporary presence only (stations, missions, outposts)",2
US,The Left Hand of Darkness,3,q3,how long is journey / how  far from earth,NA,ordinal,19,14,FALSE,"Extreme / effectively unreachable (generational, completely separate, or one-way-feeling distance)",5,FALSE,5,"Extreme / effectively unreachable (generational, completely separate, or one-way-feeling distance)",5,5,"Extreme / effectively unreachable (generational, completely separate, or one-way-feeling distance)","Extreme / effectively unreachable (generational, completely separate, or one-way-feeling distance)",5
US,The Left Hand of Darkness,4,q4,how culturally different is space from earth?,NA,ordinal,19,19,FALSE,Radically different / alien social order,5,FALSE,5,Radically different / alien social order,5,5,Radically different / alien social order,Radically different / alien social order,5
US,The Left Hand of Darkness,5,q5,do you speak same language on earth vs space ?,NA,ordinal,19,19,FALSE,Distinct space language(s),4,FALSE,4,Distinct space language(s),4,4,Distinct space language(s),Distinct space language(s),4
US,The Left Hand of Darkness,6,q6,is it hostile / hard to survive (bc of natural conditions),NA,ordinal,19,17,FALSE,Harsh and resource-intensive,3,FALSE,3,Harsh and resource-intensive,3.588235294117647,5,Nearly uninhabitable / lethal without major intervention,Extremely hostile (constant survival pressure),4
US,The Left Hand of Darkness,7,q7,how common is it for humans to live in space,NA,ordinal,19,14,FALSE,Exceptionally rare (few astronauts/explorers),1,FALSE,1,Exceptionally rare (few astronauts/explorers),1,1,Exceptionally rare (few astronauts/explorers),Exceptionally rare (few astronauts/explorers),1
US,The Left Hand of Darkness,8,q8,are there different countries in space? Or just one?,NA,ordinal,19,14,FALSE,Multiple distinct space polities,4,FALSE,4,Multiple distinct space polities,4,4,Multiple distinct space polities,Multiple distinct space polities,4
US,The Left Hand of Darkness,9,q9,genre of the book,NA,nominal,19,16,FALSE,Political / diplomatic,NA,FALSE,NA,NA,NA,NA,NA,Political / diplomatic,NA
US,The Left Hand of Darkness,10,q10,is space a military or civilian domain / is the book military or civilian?,NA,ordinal,19,19,FALSE,Entirely civilian,1,FALSE,1,Entirely civilian,1.0526315789473684,2,Mostly civilian with some military presence,Entirely civilian,1
US,The Left Hand of Darkness,11,q11,Is space characterized like another military domain?,NA,nominal,19,14,FALSE,Like the frontier / colonial expansion,NA,FALSE,NA,NA,NA,NA,NA,Like the frontier / colonial expansion,NA
US,The Left Hand of Darkness,12,q12,how physically different is space from earth?,NA,ordinal,19,17,FALSE,Very different (human bodies/technology constantly challenged),4,FALSE,4,Very different (human bodies/technology constantly challenged),4.117647058823529,5,Radically non-Earth-like (physics/environment fundamentally unlike Earth experience),Very different (human bodies/technology constantly challenged),4
US,The Martian,1,q1,is space something to be contested,NA,ordinal,26,26,FALSE,No contestation,1,FALSE,1,No contestation,1,1,No contestation,No contestation,1
US,The Martian,2,q2,can you inhabit and hold territory in space,NA,ordinal,26,26,FALSE,"Visiting / Temporary presence only (stations, missions, outposts)",2,FALSE,2,"Visiting / Temporary presence only (stations, missions, outposts)",2,2,"Visiting / Temporary presence only (stations, missions, outposts)","Visiting / Temporary presence only (stations, missions, outposts)",2
US,The Martian,3,q3,how long is journey / how  far from earth,NA,ordinal,26,26,FALSE,Moderate journey (months/meaningful separation),3,FALSE,3,Moderate journey (months/meaningful separation),3,3,Moderate journey (months/meaningful separation),Moderate journey (months/meaningful separation),3
US,The Martian,4,q4,how culturally different is space from earth?,NA,ordinal,26,26,FALSE,Basically Earth society in space,1,FALSE,1,Basically Earth society in space,1,1,Basically Earth society in space,Basically Earth society in space,1
US,The Martian,5,q5,do you speak same language on earth vs space ?,NA,ordinal,26,26,FALSE,Same languages as Earth,1,FALSE,1,Same languages as Earth,1,1,Same languages as Earth,Same languages as Earth,1
US,The Martian,6,q6,is it hostile / hard to survive (bc of natural conditions),NA,ordinal,26,26,FALSE,Nearly uninhabitable / lethal without major intervention,5,FALSE,5,Nearly uninhabitable / lethal without major intervention,5,5,Nearly uninhabitable / lethal without major intervention,Nearly uninhabitable / lethal without major intervention,5
US,The Martian,7,q7,how common is it for humans to live in space,NA,ordinal,26,26,FALSE,Exceptionally rare (few astronauts/explorers),1,FALSE,1,Exceptionally rare (few astronauts/explorers),1,1,Exceptionally rare (few astronauts/explorers),Exceptionally rare (few astronauts/explorers),1
US,The Martian,8,q8,are there different countries in space? Or just one?,NA,ordinal,26,26,FALSE,Earth nation-states extend into space,3,FALSE,3,Earth nation-states extend into space,3,3,Earth nation-states extend into space,Earth nation-states extend into space,3
US,The Martian,9,q9,genre of the book,NA,nominal,26,26,FALSE,Thriller / Horror / Survival,NA,FALSE,NA,NA,NA,NA,NA,Thriller / Horror / Survival,NA
US,The Martian,10,q10,is space a military or civilian domain / is the book military or civilian?,NA,ordinal,26,26,FALSE,Entirely civilian,1,FALSE,1,Entirely civilian,1,1,Entirely civilian,Entirely civilian,1
US,The Martian,11,q11,Is space characterized like another military domain?,NA,nominal,26,26,FALSE,Like the frontier / colonial expansion,NA,FALSE,NA,NA,NA,NA,NA,Like the frontier / colonial expansion,NA
US,The Martian,12,q12,how physically different is space from earth?,NA,ordinal,26,26,FALSE,Very different (human bodies/technology constantly challenged),4,FALSE,4,Very different (human bodies/technology constantly challenged),4,4,Very different (human bodies/technology constantly challenged),Very different (human bodies/technology constantly challenged),4
US,The Martian Chronicles | April 2000 - The Third Expedition,1,q1,is space something to be contested,The Martian Chronicles,ordinal,1,1,FALSE,High contestation (frequent conflict or strategic struggle),4,FALSE,4,High contestation (frequent conflict or strategic struggle),4,4,High contestation (frequent conflict or strategic struggle),High contestation (frequent conflict or strategic struggle),4
US,The Martian Chronicles | April 2000 - The Third Expedition,2,q2,can you inhabit and hold territory in space,The Martian Chronicles,ordinal,1,1,FALSE,"Visiting / Temporary presence only (stations, missions, outposts)",2,FALSE,2,"Visiting / Temporary presence only (stations, missions, outposts)",2,2,"Visiting / Temporary presence only (stations, missions, outposts)","Visiting / Temporary presence only (stations, missions, outposts)",2
US,The Martian Chronicles | April 2000 - The Third Expedition,3,q3,how long is journey / how  far from earth,The Martian Chronicles,ordinal,1,1,FALSE,Short interplanetary journey,2,FALSE,2,Short interplanetary journey,2,2,Short interplanetary journey,Short interplanetary journey,2
US,The Martian Chronicles | April 2000 - The Third Expedition,4,q4,how culturally different is space from earth?,The Martian Chronicles,ordinal,1,1,FALSE,Radically different / alien social order,5,FALSE,5,Radically different / alien social order,5,5,Radically different / alien social order,Radically different / alien social order,5
US,The Martian Chronicles | April 2000 - The Third Expedition,5,q5,do you speak same language on earth vs space ?,The Martian Chronicles,ordinal,1,1,FALSE,Translation-mediated communication (universal translator / communication tech makes language difference irrelevant),5,FALSE,5,Translation-mediated communication (universal translator / communication tech makes language difference irrelevant),5,5,Translation-mediated communication (universal translator / communication tech makes language difference irrelevant),Translation-mediated communication (universal translator / communication tech makes language difference irrelevant),5
US,The Martian Chronicles | April 2000 - The Third Expedition,6,q6,is it hostile / hard to survive (bc of natural conditions),The Martian Chronicles,ordinal,1,1,FALSE,Extremely hostile (constant survival pressure),4,FALSE,4,Extremely hostile (constant survival pressure),4,4,Extremely hostile (constant survival pressure),Extremely hostile (constant survival pressure),4
US,The Martian Chronicles | April 2000 - The Third Expedition,7,q7,how common is it for humans to live in space,The Martian Chronicles,ordinal,1,1,FALSE,Exceptionally rare (few astronauts/explorers),1,FALSE,1,Exceptionally rare (few astronauts/explorers),1,1,Exceptionally rare (few astronauts/explorers),Exceptionally rare (few astronauts/explorers),1
US,The Martian Chronicles | April 2000 - The Third Expedition,8,q8,are there different countries in space? Or just one?,The Martian Chronicles,ordinal,1,0,TRUE,Other / Unsure,NA,FALSE,NA,NA,NA,NA,NA,Other / Unsure,NA
US,The Martian Chronicles | April 2000 - The Third Expedition,9,q9,genre of the book,The Martian Chronicles,nominal,1,1,FALSE,Thriller / Horror / Survival,NA,FALSE,NA,NA,NA,NA,NA,Thriller / Horror / Survival,NA
US,The Martian Chronicles | April 2000 - The Third Expedition,10,q10,is space a military or civilian domain / is the book military or civilian?,The Martian Chronicles,ordinal,1,1,FALSE,Mostly civilian with some military presence,2,FALSE,2,Mostly civilian with some military presence,2,2,Mostly civilian with some military presence,Mostly civilian with some military presence,2
US,The Martian Chronicles | April 2000 - The Third Expedition,11,q11,Is space characterized like another military domain?,The Martian Chronicles,nominal,1,1,FALSE,Like the frontier / colonial expansion,NA,FALSE,NA,NA,NA,NA,NA,Like the frontier / colonial expansion,NA
US,The Martian Chronicles | April 2000 - The Third Expedition,12,q12,how physically different is space from earth?,The Martian Chronicles,ordinal,1,1,FALSE,Moderately different (regular adaptation needed),3,FALSE,3,Moderately different (regular adaptation needed),3,3,Moderately different (regular adaptation needed),Moderately different (regular adaptation needed),3
US,The Martian Chronicles | April 2003 - The Musicians,1,q1,is space something to be contested,The Martian Chronicles,ordinal,1,1,FALSE,No contestation,1,FALSE,1,No contestation,1,1,No contestation,No contestation,1
US,The Martian Chronicles | April 2003 - The Musicians,2,q2,can you inhabit and hold territory in space,The Martian Chronicles,ordinal,1,1,FALSE,Habitable and governable (permanent settlements can hold territory),4,FALSE,4,Habitable and governable (permanent settlements can hold territory),4,4,Habitable and governable (permanent settlements can hold territory),Habitable and governable (permanent settlements can hold territory),4
US,The Martian Chronicles | April 2003 - The Musicians,3,q3,how long is journey / how  far from earth,The Martian Chronicles,ordinal,1,1,FALSE,Short interplanetary journey,2,FALSE,2,Short interplanetary journey,2,2,Short interplanetary journey,Short interplanetary journey,2
US,The Martian Chronicles | April 2003 - The Musicians,4,q4,how culturally different is space from earth?,The Martian Chronicles,ordinal,1,1,FALSE,Basically Earth society in space,1,FALSE,1,Basically Earth society in space,1,1,Basically Earth society in space,Basically Earth society in space,1
US,The Martian Chronicles | April 2003 - The Musicians,5,q5,do you speak same language on earth vs space ?,The Martian Chronicles,ordinal,1,1,FALSE,Same languages as Earth,1,FALSE,1,Same languages as Earth,1,1,Same languages as Earth,Same languages as Earth,1
US,The Martian Chronicles | April 2003 - The Musicians,6,q6,is it hostile / hard to survive (bc of natural conditions),The Martian Chronicles,ordinal,1,1,FALSE,Manageable but risky,2,FALSE,2,Manageable but risky,2,2,Manageable but risky,Manageable but risky,2
US,The Martian Chronicles | April 2003 - The Musicians,7,q7,how common is it for humans to live in space,The Martian Chronicles,ordinal,1,1,FALSE,Moderately common (noticeable settlements/populations),3,FALSE,3,Moderately common (noticeable settlements/populations),3,3,Moderately common (noticeable settlements/populations),Moderately common (noticeable settlements/populations),3
US,The Martian Chronicles | April 2003 - The Musicians,8,q8,are there different countries in space? Or just one?,The Martian Chronicles,ordinal,1,1,FALSE,Earth nation-states extend into space,3,FALSE,3,Earth nation-states extend into space,3,3,Earth nation-states extend into space,Earth nation-states extend into space,3
US,The Martian Chronicles | April 2003 - The Musicians,9,q9,genre of the book,The Martian Chronicles,nominal,1,1,FALSE,Drama,NA,FALSE,NA,NA,NA,NA,NA,Drama,NA
US,The Martian Chronicles | April 2003 - The Musicians,10,q10,is space a military or civilian domain / is the book military or civilian?,The Martian Chronicles,ordinal,1,1,FALSE,Entirely civilian,1,FALSE,1,Entirely civilian,1,1,Entirely civilian,Entirely civilian,1
US,The Martian Chronicles | April 2003 - The Musicians,11,q11,Is space characterized like another military domain?,The Martian Chronicles,nominal,1,1,FALSE,Like the frontier / colonial expansion,NA,FALSE,NA,NA,NA,NA,NA,Like the frontier / colonial expansion,NA
US,The Martian Chronicles | April 2003 - The Musicians,12,q12,how physically different is space from earth?,The Martian Chronicles,ordinal,1,1,FALSE,Somewhat different (manageable environmental differences),2,FALSE,2,Somewhat different (manageable environmental differences),2,2,Somewhat different (manageable environmental differences),Somewhat different (manageable environmental differences),2
US,The Martian Chronicles | April 2005 - Usher Ii,1,q1,is space something to be contested,The Martian Chronicles,ordinal,1,1,FALSE,Moderate contestation (ongoing rivalry/disputes),3,FALSE,3,Moderate contestation (ongoing rivalry/disputes),3,3,Moderate contestation (ongoing rivalry/disputes),Moderate contestation (ongoing rivalry/disputes),3
US,The Martian Chronicles | April 2005 - Usher Ii,2,q2,can you inhabit and hold territory in space,The Martian Chronicles,ordinal,1,1,FALSE,Habitable and governable (permanent settlements can hold territory),4,FALSE,4,Habitable and governable (permanent settlements can hold territory),4,4,Habitable and governable (permanent settlements can hold territory),Habitable and governable (permanent settlements can hold territory),4
US,The Martian Chronicles | April 2005 - Usher Ii,3,q3,how long is journey / how  far from earth,The Martian Chronicles,ordinal,1,1,FALSE,Short interplanetary journey,2,FALSE,2,Short interplanetary journey,2,2,Short interplanetary journey,Short interplanetary journey,2
US,The Martian Chronicles | April 2005 - Usher Ii,4,q4,how culturally different is space from earth?,The Martian Chronicles,ordinal,1,1,FALSE,Basically Earth society in space,1,FALSE,1,Basically Earth society in space,1,1,Basically Earth society in space,Basically Earth society in space,1
US,The Martian Chronicles | April 2005 - Usher Ii,5,q5,do you speak same language on earth vs space ?,The Martian Chronicles,ordinal,1,1,FALSE,Same languages as Earth,1,FALSE,1,Same languages as Earth,1,1,Same languages as Earth,Same languages as Earth,1
US,The Martian Chronicles | April 2005 - Usher Ii,6,q6,is it hostile / hard to survive (bc of natural conditions),The Martian Chronicles,ordinal,1,1,FALSE,Manageable but risky,2,FALSE,2,Manageable but risky,2,2,Manageable but risky,Manageable but risky,2
US,The Martian Chronicles | April 2005 - Usher Ii,7,q7,how common is it for humans to live in space,The Martian Chronicles,ordinal,1,1,FALSE,Common (many people live/work there),4,FALSE,4,Common (many people live/work there),4,4,Common (many people live/work there),Common (many people live/work there),4
US,The Martian Chronicles | April 2005 - Usher Ii,8,q8,are there different countries in space? Or just one?,The Martian Chronicles,ordinal,1,1,FALSE,Earth nation-states extend into space,3,FALSE,3,Earth nation-states extend into space,3,3,Earth nation-states extend into space,Earth nation-states extend into space,3
US,The Martian Chronicles | April 2005 - Usher Ii,9,q9,genre of the book,The Martian Chronicles,nominal,1,1,FALSE,Thriller / Horror / Survival,NA,FALSE,NA,NA,NA,NA,NA,Thriller / Horror / Survival,NA
US,The Martian Chronicles | April 2005 - Usher Ii,10,q10,is space a military or civilian domain / is the book military or civilian?,The Martian Chronicles,ordinal,1,1,FALSE,Entirely civilian,1,FALSE,1,Entirely civilian,1,1,Entirely civilian,Entirely civilian,1
US,The Martian Chronicles | April 2005 - Usher Ii,11,q11,Is space characterized like another military domain?,The Martian Chronicles,nominal,1,1,FALSE,Like the frontier / colonial expansion,NA,FALSE,NA,NA,NA,NA,NA,Like the frontier / colonial expansion,NA
US,The Martian Chronicles | April 2005 - Usher Ii,12,q12,how physically different is space from earth?,The Martian Chronicles,ordinal,1,1,FALSE,Somewhat different (manageable environmental differences),2,FALSE,2,Somewhat different (manageable environmental differences),2,2,Somewhat different (manageable environmental differences),Somewhat different (manageable environmental differences),2
US,The Martian Chronicles | April 2026 - The Long Years,1,q1,is space something to be contested,The Martian Chronicles,ordinal,1,1,FALSE,No contestation,1,FALSE,1,No contestation,1,1,No contestation,No contestation,1
US,The Martian Chronicles | April 2026 - The Long Years,2,q2,can you inhabit and hold territory in space,The Martian Chronicles,ordinal,1,1,FALSE,"Limited settlement (small colonies, hard to sustain/control)",3,FALSE,3,"Limited settlement (small colonies, hard to sustain/control)",3,3,"Limited settlement (small colonies, hard to sustain/control)","Limited settlement (small colonies, hard to sustain/control)",3
US,The Martian Chronicles | April 2026 - The Long Years,3,q3,how long is journey / how  far from earth,The Martian Chronicles,ordinal,1,1,FALSE,Moderate journey (months/meaningful separation),3,FALSE,3,Moderate journey (months/meaningful separation),3,3,Moderate journey (months/meaningful separation),Moderate journey (months/meaningful separation),3
US,The Martian Chronicles | April 2026 - The Long Years,4,q4,how culturally different is space from earth?,The Martian Chronicles,ordinal,1,1,FALSE,Mixed / hybrid culture,3,FALSE,3,Mixed / hybrid culture,3,3,Mixed / hybrid culture,Mixed / hybrid culture,3
US,The Martian Chronicles | April 2026 - The Long Years,5,q5,do you speak same language on earth vs space ?,The Martian Chronicles,ordinal,1,1,FALSE,Same languages as Earth,1,FALSE,1,Same languages as Earth,1,1,Same languages as Earth,Same languages as Earth,1
US,The Martian Chronicles | April 2026 - The Long Years,6,q6,is it hostile / hard to survive (bc of natural conditions),The Martian Chronicles,ordinal,1,1,FALSE,Harsh and resource-intensive,3,FALSE,3,Harsh and resource-intensive,3,3,Harsh and resource-intensive,Harsh and resource-intensive,3
US,The Martian Chronicles | April 2026 - The Long Years,7,q7,how common is it for humans to live in space,The Martian Chronicles,ordinal,1,1,FALSE,Exceptionally rare (few astronauts/explorers),1,FALSE,1,Exceptionally rare (few astronauts/explorers),1,1,Exceptionally rare (few astronauts/explorers),Exceptionally rare (few astronauts/explorers),1
US,The Martian Chronicles | April 2026 - The Long Years,8,q8,are there different countries in space? Or just one?,The Martian Chronicles,ordinal,1,1,FALSE,No political order / ungoverned,1,FALSE,1,No political order / ungoverned,1,1,No political order / ungoverned,No political order / ungoverned,1
US,The Martian Chronicles | April 2026 - The Long Years,9,q9,genre of the book,The Martian Chronicles,nominal,1,1,FALSE,Drama,NA,FALSE,NA,NA,NA,NA,NA,Drama,NA
US,The Martian Chronicles | April 2026 - The Long Years,10,q10,is space a military or civilian domain / is the book military or civilian?,The Martian Chronicles,ordinal,1,1,FALSE,Mostly civilian with some military presence,2,FALSE,2,Mostly civilian with some military presence,2,2,Mostly civilian with some military presence,Mostly civilian with some military presence,2
US,The Martian Chronicles | April 2026 - The Long Years,11,q11,Is space characterized like another military domain?,The Martian Chronicles,nominal,1,1,FALSE,Like the frontier / colonial expansion,NA,FALSE,NA,NA,NA,NA,NA,Like the frontier / colonial expansion,NA
US,The Martian Chronicles | April 2026 - The Long Years,12,q12,how physically different is space from earth?,The Martian Chronicles,ordinal,1,1,FALSE,Very different (human bodies/technology constantly challenged),4,FALSE,4,Very different (human bodies/technology constantly challenged),4,4,Very different (human bodies/technology constantly challenged),Very different (human bodies/technology constantly challenged),4
US,The Martian Chronicles | August 1999 - The Earth Men,1,q1,is space something to be contested,The Martian Chronicles,ordinal,1,1,FALSE,Moderate contestation (ongoing rivalry/disputes),3,FALSE,3,Moderate contestation (ongoing rivalry/disputes),3,3,Moderate contestation (ongoing rivalry/disputes),Moderate contestation (ongoing rivalry/disputes),3
US,The Martian Chronicles | August 1999 - The Earth Men,2,q2,can you inhabit and hold territory in space,The Martian Chronicles,ordinal,1,1,FALSE,"Visiting / Temporary presence only (stations, missions, outposts)",2,FALSE,2,"Visiting / Temporary presence only (stations, missions, outposts)",2,2,"Visiting / Temporary presence only (stations, missions, outposts)","Visiting / Temporary presence only (stations, missions, outposts)",2
US,The Martian Chronicles | August 1999 - The Earth Men,3,q3,how long is journey / how  far from earth,The Martian Chronicles,ordinal,1,1,FALSE,Short interplanetary journey,2,FALSE,2,Short interplanetary journey,2,2,Short interplanetary journey,Short interplanetary journey,2
US,The Martian Chronicles | August 1999 - The Earth Men,4,q4,how culturally different is space from earth?,The Martian Chronicles,ordinal,1,1,FALSE,Radically different / alien social order,5,FALSE,5,Radically different / alien social order,5,5,Radically different / alien social order,Radically different / alien social order,5
US,The Martian Chronicles | August 1999 - The Earth Men,5,q5,do you speak same language on earth vs space ?,The Martian Chronicles,ordinal,1,1,FALSE,Translation-mediated communication (universal translator / communication tech makes language difference irrelevant),5,FALSE,5,Translation-mediated communication (universal translator / communication tech makes language difference irrelevant),5,5,Translation-mediated communication (universal translator / communication tech makes language difference irrelevant),Translation-mediated communication (universal translator / communication tech makes language difference irrelevant),5
US,The Martian Chronicles | August 1999 - The Earth Men,6,q6,is it hostile / hard to survive (bc of natural conditions),The Martian Chronicles,ordinal,1,1,FALSE,Manageable but risky,2,FALSE,2,Manageable but risky,2,2,Manageable but risky,Manageable but risky,2
US,The Martian Chronicles | August 1999 - The Earth Men,7,q7,how common is it for humans to live in space,The Martian Chronicles,ordinal,1,1,FALSE,Exceptionally rare (few astronauts/explorers),1,FALSE,1,Exceptionally rare (few astronauts/explorers),1,1,Exceptionally rare (few astronauts/explorers),Exceptionally rare (few astronauts/explorers),1
US,The Martian Chronicles | August 1999 - The Earth Men,8,q8,are there different countries in space? Or just one?,The Martian Chronicles,ordinal,1,1,FALSE,Single unified authority,2,FALSE,2,Single unified authority,2,2,Single unified authority,Single unified authority,2
US,The Martian Chronicles | August 1999 - The Earth Men,9,q9,genre of the book,The Martian Chronicles,nominal,1,1,FALSE,Comedy / satire,NA,FALSE,NA,NA,NA,NA,NA,Comedy / satire,NA
US,The Martian Chronicles | August 1999 - The Earth Men,10,q10,is space a military or civilian domain / is the book military or civilian?,The Martian Chronicles,ordinal,1,1,FALSE,Entirely civilian,1,FALSE,1,Entirely civilian,1,1,Entirely civilian,Entirely civilian,1
US,The Martian Chronicles | August 1999 - The Earth Men,11,q11,Is space characterized like another military domain?,The Martian Chronicles,nominal,1,1,FALSE,Like the frontier / colonial expansion,NA,FALSE,NA,NA,NA,NA,NA,Like the frontier / colonial expansion,NA
US,The Martian Chronicles | August 1999 - The Earth Men,12,q12,how physically different is space from earth?,The Martian Chronicles,ordinal,1,1,FALSE,Moderately different (regular adaptation needed),3,FALSE,3,Moderately different (regular adaptation needed),3,3,Moderately different (regular adaptation needed),Moderately different (regular adaptation needed),3
US,The Martian Chronicles | August 1999 - The Summer Night,1,q1,is space something to be contested,The Martian Chronicles,ordinal,1,1,FALSE,"Low contestation (minor competition, little open conflict)",2,FALSE,2,"Low contestation (minor competition, little open conflict)",2,2,"Low contestation (minor competition, little open conflict)","Low contestation (minor competition, little open conflict)",2
US,The Martian Chronicles | August 1999 - The Summer Night,2,q2,can you inhabit and hold territory in space,The Martian Chronicles,ordinal,1,1,FALSE,Cannot inhabit or hold territory,1,FALSE,1,Cannot inhabit or hold territory,1,1,Cannot inhabit or hold territory,Cannot inhabit or hold territory,1
US,The Martian Chronicles | August 1999 - The Summer Night,3,q3,how long is journey / how  far from earth,The Martian Chronicles,ordinal,1,1,FALSE,Short interplanetary journey,2,FALSE,2,Short interplanetary journey,2,2,Short interplanetary journey,Short interplanetary journey,2
US,The Martian Chronicles | August 1999 - The Summer Night,4,q4,how culturally different is space from earth?,The Martian Chronicles,ordinal,1,1,FALSE,Radically different / alien social order,5,FALSE,5,Radically different / alien social order,5,5,Radically different / alien social order,Radically different / alien social order,5
US,The Martian Chronicles | August 1999 - The Summer Night,5,q5,do you speak same language on earth vs space ?,The Martian Chronicles,ordinal,1,1,FALSE,Distinct space language(s),4,FALSE,4,Distinct space language(s),4,4,Distinct space language(s),Distinct space language(s),4
US,The Martian Chronicles | August 1999 - The Summer Night,6,q6,is it hostile / hard to survive (bc of natural conditions),The Martian Chronicles,ordinal,1,1,FALSE,Manageable but risky,2,FALSE,2,Manageable but risky,2,2,Manageable but risky,Manageable but risky,2
US,The Martian Chronicles | August 1999 - The Summer Night,7,q7,how common is it for humans to live in space,The Martian Chronicles,ordinal,1,1,FALSE,Exceptionally rare (few astronauts/explorers),1,FALSE,1,Exceptionally rare (few astronauts/explorers),1,1,Exceptionally rare (few astronauts/explorers),Exceptionally rare (few astronauts/explorers),1
US,The Martian Chronicles | August 1999 - The Summer Night,8,q8,are there different countries in space? Or just one?,The Martian Chronicles,ordinal,1,0,TRUE,Other / Unsure,NA,FALSE,NA,NA,NA,NA,NA,Other / Unsure,NA
US,The Martian Chronicles | August 1999 - The Summer Night,9,q9,genre of the book,The Martian Chronicles,nominal,1,1,FALSE,Thriller / Horror / Survival,NA,FALSE,NA,NA,NA,NA,NA,Thriller / Horror / Survival,NA
US,The Martian Chronicles | August 1999 - The Summer Night,10,q10,is space a military or civilian domain / is the book military or civilian?,The Martian Chronicles,ordinal,1,1,FALSE,Entirely civilian,1,FALSE,1,Entirely civilian,1,1,Entirely civilian,Entirely civilian,1
US,The Martian Chronicles | August 1999 - The Summer Night,11,q11,Is space characterized like another military domain?,The Martian Chronicles,nominal,1,0,TRUE,Other / Unsure,6,FALSE,NA,NA,NA,NA,NA,Other / Unsure,NA
US,The Martian Chronicles | August 1999 - The Summer Night,12,q12,how physically different is space from earth?,The Martian Chronicles,ordinal,1,1,FALSE,Moderately different (regular adaptation needed),3,FALSE,3,Moderately different (regular adaptation needed),3,3,Moderately different (regular adaptation needed),Moderately different (regular adaptation needed),3
US,The Martian Chronicles | August 2001 - The Settlers,1,q1,is space something to be contested,The Martian Chronicles,ordinal,1,1,FALSE,No contestation,1,FALSE,1,No contestation,1,1,No contestation,No contestation,1
US,The Martian Chronicles | August 2001 - The Settlers,2,q2,can you inhabit and hold territory in space,The Martian Chronicles,ordinal,1,1,FALSE,"Limited settlement (small colonies, hard to sustain/control)",3,FALSE,3,"Limited settlement (small colonies, hard to sustain/control)",3,3,"Limited settlement (small colonies, hard to sustain/control)","Limited settlement (small colonies, hard to sustain/control)",3
US,The Martian Chronicles | August 2001 - The Settlers,3,q3,how long is journey / how  far from earth,The Martian Chronicles,ordinal,1,1,FALSE,Short interplanetary journey,2,FALSE,2,Short interplanetary journey,2,2,Short interplanetary journey,Short interplanetary journey,2
US,The Martian Chronicles | August 2001 - The Settlers,4,q4,how culturally different is space from earth?,The Martian Chronicles,ordinal,1,1,FALSE,Basically Earth society in space,1,FALSE,1,Basically Earth society in space,1,1,Basically Earth society in space,Basically Earth society in space,1
US,The Martian Chronicles | August 2001 - The Settlers,5,q5,do you speak same language on earth vs space ?,The Martian Chronicles,ordinal,1,1,FALSE,Same languages as Earth,1,FALSE,1,Same languages as Earth,1,1,Same languages as Earth,Same languages as Earth,1
US,The Martian Chronicles | August 2001 - The Settlers,6,q6,is it hostile / hard to survive (bc of natural conditions),The Martian Chronicles,ordinal,1,1,FALSE,Harsh and resource-intensive,3,FALSE,3,Harsh and resource-intensive,3,3,Harsh and resource-intensive,Harsh and resource-intensive,3
US,The Martian Chronicles | August 2001 - The Settlers,7,q7,how common is it for humans to live in space,The Martian Chronicles,ordinal,1,1,FALSE,Uncommon (small specialist population),2,FALSE,2,Uncommon (small specialist population),2,2,Uncommon (small specialist population),Uncommon (small specialist population),2
US,The Martian Chronicles | August 2001 - The Settlers,8,q8,are there different countries in space? Or just one?,The Martian Chronicles,ordinal,1,1,FALSE,Earth nation-states extend into space,3,FALSE,3,Earth nation-states extend into space,3,3,Earth nation-states extend into space,Earth nation-states extend into space,3
US,The Martian Chronicles | August 2001 - The Settlers,9,q9,genre of the book,The Martian Chronicles,nominal,1,1,FALSE,Drama,NA,FALSE,NA,NA,NA,NA,NA,Drama,NA
US,The Martian Chronicles | August 2001 - The Settlers,10,q10,is space a military or civilian domain / is the book military or civilian?,The Martian Chronicles,ordinal,1,1,FALSE,Entirely civilian,1,FALSE,1,Entirely civilian,1,1,Entirely civilian,Entirely civilian,1
US,The Martian Chronicles | August 2001 - The Settlers,11,q11,Is space characterized like another military domain?,The Martian Chronicles,nominal,1,1,FALSE,Like the frontier / colonial expansion,NA,FALSE,NA,NA,NA,NA,NA,Like the frontier / colonial expansion,NA
US,The Martian Chronicles | August 2001 - The Settlers,12,q12,how physically different is space from earth?,The Martian Chronicles,ordinal,1,1,FALSE,Moderately different (regular adaptation needed),3,FALSE,3,Moderately different (regular adaptation needed),3,3,Moderately different (regular adaptation needed),Moderately different (regular adaptation needed),3
US,The Martian Chronicles | August 2002 - Night Meeting,1,q1,is space something to be contested,The Martian Chronicles,ordinal,1,1,FALSE,No contestation,1,FALSE,1,No contestation,1,1,No contestation,No contestation,1
US,The Martian Chronicles | August 2002 - Night Meeting,2,q2,can you inhabit and hold territory in space,The Martian Chronicles,ordinal,1,1,FALSE,"Limited settlement (small colonies, hard to sustain/control)",3,FALSE,3,"Limited settlement (small colonies, hard to sustain/control)",3,3,"Limited settlement (small colonies, hard to sustain/control)","Limited settlement (small colonies, hard to sustain/control)",3
US,The Martian Chronicles | August 2002 - Night Meeting,3,q3,how long is journey / how  far from earth,The Martian Chronicles,ordinal,1,1,FALSE,Short interplanetary journey,2,FALSE,2,Short interplanetary journey,2,2,Short interplanetary journey,Short interplanetary journey,2
US,The Martian Chronicles | August 2002 - Night Meeting,4,q4,how culturally different is space from earth?,The Martian Chronicles,ordinal,1,1,FALSE,Mixed / hybrid culture,3,FALSE,3,Mixed / hybrid culture,3,3,Mixed / hybrid culture,Mixed / hybrid culture,3
US,The Martian Chronicles | August 2002 - Night Meeting,5,q5,do you speak same language on earth vs space ?,The Martian Chronicles,ordinal,1,1,FALSE,Translation-mediated communication (universal translator / communication tech makes language difference irrelevant),5,FALSE,5,Translation-mediated communication (universal translator / communication tech makes language difference irrelevant),5,5,Translation-mediated communication (universal translator / communication tech makes language difference irrelevant),Translation-mediated communication (universal translator / communication tech makes language difference irrelevant),5
US,The Martian Chronicles | August 2002 - Night Meeting,6,q6,is it hostile / hard to survive (bc of natural conditions),The Martian Chronicles,ordinal,1,1,FALSE,Manageable but risky,2,FALSE,2,Manageable but risky,2,2,Manageable but risky,Manageable but risky,2
US,The Martian Chronicles | August 2002 - Night Meeting,7,q7,how common is it for humans to live in space,The Martian Chronicles,ordinal,1,1,FALSE,Uncommon (small specialist population),2,FALSE,2,Uncommon (small specialist population),2,2,Uncommon (small specialist population),Uncommon (small specialist population),2
US,The Martian Chronicles | August 2002 - Night Meeting,8,q8,are there different countries in space? Or just one?,The Martian Chronicles,ordinal,1,0,TRUE,Other / Unsure,NA,FALSE,NA,NA,NA,NA,NA,Other / Unsure,NA
US,The Martian Chronicles | August 2002 - Night Meeting,9,q9,genre of the book,The Martian Chronicles,nominal,1,1,FALSE,Drama,NA,FALSE,NA,NA,NA,NA,NA,Drama,NA
US,The Martian Chronicles | August 2002 - Night Meeting,10,q10,is space a military or civilian domain / is the book military or civilian?,The Martian Chronicles,ordinal,1,1,FALSE,Entirely civilian,1,FALSE,1,Entirely civilian,1,1,Entirely civilian,Entirely civilian,1
US,The Martian Chronicles | August 2002 - Night Meeting,11,q11,Is space characterized like another military domain?,The Martian Chronicles,nominal,1,1,FALSE,Like the frontier / colonial expansion,NA,FALSE,NA,NA,NA,NA,NA,Like the frontier / colonial expansion,NA
US,The Martian Chronicles | August 2002 - Night Meeting,12,q12,how physically different is space from earth?,The Martian Chronicles,ordinal,1,1,FALSE,Somewhat different (manageable environmental differences),2,FALSE,2,Somewhat different (manageable environmental differences),2,2,Somewhat different (manageable environmental differences),Somewhat different (manageable environmental differences),2
US,The Martian Chronicles | August 2005 - The Old Ones,1,q1,is space something to be contested,The Martian Chronicles,ordinal,1,1,FALSE,No contestation,1,FALSE,1,No contestation,1,1,No contestation,No contestation,1
US,The Martian Chronicles | August 2005 - The Old Ones,2,q2,can you inhabit and hold territory in space,The Martian Chronicles,ordinal,1,1,FALSE,Habitable and governable (permanent settlements can hold territory),4,FALSE,4,Habitable and governable (permanent settlements can hold territory),4,4,Habitable and governable (permanent settlements can hold territory),Habitable and governable (permanent settlements can hold territory),4
US,The Martian Chronicles | August 2005 - The Old Ones,3,q3,how long is journey / how  far from earth,The Martian Chronicles,ordinal,1,1,FALSE,Short interplanetary journey,2,FALSE,2,Short interplanetary journey,2,2,Short interplanetary journey,Short interplanetary journey,2
US,The Martian Chronicles | August 2005 - The Old Ones,4,q4,how culturally different is space from earth?,The Martian Chronicles,ordinal,1,1,FALSE,Basically Earth society in space,1,FALSE,1,Basically Earth society in space,1,1,Basically Earth society in space,Basically Earth society in space,1
US,The Martian Chronicles | August 2005 - The Old Ones,5,q5,do you speak same language on earth vs space ?,The Martian Chronicles,ordinal,1,1,FALSE,Same languages as Earth,1,FALSE,1,Same languages as Earth,1,1,Same languages as Earth,Same languages as Earth,1
US,The Martian Chronicles | August 2005 - The Old Ones,6,q6,is it hostile / hard to survive (bc of natural conditions),The Martian Chronicles,ordinal,1,1,FALSE,Manageable but risky,2,FALSE,2,Manageable but risky,2,2,Manageable but risky,Manageable but risky,2
US,The Martian Chronicles | August 2005 - The Old Ones,7,q7,how common is it for humans to live in space,The Martian Chronicles,ordinal,1,1,FALSE,Common (many people live/work there),4,FALSE,4,Common (many people live/work there),4,4,Common (many people live/work there),Common (many people live/work there),4
US,The Martian Chronicles | August 2005 - The Old Ones,8,q8,are there different countries in space? Or just one?,The Martian Chronicles,ordinal,1,1,FALSE,Earth nation-states extend into space,3,FALSE,3,Earth nation-states extend into space,3,3,Earth nation-states extend into space,Earth nation-states extend into space,3
US,The Martian Chronicles | August 2005 - The Old Ones,9,q9,genre of the book,The Martian Chronicles,nominal,1,1,FALSE,Drama,NA,FALSE,NA,NA,NA,NA,NA,Drama,NA
US,The Martian Chronicles | August 2005 - The Old Ones,10,q10,is space a military or civilian domain / is the book military or civilian?,The Martian Chronicles,ordinal,1,1,FALSE,Entirely civilian,1,FALSE,1,Entirely civilian,1,1,Entirely civilian,Entirely civilian,1
US,The Martian Chronicles | August 2005 - The Old Ones,11,q11,Is space characterized like another military domain?,The Martian Chronicles,nominal,1,1,FALSE,Like the frontier / colonial expansion,NA,FALSE,NA,NA,NA,NA,NA,Like the frontier / colonial expansion,NA
US,The Martian Chronicles | August 2005 - The Old Ones,12,q12,how physically different is space from earth?,The Martian Chronicles,ordinal,1,1,FALSE,Somewhat different (manageable environmental differences),2,FALSE,2,Somewhat different (manageable environmental differences),2,2,Somewhat different (manageable environmental differences),Somewhat different (manageable environmental differences),2
US,The Martian Chronicles | August 2026 - There Will Come Soft Rains,1,q1,is space something to be contested,The Martian Chronicles,ordinal,1,1,FALSE,Total war / constant conflict,5,FALSE,5,Total war / constant conflict,5,5,Total war / constant conflict,Total war / constant conflict,5
US,The Martian Chronicles | August 2026 - There Will Come Soft Rains,2,q2,can you inhabit and hold territory in space,The Martian Chronicles,ordinal,1,0,TRUE,Other / Unsure,NA,FALSE,NA,NA,NA,NA,NA,Other / Unsure,NA
US,The Martian Chronicles | August 2026 - There Will Come Soft Rains,3,q3,how long is journey / how  far from earth,The Martian Chronicles,ordinal,1,0,TRUE,Other / Unsure,NA,FALSE,NA,NA,NA,NA,NA,Other / Unsure,NA
US,The Martian Chronicles | August 2026 - There Will Come Soft Rains,4,q4,how culturally different is space from earth?,The Martian Chronicles,ordinal,1,0,TRUE,Other / Unsure,NA,FALSE,NA,NA,NA,NA,NA,Other / Unsure,NA
US,The Martian Chronicles | August 2026 - There Will Come Soft Rains,5,q5,do you speak same language on earth vs space ?,The Martian Chronicles,ordinal,1,0,TRUE,Other / Unsure,NA,FALSE,NA,NA,NA,NA,NA,Other / Unsure,NA
US,The Martian Chronicles | August 2026 - There Will Come Soft Rains,6,q6,is it hostile / hard to survive (bc of natural conditions),The Martian Chronicles,ordinal,1,1,FALSE,Nearly uninhabitable / lethal without major intervention,5,FALSE,5,Nearly uninhabitable / lethal without major intervention,5,5,Nearly uninhabitable / lethal without major intervention,Nearly uninhabitable / lethal without major intervention,5
US,The Martian Chronicles | August 2026 - There Will Come Soft Rains,7,q7,how common is it for humans to live in space,The Martian Chronicles,ordinal,1,0,TRUE,Other / Unsure,NA,FALSE,NA,NA,NA,NA,NA,Other / Unsure,NA
US,The Martian Chronicles | August 2026 - There Will Come Soft Rains,8,q8,are there different countries in space? Or just one?,The Martian Chronicles,ordinal,1,1,FALSE,No political order / ungoverned,1,FALSE,1,No political order / ungoverned,1,1,No political order / ungoverned,No political order / ungoverned,1
US,The Martian Chronicles | August 2026 - There Will Come Soft Rains,9,q9,genre of the book,The Martian Chronicles,nominal,1,1,FALSE,Thriller / Horror / Survival,NA,FALSE,NA,NA,NA,NA,NA,Thriller / Horror / Survival,NA
US,The Martian Chronicles | August 2026 - There Will Come Soft Rains,10,q10,is space a military or civilian domain / is the book military or civilian?,The Martian Chronicles,ordinal,1,0,TRUE,Other / Unsure,NA,FALSE,NA,NA,NA,NA,NA,Other / Unsure,NA
US,The Martian Chronicles | August 2026 - There Will Come Soft Rains,11,q11,Is space characterized like another military domain?,The Martian Chronicles,nominal,1,0,TRUE,Other / Unsure,6,FALSE,NA,NA,NA,NA,NA,Other / Unsure,NA
US,The Martian Chronicles | August 2026 - There Will Come Soft Rains,12,q12,how physically different is space from earth?,The Martian Chronicles,ordinal,1,0,TRUE,Other / Unsure,NA,FALSE,NA,NA,NA,NA,NA,Other / Unsure,NA
US,The Martian Chronicles | December 2001 - The Green Morning,1,q1,is space something to be contested,The Martian Chronicles,ordinal,1,1,FALSE,No contestation,1,FALSE,1,No contestation,1,1,No contestation,No contestation,1
US,The Martian Chronicles | December 2001 - The Green Morning,2,q2,can you inhabit and hold territory in space,The Martian Chronicles,ordinal,1,1,FALSE,"Limited settlement (small colonies, hard to sustain/control)",3,FALSE,3,"Limited settlement (small colonies, hard to sustain/control)",3,3,"Limited settlement (small colonies, hard to sustain/control)","Limited settlement (small colonies, hard to sustain/control)",3
US,The Martian Chronicles | December 2001 - The Green Morning,3,q3,how long is journey / how  far from earth,The Martian Chronicles,ordinal,1,1,FALSE,Short interplanetary journey,2,FALSE,2,Short interplanetary journey,2,2,Short interplanetary journey,Short interplanetary journey,2
US,The Martian Chronicles | December 2001 - The Green Morning,4,q4,how culturally different is space from earth?,The Martian Chronicles,ordinal,1,1,FALSE,Basically Earth society in space,1,FALSE,1,Basically Earth society in space,1,1,Basically Earth society in space,Basically Earth society in space,1
US,The Martian Chronicles | December 2001 - The Green Morning,5,q5,do you speak same language on earth vs space ?,The Martian Chronicles,ordinal,1,1,FALSE,Same languages as Earth,1,FALSE,1,Same languages as Earth,1,1,Same languages as Earth,Same languages as Earth,1
US,The Martian Chronicles | December 2001 - The Green Morning,6,q6,is it hostile / hard to survive (bc of natural conditions),The Martian Chronicles,ordinal,1,1,FALSE,Harsh and resource-intensive,3,FALSE,3,Harsh and resource-intensive,3,3,Harsh and resource-intensive,Harsh and resource-intensive,3
US,The Martian Chronicles | December 2001 - The Green Morning,7,q7,how common is it for humans to live in space,The Martian Chronicles,ordinal,1,1,FALSE,Uncommon (small specialist population),2,FALSE,2,Uncommon (small specialist population),2,2,Uncommon (small specialist population),Uncommon (small specialist population),2
US,The Martian Chronicles | December 2001 - The Green Morning,8,q8,are there different countries in space? Or just one?,The Martian Chronicles,ordinal,1,0,TRUE,Other / Unsure,NA,FALSE,NA,NA,NA,NA,NA,Other / Unsure,NA
US,The Martian Chronicles | December 2001 - The Green Morning,9,q9,genre of the book,The Martian Chronicles,nominal,1,1,FALSE,Adventure / exploration,NA,FALSE,NA,NA,NA,NA,NA,Adventure / exploration,NA
US,The Martian Chronicles | December 2001 - The Green Morning,10,q10,is space a military or civilian domain / is the book military or civilian?,The Martian Chronicles,ordinal,1,1,FALSE,Entirely civilian,1,FALSE,1,Entirely civilian,1,1,Entirely civilian,Entirely civilian,1
US,The Martian Chronicles | December 2001 - The Green Morning,11,q11,Is space characterized like another military domain?,The Martian Chronicles,nominal,1,1,FALSE,Like the frontier / colonial expansion,NA,FALSE,NA,NA,NA,NA,NA,Like the frontier / colonial expansion,NA
US,The Martian Chronicles | December 2001 - The Green Morning,12,q12,how physically different is space from earth?,The Martian Chronicles,ordinal,1,1,FALSE,Very different (human bodies/technology constantly challenged),4,FALSE,4,Very different (human bodies/technology constantly challenged),4,4,Very different (human bodies/technology constantly challenged),Very different (human bodies/technology constantly challenged),4
US,The Martian Chronicles | December 2005 - The Silent Towns,1,q1,is space something to be contested,The Martian Chronicles,ordinal,1,1,FALSE,No contestation,1,FALSE,1,No contestation,1,1,No contestation,No contestation,1
US,The Martian Chronicles | December 2005 - The Silent Towns,2,q2,can you inhabit and hold territory in space,The Martian Chronicles,ordinal,1,1,FALSE,Habitable and governable (permanent settlements can hold territory),4,FALSE,4,Habitable and governable (permanent settlements can hold territory),4,4,Habitable and governable (permanent settlements can hold territory),Habitable and governable (permanent settlements can hold territory),4
US,The Martian Chronicles | December 2005 - The Silent Towns,3,q3,how long is journey / how  far from earth,The Martian Chronicles,ordinal,1,1,FALSE,Short interplanetary journey,2,FALSE,2,Short interplanetary journey,2,2,Short interplanetary journey,Short interplanetary journey,2
US,The Martian Chronicles | December 2005 - The Silent Towns,4,q4,how culturally different is space from earth?,The Martian Chronicles,ordinal,1,1,FALSE,Basically Earth society in space,1,FALSE,1,Basically Earth society in space,1,1,Basically Earth society in space,Basically Earth society in space,1
US,The Martian Chronicles | December 2005 - The Silent Towns,5,q5,do you speak same language on earth vs space ?,The Martian Chronicles,ordinal,1,1,FALSE,Same languages as Earth,1,FALSE,1,Same languages as Earth,1,1,Same languages as Earth,Same languages as Earth,1
US,The Martian Chronicles | December 2005 - The Silent Towns,6,q6,is it hostile / hard to survive (bc of natural conditions),The Martian Chronicles,ordinal,1,1,FALSE,Manageable but risky,2,FALSE,2,Manageable but risky,2,2,Manageable but risky,Manageable but risky,2
US,The Martian Chronicles | December 2005 - The Silent Towns,7,q7,how common is it for humans to live in space,The Martian Chronicles,ordinal,1,1,FALSE,Exceptionally rare (few astronauts/explorers),1,FALSE,1,Exceptionally rare (few astronauts/explorers),1,1,Exceptionally rare (few astronauts/explorers),Exceptionally rare (few astronauts/explorers),1
US,The Martian Chronicles | December 2005 - The Silent Towns,8,q8,are there different countries in space? Or just one?,The Martian Chronicles,ordinal,1,1,FALSE,No political order / ungoverned,1,FALSE,1,No political order / ungoverned,1,1,No political order / ungoverned,No political order / ungoverned,1
US,The Martian Chronicles | December 2005 - The Silent Towns,9,q9,genre of the book,The Martian Chronicles,nominal,1,1,FALSE,Comedy / satire,NA,FALSE,NA,NA,NA,NA,NA,Comedy / satire,NA
US,The Martian Chronicles | December 2005 - The Silent Towns,10,q10,is space a military or civilian domain / is the book military or civilian?,The Martian Chronicles,ordinal,1,1,FALSE,Entirely civilian,1,FALSE,1,Entirely civilian,1,1,Entirely civilian,Entirely civilian,1
US,The Martian Chronicles | December 2005 - The Silent Towns,11,q11,Is space characterized like another military domain?,The Martian Chronicles,nominal,1,1,FALSE,Like the frontier / colonial expansion,NA,FALSE,NA,NA,NA,NA,NA,Like the frontier / colonial expansion,NA
US,The Martian Chronicles | December 2005 - The Silent Towns,12,q12,how physically different is space from earth?,The Martian Chronicles,ordinal,1,1,FALSE,Somewhat different (manageable environmental differences),2,FALSE,2,Somewhat different (manageable environmental differences),2,2,Somewhat different (manageable environmental differences),Somewhat different (manageable environmental differences),2
US,The Martian Chronicles | February 1999 - Ylla,1,q1,is space something to be contested,The Martian Chronicles,ordinal,1,1,FALSE,Moderate contestation (ongoing rivalry/disputes),3,FALSE,3,Moderate contestation (ongoing rivalry/disputes),3,3,Moderate contestation (ongoing rivalry/disputes),Moderate contestation (ongoing rivalry/disputes),3
US,The Martian Chronicles | February 1999 - Ylla,2,q2,can you inhabit and hold territory in space,The Martian Chronicles,ordinal,1,1,FALSE,"Visiting / Temporary presence only (stations, missions, outposts)",2,FALSE,2,"Visiting / Temporary presence only (stations, missions, outposts)",2,2,"Visiting / Temporary presence only (stations, missions, outposts)","Visiting / Temporary presence only (stations, missions, outposts)",2
US,The Martian Chronicles | February 1999 - Ylla,3,q3,how long is journey / how  far from earth,The Martian Chronicles,ordinal,1,1,FALSE,Short interplanetary journey,2,FALSE,2,Short interplanetary journey,2,2,Short interplanetary journey,Short interplanetary journey,2
US,The Martian Chronicles | February 1999 - Ylla,4,q4,how culturally different is space from earth?,The Martian Chronicles,ordinal,1,1,FALSE,Radically different / alien social order,5,FALSE,5,Radically different / alien social order,5,5,Radically different / alien social order,Radically different / alien social order,5
US,The Martian Chronicles | February 1999 - Ylla,5,q5,do you speak same language on earth vs space ?,The Martian Chronicles,ordinal,1,1,FALSE,Distinct space language(s),4,FALSE,4,Distinct space language(s),4,4,Distinct space language(s),Distinct space language(s),4
US,The Martian Chronicles | February 1999 - Ylla,6,q6,is it hostile / hard to survive (bc of natural conditions),The Martian Chronicles,ordinal,1,1,FALSE,Manageable but risky,2,FALSE,2,Manageable but risky,2,2,Manageable but risky,Manageable but risky,2
US,The Martian Chronicles | February 1999 - Ylla,7,q7,how common is it for humans to live in space,The Martian Chronicles,ordinal,1,1,FALSE,Exceptionally rare (few astronauts/explorers),1,FALSE,1,Exceptionally rare (few astronauts/explorers),1,1,Exceptionally rare (few astronauts/explorers),Exceptionally rare (few astronauts/explorers),1
US,The Martian Chronicles | February 1999 - Ylla,8,q8,are there different countries in space? Or just one?,The Martian Chronicles,ordinal,1,0,TRUE,Other / Unsure,NA,FALSE,NA,NA,NA,NA,NA,Other / Unsure,NA
US,The Martian Chronicles | February 1999 - Ylla,9,q9,genre of the book,The Martian Chronicles,nominal,1,1,FALSE,Drama,NA,FALSE,NA,NA,NA,NA,NA,Drama,NA
US,The Martian Chronicles | February 1999 - Ylla,10,q10,is space a military or civilian domain / is the book military or civilian?,The Martian Chronicles,ordinal,1,1,FALSE,Entirely civilian,1,FALSE,1,Entirely civilian,1,1,Entirely civilian,Entirely civilian,1
US,The Martian Chronicles | February 1999 - Ylla,11,q11,Is space characterized like another military domain?,The Martian Chronicles,nominal,1,1,FALSE,Like the frontier / colonial expansion,NA,FALSE,NA,NA,NA,NA,NA,Like the frontier / colonial expansion,NA
US,The Martian Chronicles | February 1999 - Ylla,12,q12,how physically different is space from earth?,The Martian Chronicles,ordinal,1,1,FALSE,Moderately different (regular adaptation needed),3,FALSE,3,Moderately different (regular adaptation needed),3,3,Moderately different (regular adaptation needed),Moderately different (regular adaptation needed),3
US,The Martian Chronicles | February 2002 - The Locusts,1,q1,is space something to be contested,The Martian Chronicles,ordinal,1,1,FALSE,No contestation,1,FALSE,1,No contestation,1,1,No contestation,No contestation,1
US,The Martian Chronicles | February 2002 - The Locusts,2,q2,can you inhabit and hold territory in space,The Martian Chronicles,ordinal,1,1,FALSE,Habitable and governable (permanent settlements can hold territory),4,FALSE,4,Habitable and governable (permanent settlements can hold territory),4,4,Habitable and governable (permanent settlements can hold territory),Habitable and governable (permanent settlements can hold territory),4
US,The Martian Chronicles | February 2002 - The Locusts,3,q3,how long is journey / how  far from earth,The Martian Chronicles,ordinal,1,1,FALSE,Short interplanetary journey,2,FALSE,2,Short interplanetary journey,2,2,Short interplanetary journey,Short interplanetary journey,2
US,The Martian Chronicles | February 2002 - The Locusts,4,q4,how culturally different is space from earth?,The Martian Chronicles,ordinal,1,1,FALSE,Basically Earth society in space,1,FALSE,1,Basically Earth society in space,1,1,Basically Earth society in space,Basically Earth society in space,1
US,The Martian Chronicles | February 2002 - The Locusts,5,q5,do you speak same language on earth vs space ?,The Martian Chronicles,ordinal,1,1,FALSE,Same languages as Earth,1,FALSE,1,Same languages as Earth,1,1,Same languages as Earth,Same languages as Earth,1
US,The Martian Chronicles | February 2002 - The Locusts,6,q6,is it hostile / hard to survive (bc of natural conditions),The Martian Chronicles,ordinal,1,1,FALSE,Manageable but risky,2,FALSE,2,Manageable but risky,2,2,Manageable but risky,Manageable but risky,2
US,The Martian Chronicles | February 2002 - The Locusts,7,q7,how common is it for humans to live in space,The Martian Chronicles,ordinal,1,1,FALSE,Moderately common (noticeable settlements/populations),3,FALSE,3,Moderately common (noticeable settlements/populations),3,3,Moderately common (noticeable settlements/populations),Moderately common (noticeable settlements/populations),3
US,The Martian Chronicles | February 2002 - The Locusts,8,q8,are there different countries in space? Or just one?,The Martian Chronicles,ordinal,1,1,FALSE,Earth nation-states extend into space,3,FALSE,3,Earth nation-states extend into space,3,3,Earth nation-states extend into space,Earth nation-states extend into space,3
US,The Martian Chronicles | February 2002 - The Locusts,9,q9,genre of the book,The Martian Chronicles,nominal,1,1,FALSE,Drama,NA,FALSE,NA,NA,NA,NA,NA,Drama,NA
US,The Martian Chronicles | February 2002 - The Locusts,10,q10,is space a military or civilian domain / is the book military or civilian?,The Martian Chronicles,ordinal,1,1,FALSE,Entirely civilian,1,FALSE,1,Entirely civilian,1,1,Entirely civilian,Entirely civilian,1
US,The Martian Chronicles | February 2002 - The Locusts,11,q11,Is space characterized like another military domain?,The Martian Chronicles,nominal,1,1,FALSE,Like the frontier / colonial expansion,NA,FALSE,NA,NA,NA,NA,NA,Like the frontier / colonial expansion,NA
US,The Martian Chronicles | February 2002 - The Locusts,12,q12,how physically different is space from earth?,The Martian Chronicles,ordinal,1,1,FALSE,Somewhat different (manageable environmental differences),2,FALSE,2,Somewhat different (manageable environmental differences),2,2,Somewhat different (manageable environmental differences),Somewhat different (manageable environmental differences),2
US,The Martian Chronicles | February 2003 - Interim,1,q1,is space something to be contested,The Martian Chronicles,ordinal,1,1,FALSE,No contestation,1,FALSE,1,No contestation,1,1,No contestation,No contestation,1
US,The Martian Chronicles | February 2003 - Interim,2,q2,can you inhabit and hold territory in space,The Martian Chronicles,ordinal,1,1,FALSE,Habitable and governable (permanent settlements can hold territory),4,FALSE,4,Habitable and governable (permanent settlements can hold territory),4,4,Habitable and governable (permanent settlements can hold territory),Habitable and governable (permanent settlements can hold territory),4
US,The Martian Chronicles | February 2003 - Interim,3,q3,how long is journey / how  far from earth,The Martian Chronicles,ordinal,1,1,FALSE,Short interplanetary journey,2,FALSE,2,Short interplanetary journey,2,2,Short interplanetary journey,Short interplanetary journey,2
US,The Martian Chronicles | February 2003 - Interim,4,q4,how culturally different is space from earth?,The Martian Chronicles,ordinal,1,1,FALSE,Basically Earth society in space,1,FALSE,1,Basically Earth society in space,1,1,Basically Earth society in space,Basically Earth society in space,1
US,The Martian Chronicles | February 2003 - Interim,5,q5,do you speak same language on earth vs space ?,The Martian Chronicles,ordinal,1,1,FALSE,Same languages as Earth,1,FALSE,1,Same languages as Earth,1,1,Same languages as Earth,Same languages as Earth,1
US,The Martian Chronicles | February 2003 - Interim,6,q6,is it hostile / hard to survive (bc of natural conditions),The Martian Chronicles,ordinal,1,1,FALSE,Manageable but risky,2,FALSE,2,Manageable but risky,2,2,Manageable but risky,Manageable but risky,2
US,The Martian Chronicles | February 2003 - Interim,7,q7,how common is it for humans to live in space,The Martian Chronicles,ordinal,1,1,FALSE,Moderately common (noticeable settlements/populations),3,FALSE,3,Moderately common (noticeable settlements/populations),3,3,Moderately common (noticeable settlements/populations),Moderately common (noticeable settlements/populations),3
US,The Martian Chronicles | February 2003 - Interim,8,q8,are there different countries in space? Or just one?,The Martian Chronicles,ordinal,1,1,FALSE,Earth nation-states extend into space,3,FALSE,3,Earth nation-states extend into space,3,3,Earth nation-states extend into space,Earth nation-states extend into space,3
US,The Martian Chronicles | February 2003 - Interim,9,q9,genre of the book,The Martian Chronicles,nominal,1,1,FALSE,Drama,NA,FALSE,NA,NA,NA,NA,NA,Drama,NA
US,The Martian Chronicles | February 2003 - Interim,10,q10,is space a military or civilian domain / is the book military or civilian?,The Martian Chronicles,ordinal,1,1,FALSE,Entirely civilian,1,FALSE,1,Entirely civilian,1,1,Entirely civilian,Entirely civilian,1
US,The Martian Chronicles | February 2003 - Interim,11,q11,Is space characterized like another military domain?,The Martian Chronicles,nominal,1,1,FALSE,Like the frontier / colonial expansion,NA,FALSE,NA,NA,NA,NA,NA,Like the frontier / colonial expansion,NA
US,The Martian Chronicles | February 2003 - Interim,12,q12,how physically different is space from earth?,The Martian Chronicles,ordinal,1,1,FALSE,Somewhat different (manageable environmental differences),2,FALSE,2,Somewhat different (manageable environmental differences),2,2,Somewhat different (manageable environmental differences),Somewhat different (manageable environmental differences),2
US,The Martian Chronicles | January 1999 - Rocket Summer,1,q1,is space something to be contested,The Martian Chronicles,ordinal,1,1,FALSE,No contestation,1,FALSE,1,No contestation,1,1,No contestation,No contestation,1
US,The Martian Chronicles | January 1999 - Rocket Summer,2,q2,can you inhabit and hold territory in space,The Martian Chronicles,ordinal,1,1,FALSE,Cannot inhabit or hold territory,1,FALSE,1,Cannot inhabit or hold territory,1,1,Cannot inhabit or hold territory,Cannot inhabit or hold territory,1
US,The Martian Chronicles | January 1999 - Rocket Summer,3,q3,how long is journey / how  far from earth,The Martian Chronicles,ordinal,1,1,FALSE,Short interplanetary journey,2,FALSE,2,Short interplanetary journey,2,2,Short interplanetary journey,Short interplanetary journey,2
US,The Martian Chronicles | January 1999 - Rocket Summer,4,q4,how culturally different is space from earth?,The Martian Chronicles,ordinal,1,1,FALSE,Basically Earth society in space,1,FALSE,1,Basically Earth society in space,1,1,Basically Earth society in space,Basically Earth society in space,1
US,The Martian Chronicles | January 1999 - Rocket Summer,5,q5,do you speak same language on earth vs space ?,The Martian Chronicles,ordinal,1,1,FALSE,Same languages as Earth,1,FALSE,1,Same languages as Earth,1,1,Same languages as Earth,Same languages as Earth,1
US,The Martian Chronicles | January 1999 - Rocket Summer,6,q6,is it hostile / hard to survive (bc of natural conditions),The Martian Chronicles,ordinal,1,0,TRUE,Other / Unsure,NA,FALSE,NA,NA,NA,NA,NA,Other / Unsure,NA
US,The Martian Chronicles | January 1999 - Rocket Summer,7,q7,how common is it for humans to live in space,The Martian Chronicles,ordinal,1,1,FALSE,Exceptionally rare (few astronauts/explorers),1,FALSE,1,Exceptionally rare (few astronauts/explorers),1,1,Exceptionally rare (few astronauts/explorers),Exceptionally rare (few astronauts/explorers),1
US,The Martian Chronicles | January 1999 - Rocket Summer,8,q8,are there different countries in space? Or just one?,The Martian Chronicles,ordinal,1,0,TRUE,Other / Unsure,NA,FALSE,NA,NA,NA,NA,NA,Other / Unsure,NA
US,The Martian Chronicles | January 1999 - Rocket Summer,9,q9,genre of the book,The Martian Chronicles,nominal,1,1,FALSE,Adventure / exploration,NA,FALSE,NA,NA,NA,NA,NA,Adventure / exploration,NA
US,The Martian Chronicles | January 1999 - Rocket Summer,10,q10,is space a military or civilian domain / is the book military or civilian?,The Martian Chronicles,ordinal,1,0,TRUE,Other / Unsure,NA,FALSE,NA,NA,NA,NA,NA,Other / Unsure,NA
US,The Martian Chronicles | January 1999 - Rocket Summer,11,q11,Is space characterized like another military domain?,The Martian Chronicles,nominal,1,1,FALSE,Like the frontier / colonial expansion,NA,FALSE,NA,NA,NA,NA,NA,Like the frontier / colonial expansion,NA
US,The Martian Chronicles | January 1999 - Rocket Summer,12,q12,how physically different is space from earth?,The Martian Chronicles,ordinal,1,0,TRUE,Other / Unsure,NA,FALSE,NA,NA,NA,NA,NA,Other / Unsure,NA
US,The Martian Chronicles | June 2001 - --And The Moon Be Still As Bright,1,q1,is space something to be contested,The Martian Chronicles,ordinal,1,1,FALSE,High contestation (frequent conflict or strategic struggle),4,FALSE,4,High contestation (frequent conflict or strategic struggle),4,4,High contestation (frequent conflict or strategic struggle),High contestation (frequent conflict or strategic struggle),4
US,The Martian Chronicles | June 2001 - --And The Moon Be Still As Bright,2,q2,can you inhabit and hold territory in space,The Martian Chronicles,ordinal,1,1,FALSE,"Visiting / Temporary presence only (stations, missions, outposts)",2,FALSE,2,"Visiting / Temporary presence only (stations, missions, outposts)",2,2,"Visiting / Temporary presence only (stations, missions, outposts)","Visiting / Temporary presence only (stations, missions, outposts)",2
US,The Martian Chronicles | June 2001 - --And The Moon Be Still As Bright,3,q3,how long is journey / how  far from earth,The Martian Chronicles,ordinal,1,1,FALSE,Short interplanetary journey,2,FALSE,2,Short interplanetary journey,2,2,Short interplanetary journey,Short interplanetary journey,2
US,The Martian Chronicles | June 2001 - --And The Moon Be Still As Bright,4,q4,how culturally different is space from earth?,The Martian Chronicles,ordinal,1,1,FALSE,Mixed / hybrid culture,3,FALSE,3,Mixed / hybrid culture,3,3,Mixed / hybrid culture,Mixed / hybrid culture,3
US,The Martian Chronicles | June 2001 - --And The Moon Be Still As Bright,5,q5,do you speak same language on earth vs space ?,The Martian Chronicles,ordinal,1,1,FALSE,Distinct space language(s),4,FALSE,4,Distinct space language(s),4,4,Distinct space language(s),Distinct space language(s),4
US,The Martian Chronicles | June 2001 - --And The Moon Be Still As Bright,6,q6,is it hostile / hard to survive (bc of natural conditions),The Martian Chronicles,ordinal,1,1,FALSE,Harsh and resource-intensive,3,FALSE,3,Harsh and resource-intensive,3,3,Harsh and resource-intensive,Harsh and resource-intensive,3
US,The Martian Chronicles | June 2001 - --And The Moon Be Still As Bright,7,q7,how common is it for humans to live in space,The Martian Chronicles,ordinal,1,1,FALSE,Exceptionally rare (few astronauts/explorers),1,FALSE,1,Exceptionally rare (few astronauts/explorers),1,1,Exceptionally rare (few astronauts/explorers),Exceptionally rare (few astronauts/explorers),1
US,The Martian Chronicles | June 2001 - --And The Moon Be Still As Bright,8,q8,are there different countries in space? Or just one?,The Martian Chronicles,ordinal,1,0,TRUE,Other / Unsure,NA,FALSE,NA,NA,NA,NA,NA,Other / Unsure,NA
US,The Martian Chronicles | June 2001 - --And The Moon Be Still As Bright,9,q9,genre of the book,The Martian Chronicles,nominal,1,1,FALSE,Drama,NA,FALSE,NA,NA,NA,NA,NA,Drama,NA
US,The Martian Chronicles | June 2001 - --And The Moon Be Still As Bright,10,q10,is space a military or civilian domain / is the book military or civilian?,The Martian Chronicles,ordinal,1,1,FALSE,Mostly civilian with some military presence,2,FALSE,2,Mostly civilian with some military presence,2,2,Mostly civilian with some military presence,Mostly civilian with some military presence,2
US,The Martian Chronicles | June 2001 - --And The Moon Be Still As Bright,11,q11,Is space characterized like another military domain?,The Martian Chronicles,nominal,1,1,FALSE,Like the frontier / colonial expansion,NA,FALSE,NA,NA,NA,NA,NA,Like the frontier / colonial expansion,NA
US,The Martian Chronicles | June 2001 - --And The Moon Be Still As Bright,12,q12,how physically different is space from earth?,The Martian Chronicles,ordinal,1,1,FALSE,Very different (human bodies/technology constantly challenged),4,FALSE,4,Very different (human bodies/technology constantly challenged),4,4,Very different (human bodies/technology constantly challenged),Very different (human bodies/technology constantly challenged),4
US,The Martian Chronicles | June 2003 - Way In The Middle Of The Air,1,q1,is space something to be contested,The Martian Chronicles,ordinal,1,1,FALSE,"Low contestation (minor competition, little open conflict)",2,FALSE,2,"Low contestation (minor competition, little open conflict)",2,2,"Low contestation (minor competition, little open conflict)","Low contestation (minor competition, little open conflict)",2
US,The Martian Chronicles | June 2003 - Way In The Middle Of The Air,2,q2,can you inhabit and hold territory in space,The Martian Chronicles,ordinal,1,1,FALSE,"Limited settlement (small colonies, hard to sustain/control)",3,FALSE,3,"Limited settlement (small colonies, hard to sustain/control)",3,3,"Limited settlement (small colonies, hard to sustain/control)","Limited settlement (small colonies, hard to sustain/control)",3
US,The Martian Chronicles | June 2003 - Way In The Middle Of The Air,3,q3,how long is journey / how  far from earth,The Martian Chronicles,ordinal,1,1,FALSE,Short interplanetary journey,2,FALSE,2,Short interplanetary journey,2,2,Short interplanetary journey,Short interplanetary journey,2
US,The Martian Chronicles | June 2003 - Way In The Middle Of The Air,4,q4,how culturally different is space from earth?,The Martian Chronicles,ordinal,1,1,FALSE,Basically Earth society in space,1,FALSE,1,Basically Earth society in space,1,1,Basically Earth society in space,Basically Earth society in space,1
US,The Martian Chronicles | June 2003 - Way In The Middle Of The Air,5,q5,do you speak same language on earth vs space ?,The Martian Chronicles,ordinal,1,1,FALSE,Same languages as Earth,1,FALSE,1,Same languages as Earth,1,1,Same languages as Earth,Same languages as Earth,1
US,The Martian Chronicles | June 2003 - Way In The Middle Of The Air,6,q6,is it hostile / hard to survive (bc of natural conditions),The Martian Chronicles,ordinal,1,0,TRUE,Other / Unsure,NA,FALSE,NA,NA,NA,NA,NA,Other / Unsure,NA
US,The Martian Chronicles | June 2003 - Way In The Middle Of The Air,7,q7,how common is it for humans to live in space,The Martian Chronicles,ordinal,1,1,FALSE,Uncommon (small specialist population),2,FALSE,2,Uncommon (small specialist population),2,2,Uncommon (small specialist population),Uncommon (small specialist population),2
US,The Martian Chronicles | June 2003 - Way In The Middle Of The Air,8,q8,are there different countries in space? Or just one?,The Martian Chronicles,ordinal,1,1,FALSE,Earth nation-states extend into space,3,FALSE,3,Earth nation-states extend into space,3,3,Earth nation-states extend into space,Earth nation-states extend into space,3
US,The Martian Chronicles | June 2003 - Way In The Middle Of The Air,9,q9,genre of the book,The Martian Chronicles,nominal,1,1,FALSE,Drama,NA,FALSE,NA,NA,NA,NA,NA,Drama,NA
US,The Martian Chronicles | June 2003 - Way In The Middle Of The Air,10,q10,is space a military or civilian domain / is the book military or civilian?,The Martian Chronicles,ordinal,1,1,FALSE,Entirely civilian,1,FALSE,1,Entirely civilian,1,1,Entirely civilian,Entirely civilian,1
US,The Martian Chronicles | June 2003 - Way In The Middle Of The Air,11,q11,Is space characterized like another military domain?,The Martian Chronicles,nominal,1,1,FALSE,Like the frontier / colonial expansion,NA,FALSE,NA,NA,NA,NA,NA,Like the frontier / colonial expansion,NA
US,The Martian Chronicles | June 2003 - Way In The Middle Of The Air,12,q12,how physically different is space from earth?,The Martian Chronicles,ordinal,1,0,TRUE,Other / Unsure,NA,FALSE,NA,NA,NA,NA,NA,Other / Unsure,NA
US,The Martian Chronicles | March 2000 - The Taxpayer,1,q1,is space something to be contested,The Martian Chronicles,ordinal,1,1,FALSE,"Low contestation (minor competition, little open conflict)",2,FALSE,2,"Low contestation (minor competition, little open conflict)",2,2,"Low contestation (minor competition, little open conflict)","Low contestation (minor competition, little open conflict)",2
US,The Martian Chronicles | March 2000 - The Taxpayer,2,q2,can you inhabit and hold territory in space,The Martian Chronicles,ordinal,1,1,FALSE,"Visiting / Temporary presence only (stations, missions, outposts)",2,FALSE,2,"Visiting / Temporary presence only (stations, missions, outposts)",2,2,"Visiting / Temporary presence only (stations, missions, outposts)","Visiting / Temporary presence only (stations, missions, outposts)",2
US,The Martian Chronicles | March 2000 - The Taxpayer,3,q3,how long is journey / how  far from earth,The Martian Chronicles,ordinal,1,1,FALSE,Short interplanetary journey,2,FALSE,2,Short interplanetary journey,2,2,Short interplanetary journey,Short interplanetary journey,2
US,The Martian Chronicles | March 2000 - The Taxpayer,4,q4,how culturally different is space from earth?,The Martian Chronicles,ordinal,1,1,FALSE,Basically Earth society in space,1,FALSE,1,Basically Earth society in space,1,1,Basically Earth society in space,Basically Earth society in space,1
US,The Martian Chronicles | March 2000 - The Taxpayer,5,q5,do you speak same language on earth vs space ?,The Martian Chronicles,ordinal,1,1,FALSE,Same languages as Earth,1,FALSE,1,Same languages as Earth,1,1,Same languages as Earth,Same languages as Earth,1
US,The Martian Chronicles | March 2000 - The Taxpayer,6,q6,is it hostile / hard to survive (bc of natural conditions),The Martian Chronicles,ordinal,1,0,TRUE,Other / Unsure,NA,FALSE,NA,NA,NA,NA,NA,Other / Unsure,NA
US,The Martian Chronicles | March 2000 - The Taxpayer,7,q7,how common is it for humans to live in space,The Martian Chronicles,ordinal,1,1,FALSE,Exceptionally rare (few astronauts/explorers),1,FALSE,1,Exceptionally rare (few astronauts/explorers),1,1,Exceptionally rare (few astronauts/explorers),Exceptionally rare (few astronauts/explorers),1
US,The Martian Chronicles | March 2000 - The Taxpayer,8,q8,are there different countries in space? Or just one?,The Martian Chronicles,ordinal,1,1,FALSE,Earth nation-states extend into space,3,FALSE,3,Earth nation-states extend into space,3,3,Earth nation-states extend into space,Earth nation-states extend into space,3
US,The Martian Chronicles | March 2000 - The Taxpayer,9,q9,genre of the book,The Martian Chronicles,nominal,1,1,FALSE,Drama,NA,FALSE,NA,NA,NA,NA,NA,Drama,NA
US,The Martian Chronicles | March 2000 - The Taxpayer,10,q10,is space a military or civilian domain / is the book military or civilian?,The Martian Chronicles,ordinal,1,0,TRUE,Other / Unsure,NA,FALSE,NA,NA,NA,NA,NA,Other / Unsure,NA
US,The Martian Chronicles | March 2000 - The Taxpayer,11,q11,Is space characterized like another military domain?,The Martian Chronicles,nominal,1,1,FALSE,Like the frontier / colonial expansion,NA,FALSE,NA,NA,NA,NA,NA,Like the frontier / colonial expansion,NA
US,The Martian Chronicles | March 2000 - The Taxpayer,12,q12,how physically different is space from earth?,The Martian Chronicles,ordinal,1,0,TRUE,Other / Unsure,NA,FALSE,NA,NA,NA,NA,NA,Other / Unsure,NA
US,The Martian Chronicles | November 2005 - The Luggage Store,1,q1,is space something to be contested,The Martian Chronicles,ordinal,1,1,FALSE,No contestation,1,FALSE,1,No contestation,1,1,No contestation,No contestation,1
US,The Martian Chronicles | November 2005 - The Luggage Store,2,q2,can you inhabit and hold territory in space,The Martian Chronicles,ordinal,1,1,FALSE,Habitable and governable (permanent settlements can hold territory),4,FALSE,4,Habitable and governable (permanent settlements can hold territory),4,4,Habitable and governable (permanent settlements can hold territory),Habitable and governable (permanent settlements can hold territory),4
US,The Martian Chronicles | November 2005 - The Luggage Store,3,q3,how long is journey / how  far from earth,The Martian Chronicles,ordinal,1,1,FALSE,Short interplanetary journey,2,FALSE,2,Short interplanetary journey,2,2,Short interplanetary journey,Short interplanetary journey,2
US,The Martian Chronicles | November 2005 - The Luggage Store,4,q4,how culturally different is space from earth?,The Martian Chronicles,ordinal,1,1,FALSE,Basically Earth society in space,1,FALSE,1,Basically Earth society in space,1,1,Basically Earth society in space,Basically Earth society in space,1
US,The Martian Chronicles | November 2005 - The Luggage Store,5,q5,do you speak same language on earth vs space ?,The Martian Chronicles,ordinal,1,1,FALSE,Same languages as Earth,1,FALSE,1,Same languages as Earth,1,1,Same languages as Earth,Same languages as Earth,1
US,The Martian Chronicles | November 2005 - The Luggage Store,6,q6,is it hostile / hard to survive (bc of natural conditions),The Martian Chronicles,ordinal,1,1,FALSE,Manageable but risky,2,FALSE,2,Manageable but risky,2,2,Manageable but risky,Manageable but risky,2
US,The Martian Chronicles | November 2005 - The Luggage Store,7,q7,how common is it for humans to live in space,The Martian Chronicles,ordinal,1,1,FALSE,Common (many people live/work there),4,FALSE,4,Common (many people live/work there),4,4,Common (many people live/work there),Common (many people live/work there),4
US,The Martian Chronicles | November 2005 - The Luggage Store,8,q8,are there different countries in space? Or just one?,The Martian Chronicles,ordinal,1,1,FALSE,Earth nation-states extend into space,3,FALSE,3,Earth nation-states extend into space,3,3,Earth nation-states extend into space,Earth nation-states extend into space,3
US,The Martian Chronicles | November 2005 - The Luggage Store,9,q9,genre of the book,The Martian Chronicles,nominal,1,1,FALSE,Drama,NA,FALSE,NA,NA,NA,NA,NA,Drama,NA
US,The Martian Chronicles | November 2005 - The Luggage Store,10,q10,is space a military or civilian domain / is the book military or civilian?,The Martian Chronicles,ordinal,1,1,FALSE,Entirely civilian,1,FALSE,1,Entirely civilian,1,1,Entirely civilian,Entirely civilian,1
US,The Martian Chronicles | November 2005 - The Luggage Store,11,q11,Is space characterized like another military domain?,The Martian Chronicles,nominal,1,1,FALSE,Like the frontier / colonial expansion,NA,FALSE,NA,NA,NA,NA,NA,Like the frontier / colonial expansion,NA
US,The Martian Chronicles | November 2005 - The Luggage Store,12,q12,how physically different is space from earth?,The Martian Chronicles,ordinal,1,1,FALSE,Somewhat different (manageable environmental differences),2,FALSE,2,Somewhat different (manageable environmental differences),2,2,Somewhat different (manageable environmental differences),Somewhat different (manageable environmental differences),2
US,The Martian Chronicles | November 2005 - The Off Season,1,q1,is space something to be contested,The Martian Chronicles,ordinal,1,1,FALSE,Moderate contestation (ongoing rivalry/disputes),3,FALSE,3,Moderate contestation (ongoing rivalry/disputes),3,3,Moderate contestation (ongoing rivalry/disputes),Moderate contestation (ongoing rivalry/disputes),3
US,The Martian Chronicles | November 2005 - The Off Season,2,q2,can you inhabit and hold territory in space,The Martian Chronicles,ordinal,1,1,FALSE,Habitable and governable (permanent settlements can hold territory),4,FALSE,4,Habitable and governable (permanent settlements can hold territory),4,4,Habitable and governable (permanent settlements can hold territory),Habitable and governable (permanent settlements can hold territory),4
US,The Martian Chronicles | November 2005 - The Off Season,3,q3,how long is journey / how  far from earth,The Martian Chronicles,ordinal,1,1,FALSE,Short interplanetary journey,2,FALSE,2,Short interplanetary journey,2,2,Short interplanetary journey,Short interplanetary journey,2
US,The Martian Chronicles | November 2005 - The Off Season,4,q4,how culturally different is space from earth?,The Martian Chronicles,ordinal,1,1,FALSE,Mixed / hybrid culture,3,FALSE,3,Mixed / hybrid culture,3,3,Mixed / hybrid culture,Mixed / hybrid culture,3
US,The Martian Chronicles | November 2005 - The Off Season,5,q5,do you speak same language on earth vs space ?,The Martian Chronicles,ordinal,1,1,FALSE,Translation-mediated communication (universal translator / communication tech makes language difference irrelevant),5,FALSE,5,Translation-mediated communication (universal translator / communication tech makes language difference irrelevant),5,5,Translation-mediated communication (universal translator / communication tech makes language difference irrelevant),Translation-mediated communication (universal translator / communication tech makes language difference irrelevant),5
US,The Martian Chronicles | November 2005 - The Off Season,6,q6,is it hostile / hard to survive (bc of natural conditions),The Martian Chronicles,ordinal,1,1,FALSE,Manageable but risky,2,FALSE,2,Manageable but risky,2,2,Manageable but risky,Manageable but risky,2
US,The Martian Chronicles | November 2005 - The Off Season,7,q7,how common is it for humans to live in space,The Martian Chronicles,ordinal,1,1,FALSE,Common (many people live/work there),4,FALSE,4,Common (many people live/work there),4,4,Common (many people live/work there),Common (many people live/work there),4
US,The Martian Chronicles | November 2005 - The Off Season,8,q8,are there different countries in space? Or just one?,The Martian Chronicles,ordinal,1,1,FALSE,Earth nation-states extend into space,3,FALSE,3,Earth nation-states extend into space,3,3,Earth nation-states extend into space,Earth nation-states extend into space,3
US,The Martian Chronicles | November 2005 - The Off Season,9,q9,genre of the book,The Martian Chronicles,nominal,1,1,FALSE,Thriller / Horror / Survival,NA,FALSE,NA,NA,NA,NA,NA,Thriller / Horror / Survival,NA
US,The Martian Chronicles | November 2005 - The Off Season,10,q10,is space a military or civilian domain / is the book military or civilian?,The Martian Chronicles,ordinal,1,1,FALSE,Entirely civilian,1,FALSE,1,Entirely civilian,1,1,Entirely civilian,Entirely civilian,1
US,The Martian Chronicles | November 2005 - The Off Season,11,q11,Is space characterized like another military domain?,The Martian Chronicles,nominal,1,1,FALSE,Like the frontier / colonial expansion,NA,FALSE,NA,NA,NA,NA,NA,Like the frontier / colonial expansion,NA
US,The Martian Chronicles | November 2005 - The Off Season,12,q12,how physically different is space from earth?,The Martian Chronicles,ordinal,1,1,FALSE,Somewhat different (manageable environmental differences),2,FALSE,2,Somewhat different (manageable environmental differences),2,2,Somewhat different (manageable environmental differences),Somewhat different (manageable environmental differences),2
US,The Martian Chronicles | November 2005 - The Watchers,1,q1,is space something to be contested,The Martian Chronicles,ordinal,1,1,FALSE,Total war / constant conflict,5,FALSE,5,Total war / constant conflict,5,5,Total war / constant conflict,Total war / constant conflict,5
US,The Martian Chronicles | November 2005 - The Watchers,2,q2,can you inhabit and hold territory in space,The Martian Chronicles,ordinal,1,1,FALSE,Habitable and governable (permanent settlements can hold territory),4,FALSE,4,Habitable and governable (permanent settlements can hold territory),4,4,Habitable and governable (permanent settlements can hold territory),Habitable and governable (permanent settlements can hold territory),4
US,The Martian Chronicles | November 2005 - The Watchers,3,q3,how long is journey / how  far from earth,The Martian Chronicles,ordinal,1,1,FALSE,Short interplanetary journey,2,FALSE,2,Short interplanetary journey,2,2,Short interplanetary journey,Short interplanetary journey,2
US,The Martian Chronicles | November 2005 - The Watchers,4,q4,how culturally different is space from earth?,The Martian Chronicles,ordinal,1,1,FALSE,Basically Earth society in space,1,FALSE,1,Basically Earth society in space,1,1,Basically Earth society in space,Basically Earth society in space,1
US,The Martian Chronicles | November 2005 - The Watchers,5,q5,do you speak same language on earth vs space ?,The Martian Chronicles,ordinal,1,1,FALSE,Same languages as Earth,1,FALSE,1,Same languages as Earth,1,1,Same languages as Earth,Same languages as Earth,1
US,The Martian Chronicles | November 2005 - The Watchers,6,q6,is it hostile / hard to survive (bc of natural conditions),The Martian Chronicles,ordinal,1,1,FALSE,Manageable but risky,2,FALSE,2,Manageable but risky,2,2,Manageable but risky,Manageable but risky,2
US,The Martian Chronicles | November 2005 - The Watchers,7,q7,how common is it for humans to live in space,The Martian Chronicles,ordinal,1,1,FALSE,Common (many people live/work there),4,FALSE,4,Common (many people live/work there),4,4,Common (many people live/work there),Common (many people live/work there),4
US,The Martian Chronicles | November 2005 - The Watchers,8,q8,are there different countries in space? Or just one?,The Martian Chronicles,ordinal,1,1,FALSE,Earth nation-states extend into space,3,FALSE,3,Earth nation-states extend into space,3,3,Earth nation-states extend into space,Earth nation-states extend into space,3
US,The Martian Chronicles | November 2005 - The Watchers,9,q9,genre of the book,The Martian Chronicles,nominal,1,1,FALSE,Drama,NA,FALSE,NA,NA,NA,NA,NA,Drama,NA
US,The Martian Chronicles | November 2005 - The Watchers,10,q10,is space a military or civilian domain / is the book military or civilian?,The Martian Chronicles,ordinal,1,1,FALSE,Entirely civilian,1,FALSE,1,Entirely civilian,1,1,Entirely civilian,Entirely civilian,1
US,The Martian Chronicles | November 2005 - The Watchers,11,q11,Is space characterized like another military domain?,The Martian Chronicles,nominal,1,1,FALSE,Like the frontier / colonial expansion,NA,FALSE,NA,NA,NA,NA,NA,Like the frontier / colonial expansion,NA
US,The Martian Chronicles | November 2005 - The Watchers,12,q12,how physically different is space from earth?,The Martian Chronicles,ordinal,1,1,FALSE,Somewhat different (manageable environmental differences),2,FALSE,2,Somewhat different (manageable environmental differences),2,2,Somewhat different (manageable environmental differences),Somewhat different (manageable environmental differences),2
US,The Martian Chronicles | October 2002 - The Shore,1,q1,is space something to be contested,The Martian Chronicles,ordinal,1,1,FALSE,No contestation,1,FALSE,1,No contestation,1,1,No contestation,No contestation,1
US,The Martian Chronicles | October 2002 - The Shore,2,q2,can you inhabit and hold territory in space,The Martian Chronicles,ordinal,1,1,FALSE,Habitable and governable (permanent settlements can hold territory),4,FALSE,4,Habitable and governable (permanent settlements can hold territory),4,4,Habitable and governable (permanent settlements can hold territory),Habitable and governable (permanent settlements can hold territory),4
US,The Martian Chronicles | October 2002 - The Shore,3,q3,how long is journey / how  far from earth,The Martian Chronicles,ordinal,1,1,FALSE,Short interplanetary journey,2,FALSE,2,Short interplanetary journey,2,2,Short interplanetary journey,Short interplanetary journey,2
US,The Martian Chronicles | October 2002 - The Shore,4,q4,how culturally different is space from earth?,The Martian Chronicles,ordinal,1,1,FALSE,Basically Earth society in space,1,FALSE,1,Basically Earth society in space,1,1,Basically Earth society in space,Basically Earth society in space,1
US,The Martian Chronicles | October 2002 - The Shore,5,q5,do you speak same language on earth vs space ?,The Martian Chronicles,ordinal,1,1,FALSE,Same languages as Earth,1,FALSE,1,Same languages as Earth,1,1,Same languages as Earth,Same languages as Earth,1
US,The Martian Chronicles | October 2002 - The Shore,6,q6,is it hostile / hard to survive (bc of natural conditions),The Martian Chronicles,ordinal,1,1,FALSE,Manageable but risky,2,FALSE,2,Manageable but risky,2,2,Manageable but risky,Manageable but risky,2
US,The Martian Chronicles | October 2002 - The Shore,7,q7,how common is it for humans to live in space,The Martian Chronicles,ordinal,1,1,FALSE,Moderately common (noticeable settlements/populations),3,FALSE,3,Moderately common (noticeable settlements/populations),3,3,Moderately common (noticeable settlements/populations),Moderately common (noticeable settlements/populations),3
US,The Martian Chronicles | October 2002 - The Shore,8,q8,are there different countries in space? Or just one?,The Martian Chronicles,ordinal,1,1,FALSE,Earth nation-states extend into space,3,FALSE,3,Earth nation-states extend into space,3,3,Earth nation-states extend into space,Earth nation-states extend into space,3
US,The Martian Chronicles | October 2002 - The Shore,9,q9,genre of the book,The Martian Chronicles,nominal,1,1,FALSE,Drama,NA,FALSE,NA,NA,NA,NA,NA,Drama,NA
US,The Martian Chronicles | October 2002 - The Shore,10,q10,is space a military or civilian domain / is the book military or civilian?,The Martian Chronicles,ordinal,1,1,FALSE,Entirely civilian,1,FALSE,1,Entirely civilian,1,1,Entirely civilian,Entirely civilian,1
US,The Martian Chronicles | October 2002 - The Shore,11,q11,Is space characterized like another military domain?,The Martian Chronicles,nominal,1,1,FALSE,Like the frontier / colonial expansion,NA,FALSE,NA,NA,NA,NA,NA,Like the frontier / colonial expansion,NA
US,The Martian Chronicles | October 2002 - The Shore,12,q12,how physically different is space from earth?,The Martian Chronicles,ordinal,1,1,FALSE,Somewhat different (manageable environmental differences),2,FALSE,2,Somewhat different (manageable environmental differences),2,2,Somewhat different (manageable environmental differences),Somewhat different (manageable environmental differences),2
US,The Martian Chronicles | October 2026 - The Million-Year Picnic,1,q1,is space something to be contested,The Martian Chronicles,ordinal,1,1,FALSE,No contestation,1,FALSE,1,No contestation,1,1,No contestation,No contestation,1
US,The Martian Chronicles | October 2026 - The Million-Year Picnic,2,q2,can you inhabit and hold territory in space,The Martian Chronicles,ordinal,1,1,FALSE,"Limited settlement (small colonies, hard to sustain/control)",3,FALSE,3,"Limited settlement (small colonies, hard to sustain/control)",3,3,"Limited settlement (small colonies, hard to sustain/control)","Limited settlement (small colonies, hard to sustain/control)",3
US,The Martian Chronicles | October 2026 - The Million-Year Picnic,3,q3,how long is journey / how  far from earth,The Martian Chronicles,ordinal,1,1,FALSE,"Long-distance journey (years, major separation from Earth)",4,FALSE,4,"Long-distance journey (years, major separation from Earth)",4,4,"Long-distance journey (years, major separation from Earth)","Long-distance journey (years, major separation from Earth)",4
US,The Martian Chronicles | October 2026 - The Million-Year Picnic,4,q4,how culturally different is space from earth?,The Martian Chronicles,ordinal,1,1,FALSE,Distinct space culture,4,FALSE,4,Distinct space culture,4,4,Distinct space culture,Distinct space culture,4
US,The Martian Chronicles | October 2026 - The Million-Year Picnic,5,q5,do you speak same language on earth vs space ?,The Martian Chronicles,ordinal,1,1,FALSE,Same languages as Earth,1,FALSE,1,Same languages as Earth,1,1,Same languages as Earth,Same languages as Earth,1
US,The Martian Chronicles | October 2026 - The Million-Year Picnic,6,q6,is it hostile / hard to survive (bc of natural conditions),The Martian Chronicles,ordinal,1,1,FALSE,Harsh and resource-intensive,3,FALSE,3,Harsh and resource-intensive,3,3,Harsh and resource-intensive,Harsh and resource-intensive,3
US,The Martian Chronicles | October 2026 - The Million-Year Picnic,7,q7,how common is it for humans to live in space,The Martian Chronicles,ordinal,1,1,FALSE,Exceptionally rare (few astronauts/explorers),1,FALSE,1,Exceptionally rare (few astronauts/explorers),1,1,Exceptionally rare (few astronauts/explorers),Exceptionally rare (few astronauts/explorers),1
US,The Martian Chronicles | October 2026 - The Million-Year Picnic,8,q8,are there different countries in space? Or just one?,The Martian Chronicles,ordinal,1,1,FALSE,No political order / ungoverned,1,FALSE,1,No political order / ungoverned,1,1,No political order / ungoverned,No political order / ungoverned,1
US,The Martian Chronicles | October 2026 - The Million-Year Picnic,9,q9,genre of the book,The Martian Chronicles,nominal,1,1,FALSE,Drama,NA,FALSE,NA,NA,NA,NA,NA,Drama,NA
US,The Martian Chronicles | October 2026 - The Million-Year Picnic,10,q10,is space a military or civilian domain / is the book military or civilian?,The Martian Chronicles,ordinal,1,1,FALSE,Entirely civilian,1,FALSE,1,Entirely civilian,1,1,Entirely civilian,Entirely civilian,1
US,The Martian Chronicles | October 2026 - The Million-Year Picnic,11,q11,Is space characterized like another military domain?,The Martian Chronicles,nominal,1,1,FALSE,Like the frontier / colonial expansion,NA,FALSE,NA,NA,NA,NA,NA,Like the frontier / colonial expansion,NA
US,The Martian Chronicles | October 2026 - The Million-Year Picnic,12,q12,how physically different is space from earth?,The Martian Chronicles,ordinal,1,1,FALSE,Very different (human bodies/technology constantly challenged),4,FALSE,4,Very different (human bodies/technology constantly challenged),4,4,Very different (human bodies/technology constantly challenged),Very different (human bodies/technology constantly challenged),4
US,The Martian Chronicles | September 2005 - The Martian,1,q1,is space something to be contested,The Martian Chronicles,ordinal,1,1,FALSE,"Low contestation (minor competition, little open conflict)",2,FALSE,2,"Low contestation (minor competition, little open conflict)",2,2,"Low contestation (minor competition, little open conflict)","Low contestation (minor competition, little open conflict)",2
US,The Martian Chronicles | September 2005 - The Martian,2,q2,can you inhabit and hold territory in space,The Martian Chronicles,ordinal,1,1,FALSE,Habitable and governable (permanent settlements can hold territory),4,FALSE,4,Habitable and governable (permanent settlements can hold territory),4,4,Habitable and governable (permanent settlements can hold territory),Habitable and governable (permanent settlements can hold territory),4
US,The Martian Chronicles | September 2005 - The Martian,3,q3,how long is journey / how  far from earth,The Martian Chronicles,ordinal,1,1,FALSE,Short interplanetary journey,2,FALSE,2,Short interplanetary journey,2,2,Short interplanetary journey,Short interplanetary journey,2
US,The Martian Chronicles | September 2005 - The Martian,4,q4,how culturally different is space from earth?,The Martian Chronicles,ordinal,1,1,FALSE,Mixed / hybrid culture,3,FALSE,3,Mixed / hybrid culture,3,3,Mixed / hybrid culture,Mixed / hybrid culture,3
US,The Martian Chronicles | September 2005 - The Martian,5,q5,do you speak same language on earth vs space ?,The Martian Chronicles,ordinal,1,1,FALSE,Same languages as Earth,1,FALSE,1,Same languages as Earth,1,1,Same languages as Earth,Same languages as Earth,1
US,The Martian Chronicles | September 2005 - The Martian,6,q6,is it hostile / hard to survive (bc of natural conditions),The Martian Chronicles,ordinal,1,1,FALSE,Manageable but risky,2,FALSE,2,Manageable but risky,2,2,Manageable but risky,Manageable but risky,2
US,The Martian Chronicles | September 2005 - The Martian,7,q7,how common is it for humans to live in space,The Martian Chronicles,ordinal,1,1,FALSE,Common (many people live/work there),4,FALSE,4,Common (many people live/work there),4,4,Common (many people live/work there),Common (many people live/work there),4
US,The Martian Chronicles | September 2005 - The Martian,8,q8,are there different countries in space? Or just one?,The Martian Chronicles,ordinal,1,1,FALSE,Earth nation-states extend into space,3,FALSE,3,Earth nation-states extend into space,3,3,Earth nation-states extend into space,Earth nation-states extend into space,3
US,The Martian Chronicles | September 2005 - The Martian,9,q9,genre of the book,The Martian Chronicles,nominal,1,1,FALSE,Drama,NA,FALSE,NA,NA,NA,NA,NA,Drama,NA
US,The Martian Chronicles | September 2005 - The Martian,10,q10,is space a military or civilian domain / is the book military or civilian?,The Martian Chronicles,ordinal,1,1,FALSE,Entirely civilian,1,FALSE,1,Entirely civilian,1,1,Entirely civilian,Entirely civilian,1
US,The Martian Chronicles | September 2005 - The Martian,11,q11,Is space characterized like another military domain?,The Martian Chronicles,nominal,1,1,FALSE,Like the frontier / colonial expansion,NA,FALSE,NA,NA,NA,NA,NA,Like the frontier / colonial expansion,NA
US,The Martian Chronicles | September 2005 - The Martian,12,q12,how physically different is space from earth?,The Martian Chronicles,ordinal,1,1,FALSE,Somewhat different (manageable environmental differences),2,FALSE,2,Somewhat different (manageable environmental differences),2,2,Somewhat different (manageable environmental differences),Somewhat different (manageable environmental differences),2
