book,chapter,q_number,claude_answer,human_answer
Ender's Game,Chapter 1 - THIRD,1,Total war / constant conflict,Other / Unsure
Ender's Game,Chapter 1 - THIRD,2,Other / Unsure,Other / Unsure
Ender's Game,Chapter 1 - THIRD,3,Other / Unsure,Other / Unsure
Ender's Game,Chapter 1 - THIRD,4,Basically Earth society in space,Mostly Earth-like with minor adaptations
Ender's Game,Chapter 1 - THIRD,5,Same languages as Earth,"Mostly same, with dialect/slang differences"
Ender's Game,Chapter 1 - THIRD,6,Other / Unsure,Other / Unsure
Ender's Game,Chapter 1 - THIRD,7,Uncommon (small specialist population),Other / Unsure
Ender's Game,Chapter 1 - THIRD,8,Single unified authority,Other / Unsure
Ender's Game,Chapter 1 - THIRD,9,Military / war,Adventure / exploration
Ender's Game,Chapter 1 - THIRD,10,Mostly military,Other / Unsure
Ender's Game,Chapter 1 - THIRD,11,Other / Unsure,Other / Unsure
Ender's Game,Chapter 1 - THIRD,12,Other / Unsure,Other / Unsure
Ender's Game,Chapter 2 - PETER,1,Total war / constant conflict,Other / Unsure
Ender's Game,Chapter 2 - PETER,2,Other / Unsure,Other / Unsure
Ender's Game,Chapter 2 - PETER,3,Other / Unsure,Other / Unsure
Ender's Game,Chapter 2 - PETER,4,Basically Earth society in space,Mostly Earth-like with minor adaptations
Ender's Game,Chapter 2 - PETER,5,Same languages as Earth,"Mostly same, with dialect/slang differences"
Ender's Game,Chapter 2 - PETER,6,Other / Unsure,Other / Unsure
Ender's Game,Chapter 2 - PETER,7,Uncommon (small specialist population),Other / Unsure
Ender's Game,Chapter 2 - PETER,8,Single unified authority,Other / Unsure
Ender's Game,Chapter 2 - PETER,9,Military / war,Adventure / exploration
Ender's Game,Chapter 2 - PETER,10,Mostly military,Other / Unsure
Ender's Game,Chapter 2 - PETER,11,Other / Unsure,Other / Unsure
Ender's Game,Chapter 2 - PETER,12,Other / Unsure,Other / Unsure
Ender's Game,Chapter 3 - GRAFF,1,Total war / constant conflict,High contestation (frequent conflict or strategic struggle)
Ender's Game,Chapter 3 - GRAFF,2,Other / Unsure,Habitable and governable (permanent settlements can hold territory)
Ender's Game,Chapter 3 - GRAFF,3,"Long-distance journey (years, major separation from Earth)",Other / Unsure
Ender's Game,Chapter 3 - GRAFF,4,Basically Earth society in space,Mostly Earth-like with minor adaptations
Ender's Game,Chapter 3 - GRAFF,5,Same languages as Earth,"Mostly same, with dialect/slang differences"
Ender's Game,Chapter 3 - GRAFF,6,Other / Unsure,Other / Unsure
Ender's Game,Chapter 3 - GRAFF,7,Uncommon (small specialist population),Uncommon (small specialist population)
Ender's Game,Chapter 3 - GRAFF,8,Single unified authority,Single unified authority
Ender's Game,Chapter 3 - GRAFF,9,Military / war,Adventure / exploration
Ender's Game,Chapter 3 - GRAFF,10,Mostly military,Entirely military / war-focused
Ender's Game,Chapter 3 - GRAFF,11,Like the ocean / naval,Like the ocean / naval
Ender's Game,Chapter 3 - GRAFF,12,Other / Unsure,Other / Unsure
Ender's Game,Chapter 4 - LAUNCH,1,Total war / constant conflict,High contestation (frequent conflict or strategic struggle)
Ender's Game,Chapter 4 - LAUNCH,2,"Visiting / Temporary presence only (stations, missions, outposts)",Other / Unsure
Ender's Game,Chapter 4 - LAUNCH,3,"Long-distance journey (years, major separation from Earth)",Near-Earth / very short journey
Ender's Game,Chapter 4 - LAUNCH,4,Basically Earth society in space,Mostly Earth-like with minor adaptations
Ender's Game,Chapter 4 - LAUNCH,5,Same languages as Earth,"Mostly same, with dialect/slang differences"
Ender's Game,Chapter 4 - LAUNCH,6,Manageable but risky,Other / Unsure
Ender's Game,Chapter 4 - LAUNCH,7,Uncommon (small specialist population),Uncommon (small specialist population)
Ender's Game,Chapter 4 - LAUNCH,8,Single unified authority,Single unified authority
Ender's Game,Chapter 4 - LAUNCH,9,Military / war,Adventure / exploration
Ender's Game,Chapter 4 - LAUNCH,10,Entirely military / war-focused,Entirely military / war-focused
Ender's Game,Chapter 4 - LAUNCH,11,Like the ocean / naval,Totally unique domain
Ender's Game,Chapter 4 - LAUNCH,12,Very different (human bodies/technology constantly challenged),Very different (human bodies/technology constantly challenged)
Ender's Game,Chapter 5 - GAMES,1,Total war / constant conflict,High contestation (frequent conflict or strategic struggle)
Ender's Game,Chapter 5 - GAMES,2,"Visiting / Temporary presence only (stations, missions, outposts)",Other / Unsure
Ender's Game,Chapter 5 - GAMES,3,"Long-distance journey (years, major separation from Earth)",Other / Unsure
Ender's Game,Chapter 5 - GAMES,4,Basically Earth society in space,Mostly Earth-like with minor adaptations
Ender's Game,Chapter 5 - GAMES,5,"Mostly same, with dialect/slang differences","Mostly same, with dialect/slang differences"
Ender's Game,Chapter 5 - GAMES,6,Manageable but risky,Other / Unsure
Ender's Game,Chapter 5 - GAMES,7,Uncommon (small specialist population),Other / Unsure
Ender's Game,Chapter 5 - GAMES,8,Single unified authority,Other / Unsure
Ender's Game,Chapter 5 - GAMES,9,Military / war,Adventure / exploration
Ender's Game,Chapter 5 - GAMES,10,Entirely military / war-focused,Entirely military / war-focused
Ender's Game,Chapter 5 - GAMES,11,Like the ocean / naval,Other / Unsure
Ender's Game,Chapter 5 - GAMES,12,Very different (human bodies/technology constantly challenged),Somewhat different (manageable environmental differences)
Ender's Game,Chapter 6 - THE GIANT'S DRINK,1,Total war / constant conflict,High contestation (frequent conflict or strategic struggle)
Ender's Game,Chapter 6 - THE GIANT'S DRINK,2,"Visiting / Temporary presence only (stations, missions, outposts)",Other / Unsure
Ender's Game,Chapter 6 - THE GIANT'S DRINK,3,"Long-distance journey (years, major separation from Earth)",Other / Unsure
Ender's Game,Chapter 6 - THE GIANT'S DRINK,4,Basically Earth society in space,Mostly Earth-like with minor adaptations
Ender's Game,Chapter 6 - THE GIANT'S DRINK,5,"Mostly same, with dialect/slang differences","Mostly same, with dialect/slang differences"
Ender's Game,Chapter 6 - THE GIANT'S DRINK,6,Manageable but risky,Other / Unsure
Ender's Game,Chapter 6 - THE GIANT'S DRINK,7,Uncommon (small specialist population),Other / Unsure
Ender's Game,Chapter 6 - THE GIANT'S DRINK,8,Single unified authority,Other / Unsure
Ender's Game,Chapter 6 - THE GIANT'S DRINK,9,Drama,Adventure / exploration
Ender's Game,Chapter 6 - THE GIANT'S DRINK,10,Entirely military / war-focused,Entirely military / war-focused
Ender's Game,Chapter 6 - THE GIANT'S DRINK,11,Like the ocean / naval,Totally unique domain
Ender's Game,Chapter 6 - THE GIANT'S DRINK,12,Very different (human bodies/technology constantly challenged),Somewhat different (manageable environmental differences)
Ender's Game,Chapter 7 - SALAMANDER,1,Total war / constant conflict,High contestation (frequent conflict or strategic struggle)
Ender's Game,Chapter 7 - SALAMANDER,2,"Visiting / Temporary presence only (stations, missions, outposts)",Other / Unsure
Ender's Game,Chapter 7 - SALAMANDER,3,"Long-distance journey (years, major separation from Earth)",Other / Unsure
Ender's Game,Chapter 7 - SALAMANDER,4,Basically Earth society in space,Mostly Earth-like with minor adaptations
Ender's Game,Chapter 7 - SALAMANDER,5,"Mostly same, with dialect/slang differences","Mostly same, with dialect/slang differences"
Ender's Game,Chapter 7 - SALAMANDER,6,Manageable but risky,Other / Unsure
Ender's Game,Chapter 7 - SALAMANDER,7,Uncommon (small specialist population),Other / Unsure
Ender's Game,Chapter 7 - SALAMANDER,8,Single unified authority,Other / Unsure
Ender's Game,Chapter 7 - SALAMANDER,9,Military / war,Adventure / exploration
Ender's Game,Chapter 7 - SALAMANDER,10,Entirely military / war-focused,Entirely military / war-focused
Ender's Game,Chapter 7 - SALAMANDER,11,Like the ocean / naval,Totally unique domain
Ender's Game,Chapter 7 - SALAMANDER,12,Very different (human bodies/technology constantly challenged),Somewhat different (manageable environmental differences)
Ender's Game,Chapter 8 - RAT,1,Total war / constant conflict,High contestation (frequent conflict or strategic struggle)
Ender's Game,Chapter 8 - RAT,2,"Visiting / Temporary presence only (stations, missions, outposts)",Other / Unsure
Ender's Game,Chapter 8 - RAT,3,"Long-distance journey (years, major separation from Earth)",Other / Unsure
Ender's Game,Chapter 8 - RAT,4,Basically Earth society in space,Mostly Earth-like with minor adaptations
Ender's Game,Chapter 8 - RAT,5,"Mostly same, with dialect/slang differences","Mostly same, with dialect/slang differences"
Ender's Game,Chapter 8 - RAT,6,Manageable but risky,Other / Unsure
Ender's Game,Chapter 8 - RAT,7,Uncommon (small specialist population),Other / Unsure
Ender's Game,Chapter 8 - RAT,8,Single unified authority,Single unified authority
Ender's Game,Chapter 8 - RAT,9,Military / war,Adventure / exploration
Ender's Game,Chapter 8 - RAT,10,Entirely military / war-focused,Entirely military / war-focused
Ender's Game,Chapter 8 - RAT,11,Like the ocean / naval,Totally unique domain
Ender's Game,Chapter 8 - RAT,12,Very different (human bodies/technology constantly challenged),Somewhat different (manageable environmental differences)
Ender's Game,Chapter 9 - LOCKE AND DEMOSTHENES,1,Total war / constant conflict,High contestation (frequent conflict or strategic struggle)
Ender's Game,Chapter 9 - LOCKE AND DEMOSTHENES,2,"Visiting / Temporary presence only (stations, missions, outposts)",Habitable and governable (permanent settlements can hold territory)
Ender's Game,Chapter 9 - LOCKE AND DEMOSTHENES,3,"Long-distance journey (years, major separation from Earth)",Other / Unsure
Ender's Game,Chapter 9 - LOCKE AND DEMOSTHENES,4,Basically Earth society in space,Mostly Earth-like with minor adaptations
Ender's Game,Chapter 9 - LOCKE AND DEMOSTHENES,5,"Mostly same, with dialect/slang differences","Mostly same, with dialect/slang differences"
Ender's Game,Chapter 9 - LOCKE AND DEMOSTHENES,6,Other / Unsure,Benign / easily survivable
Ender's Game,Chapter 9 - LOCKE AND DEMOSTHENES,7,Uncommon (small specialist population),Uncommon (small specialist population)
Ender's Game,Chapter 9 - LOCKE AND DEMOSTHENES,8,Single unified authority,Earth nation-states extend into space
Ender's Game,Chapter 9 - LOCKE AND DEMOSTHENES,9,Political / diplomatic,Adventure / exploration
Ender's Game,Chapter 9 - LOCKE AND DEMOSTHENES,10,Mostly civilian with some military presence,Entirely military / war-focused
Ender's Game,Chapter 9 - LOCKE AND DEMOSTHENES,11,Other / Unsure,Totally unique domain
Ender's Game,Chapter 9 - LOCKE AND DEMOSTHENES,12,Other / Unsure,Somewhat different (manageable environmental differences)
Ender's Game,Chapter 10 - DRAGON,1,Total war / constant conflict,High contestation (frequent conflict or strategic struggle)
Ender's Game,Chapter 10 - DRAGON,2,"Visiting / Temporary presence only (stations, missions, outposts)",Other / Unsure
Ender's Game,Chapter 10 - DRAGON,3,"Long-distance journey (years, major separation from Earth)",Other / Unsure
Ender's Game,Chapter 10 - DRAGON,4,Basically Earth society in space,Mostly Earth-like with minor adaptations
Ender's Game,Chapter 10 - DRAGON,5,"Mostly same, with dialect/slang differences","Mostly same, with dialect/slang differences"
Ender's Game,Chapter 10 - DRAGON,6,Manageable but risky,Other / Unsure
Ender's Game,Chapter 10 - DRAGON,7,Uncommon (small specialist population),Other / Unsure
Ender's Game,Chapter 10 - DRAGON,8,Single unified authority,Other / Unsure
Ender's Game,Chapter 10 - DRAGON,9,Military / war,Adventure / exploration
Ender's Game,Chapter 10 - DRAGON,10,Entirely military / war-focused,Entirely military / war-focused
Ender's Game,Chapter 10 - DRAGON,11,Like the ocean / naval,Totally unique domain
Ender's Game,Chapter 10 - DRAGON,12,Very different (human bodies/technology constantly challenged),Somewhat different (manageable environmental differences)
Ender's Game,Chapter 11 - VENI VIDI VICI,1,Total war / constant conflict,High contestation (frequent conflict or strategic struggle)
Ender's Game,Chapter 11 - VENI VIDI VICI,2,"Visiting / Temporary presence only (stations, missions, outposts)",Other / Unsure
Ender's Game,Chapter 11 - VENI VIDI VICI,3,"Long-distance journey (years, major separation from Earth)",Other / Unsure
Ender's Game,Chapter 11 - VENI VIDI VICI,4,Basically Earth society in space,Mostly Earth-like with minor adaptations
Ender's Game,Chapter 11 - VENI VIDI VICI,5,"Mostly same, with dialect/slang differences","Mostly same, with dialect/slang differences"
Ender's Game,Chapter 11 - VENI VIDI VICI,6,Manageable but risky,Other / Unsure
Ender's Game,Chapter 11 - VENI VIDI VICI,7,Uncommon (small specialist population),Other / Unsure
Ender's Game,Chapter 11 - VENI VIDI VICI,8,Single unified authority,Earth nation-states extend into space
Ender's Game,Chapter 11 - VENI VIDI VICI,9,Military / war,Adventure / exploration
Ender's Game,Chapter 11 - VENI VIDI VICI,10,Entirely military / war-focused,Entirely military / war-focused
Ender's Game,Chapter 11 - VENI VIDI VICI,11,Like the ocean / naval,Totally unique domain
Ender's Game,Chapter 11 - VENI VIDI VICI,12,Very different (human bodies/technology constantly challenged),Somewhat different (manageable environmental differences)
Ender's Game,Chapter 12 - BONZO,1,Total war / constant conflict,High contestation (frequent conflict or strategic struggle)
Ender's Game,Chapter 12 - BONZO,2,"Visiting / Temporary presence only (stations, missions, outposts)",Other / Unsure
Ender's Game,Chapter 12 - BONZO,3,"Long-distance journey (years, major separation from Earth)",Near-Earth / very short journey
Ender's Game,Chapter 12 - BONZO,4,Basically Earth society in space,Mostly Earth-like with minor adaptations
Ender's Game,Chapter 12 - BONZO,5,"Mostly same, with dialect/slang differences","Mostly same, with dialect/slang differences"
Ender's Game,Chapter 12 - BONZO,6,Harsh and resource-intensive,Other / Unsure
Ender's Game,Chapter 12 - BONZO,7,Uncommon (small specialist population),Other / Unsure
Ender's Game,Chapter 12 - BONZO,8,Single unified authority,Earth nation-states extend into space
Ender's Game,Chapter 12 - BONZO,9,Thriller / Horror / Survival,Adventure / exploration
Ender's Game,Chapter 12 - BONZO,10,Entirely military / war-focused,Entirely military / war-focused
Ender's Game,Chapter 12 - BONZO,11,Like the ocean / naval,Totally unique domain
Ender's Game,Chapter 12 - BONZO,12,Very different (human bodies/technology constantly challenged),Somewhat different (manageable environmental differences)
Ender's Game,Chapter 13 - VALENTINE,1,Moderate contestation (ongoing rivalry/disputes),High contestation (frequent conflict or strategic struggle)
Ender's Game,Chapter 13 - VALENTINE,2,"Visiting / Temporary presence only (stations, missions, outposts)",Habitable and governable (permanent settlements can hold territory)
Ender's Game,Chapter 13 - VALENTINE,3,Moderate journey (months/meaningful separation),"Long-distance journey (years, major separation from Earth)"
Ender's Game,Chapter 13 - VALENTINE,4,Basically Earth society in space,Mostly Earth-like with minor adaptations
Ender's Game,Chapter 13 - VALENTINE,5,Same languages as Earth,"Mostly same, with dialect/slang differences"
Ender's Game,Chapter 13 - VALENTINE,6,Manageable but risky,Other / Unsure
Ender's Game,Chapter 13 - VALENTINE,7,Uncommon (small specialist population),Uncommon (small specialist population)
Ender's Game,Chapter 13 - VALENTINE,8,Single unified authority,Earth nation-states extend into space
Ender's Game,Chapter 13 - VALENTINE,9,Military / war,Adventure / exploration
Ender's Game,Chapter 13 - VALENTINE,10,Mostly military,Entirely military / war-focused
Ender's Game,Chapter 13 - VALENTINE,11,Like the ocean / naval,Totally unique domain
Ender's Game,Chapter 13 - VALENTINE,12,Somewhat different (manageable environmental differences),Somewhat different (manageable environmental differences)
Ender's Game,Chapter 14 - ENDER'S TEACHER,1,Total war / constant conflict,High contestation (frequent conflict or strategic struggle)
Ender's Game,Chapter 14 - ENDER'S TEACHER,2,"Visiting / Temporary presence only (stations, missions, outposts)",Habitable and governable (permanent settlements can hold territory)
Ender's Game,Chapter 14 - ENDER'S TEACHER,3,"Long-distance journey (years, major separation from Earth)","Long-distance journey (years, major separation from Earth)"
Ender's Game,Chapter 14 - ENDER'S TEACHER,4,Basically Earth society in space,Mostly Earth-like with minor adaptations
Ender's Game,Chapter 14 - ENDER'S TEACHER,5,Same languages as Earth,"Mostly same, with dialect/slang differences"
Ender's Game,Chapter 14 - ENDER'S TEACHER,6,Harsh and resource-intensive,Other / Unsure
Ender's Game,Chapter 14 - ENDER'S TEACHER,7,Uncommon (small specialist population),Uncommon (small specialist population)
Ender's Game,Chapter 14 - ENDER'S TEACHER,8,Single unified authority,Earth nation-states extend into space
Ender's Game,Chapter 14 - ENDER'S TEACHER,9,Military / war,Adventure / exploration
Ender's Game,Chapter 14 - ENDER'S TEACHER,10,Entirely military / war-focused,Entirely military / war-focused
Ender's Game,Chapter 14 - ENDER'S TEACHER,11,Like the ocean / naval,Like the ocean / naval
Ender's Game,Chapter 14 - ENDER'S TEACHER,12,Moderately different (regular adaptation needed),Somewhat different (manageable environmental differences)
Ender's Game,Chapter 15 - SPEAKER FOR THE DEAD,1,"Low contestation (minor competition, little open conflict)","Low contestation (minor competition, little open conflict)"
Ender's Game,Chapter 15 - SPEAKER FOR THE DEAD,2,Habitable and governable (permanent settlements can hold territory),Habitable and governable (permanent settlements can hold territory)
Ender's Game,Chapter 15 - SPEAKER FOR THE DEAD,3,"Extreme / effectively unreachable (generational, completely separate, or one-way-feeling distance)","Long-distance journey (years, major separation from Earth)"
Ender's Game,Chapter 15 - SPEAKER FOR THE DEAD,4,Mixed / hybrid culture,Mostly Earth-like with minor adaptations
Ender's Game,Chapter 15 - SPEAKER FOR THE DEAD,5,Same languages as Earth,"Mostly same, with dialect/slang differences"
Ender's Game,Chapter 15 - SPEAKER FOR THE DEAD,6,Manageable but risky,Benign / easily survivable
Ender's Game,Chapter 15 - SPEAKER FOR THE DEAD,7,Common (many people live/work there),Moderately common (noticeable settlements/populations)
Ender's Game,Chapter 15 - SPEAKER FOR THE DEAD,8,Multiple distinct space polities,Earth nation-states extend into space
Ender's Game,Chapter 15 - SPEAKER FOR THE DEAD,9,Drama,Adventure / exploration
Ender's Game,Chapter 15 - SPEAKER FOR THE DEAD,10,Entirely civilian,Mixed civilian-military domain
Ender's Game,Chapter 15 - SPEAKER FOR THE DEAD,11,Like the frontier / colonial expansion,Like the frontier / colonial expansion
Ender's Game,Chapter 15 - SPEAKER FOR THE DEAD,12,Somewhat different (manageable environmental differences),Almost Earth-like
Off on a Comet,Book 1 - Chapter 1,1,"Low contestation (minor competition, little open conflict)",Other / Unsure
Off on a Comet,Book 1 - Chapter 2,1,No contestation,Other / Unsure
Off on a Comet,Book 1 - Chapter 3,1,No contestation,Other / Unsure
Off on a Comet,Book 1 - Chapter 4,1,No contestation,Moderate contestation (ongoing rivalry/disputes)
Off on a Comet,Book 1 - Chapter 5,1,No contestation,Other / Unsure
Off on a Comet,Book 1 - Chapter 6,1,No contestation,Other / Unsure
Off on a Comet,Book 1 - Chapter 7,1,No contestation,Other / Unsure
Off on a Comet,Book 1 - Chapter 8,1,No contestation,Other / Unsure
Off on a Comet,Book 1 - Chapter 9,1,No contestation,Other / Unsure
Off on a Comet,Book 1 - Chapter 10,1,No contestation,Other / Unsure
Off on a Comet,Book 1 - Chapter 1,2,Other / Unsure,Other / Unsure
Off on a Comet,Book 1 - Chapter 2,2,Other / Unsure,Other / Unsure
Off on a Comet,Book 1 - Chapter 3,2,Other / Unsure,Other / Unsure
Off on a Comet,Book 1 - Chapter 4,2,Other / Unsure,Other / Unsure
Off on a Comet,Book 1 - Chapter 5,2,Cannot inhabit or hold territory,Other / Unsure
Off on a Comet,Book 1 - Chapter 6,2,"Visiting / Temporary presence only (stations, missions, outposts)",Other / Unsure
Off on a Comet,Book 1 - Chapter 7,2,"Visiting / Temporary presence only (stations, missions, outposts)",Other / Unsure
Off on a Comet,Book 1 - Chapter 8,2,"Visiting / Temporary presence only (stations, missions, outposts)",Other / Unsure
Off on a Comet,Book 1 - Chapter 9,2,"Visiting / Temporary presence only (stations, missions, outposts)",Other / Unsure
Off on a Comet,Book 1 - Chapter 10,2,"Visiting / Temporary presence only (stations, missions, outposts)",Other / Unsure
Off on a Comet,Book 1 - Chapter 1,3,Other / Unsure,Other / Unsure
Off on a Comet,Book 1 - Chapter 2,3,Other / Unsure,Other / Unsure
Off on a Comet,Book 1 - Chapter 3,3,Other / Unsure,Other / Unsure
Off on a Comet,Book 1 - Chapter 4,3,Other / Unsure,Other / Unsure
Off on a Comet,Book 1 - Chapter 5,3,Other / Unsure,Other / Unsure
Off on a Comet,Book 1 - Chapter 6,3,Other / Unsure,"Extreme / effectively unreachable (generational, completely separate, or one-way-feeling distance)"
Off on a Comet,Book 1 - Chapter 7,3,Other / Unsure,"Extreme / effectively unreachable (generational, completely separate, or one-way-feeling distance)"
Off on a Comet,Book 1 - Chapter 8,3,Moderate journey (months/meaningful separation),"Extreme / effectively unreachable (generational, completely separate, or one-way-feeling distance)"
Off on a Comet,Book 1 - Chapter 9,3,Moderate journey (months/meaningful separation),"Extreme / effectively unreachable (generational, completely separate, or one-way-feeling distance)"
Off on a Comet,Book 1 - Chapter 10,3,Moderate journey (months/meaningful separation),"Extreme / effectively unreachable (generational, completely separate, or one-way-feeling distance)"
Off on a Comet,Book 1 - Chapter 1,12,Other / Unsure,Other / Unsure
Off on a Comet,Book 1 - Chapter 2,12,Other / Unsure,Other / Unsure
Off on a Comet,Book 1 - Chapter 3,12,Other / Unsure,Other / Unsure
Off on a Comet,Book 1 - Chapter 4,12,Radically non-Earth-like (physics/environment fundamentally unlike Earth experience),Other / Unsure
Off on a Comet,Book 1 - Chapter 5,12,Very different (human bodies/technology constantly challenged),Moderately different (regular adaptation needed)
Off on a Comet,Book 1 - Chapter 6,12,Very different (human bodies/technology constantly challenged),Moderately different (regular adaptation needed)
Off on a Comet,Book 1 - Chapter 7,12,Very different (human bodies/technology constantly challenged),Moderately different (regular adaptation needed)
Off on a Comet,Book 1 - Chapter 8,12,Very different (human bodies/technology constantly challenged),Moderately different (regular adaptation needed)
Off on a Comet,Book 1 - Chapter 9,12,Very different (human bodies/technology constantly challenged),Moderately different (regular adaptation needed)
Off on a Comet,Book 1 - Chapter 10,12,Very different (human bodies/technology constantly challenged),Moderately different (regular adaptation needed)
Off on a Comet,Book 1 - Chapter 1,5,Same languages as Earth,Other / Unsure
Off on a Comet,Book 1 - Chapter 2,5,Same languages as Earth,Other / Unsure
Off on a Comet,Book 1 - Chapter 3,5,Same languages as Earth,Other / Unsure
Off on a Comet,Book 1 - Chapter 4,5,Same languages as Earth,Other / Unsure
Off on a Comet,Book 1 - Chapter 5,5,Same languages as Earth,Other / Unsure
Off on a Comet,Book 1 - Chapter 6,5,Same languages as Earth,Other / Unsure
Off on a Comet,Book 1 - Chapter 7,5,Same languages as Earth,Other / Unsure
Off on a Comet,Book 1 - Chapter 8,5,Same languages as Earth,Other / Unsure
Off on a Comet,Book 1 - Chapter 9,5,Same languages as Earth,Other / Unsure
Off on a Comet,Book 1 - Chapter 10,5,Same languages as Earth,Other / Unsure
Off on a Comet,Book 1 - Chapter 1,6,Other / Unsure,Other / Unsure
Off on a Comet,Book 1 - Chapter 2,6,Other / Unsure,Other / Unsure
Off on a Comet,Book 1 - Chapter 3,6,Other / Unsure,Other / Unsure
Off on a Comet,Book 1 - Chapter 4,6,Extremely hostile (constant survival pressure),Other / Unsure
Off on a Comet,Book 1 - Chapter 5,6,Manageable but risky,Manageable but risky
Off on a Comet,Book 1 - Chapter 6,6,Manageable but risky,Benign / easily survivable
Off on a Comet,Book 1 - Chapter 7,6,Harsh and resource-intensive,Manageable but risky
Off on a Comet,Book 1 - Chapter 8,6,Harsh and resource-intensive,Manageable but risky
Off on a Comet,Book 1 - Chapter 9,6,Manageable but risky,Manageable but risky
Off on a Comet,Book 1 - Chapter 10,6,Harsh and resource-intensive,Other / Unsure
Off on a Comet,Book 1 - Chapter 1,7,Other / Unsure,Other / Unsure
Off on a Comet,Book 1 - Chapter 2,7,Other / Unsure,Other / Unsure
Off on a Comet,Book 1 - Chapter 3,7,Other / Unsure,Other / Unsure
Off on a Comet,Book 1 - Chapter 4,7,Other / Unsure,Other / Unsure
Off on a Comet,Book 1 - Chapter 5,7,Exceptionally rare (few astronauts/explorers),Uncommon (small specialist population)
Off on a Comet,Book 1 - Chapter 6,7,Exceptionally rare (few astronauts/explorers),Uncommon (small specialist population)
Off on a Comet,Book 1 - Chapter 7,7,Exceptionally rare (few astronauts/explorers),Uncommon (small specialist population)
Off on a Comet,Book 1 - Chapter 8,7,Exceptionally rare (few astronauts/explorers),Uncommon (small specialist population)
Off on a Comet,Book 1 - Chapter 9,7,Exceptionally rare (few astronauts/explorers),Uncommon (small specialist population)
Off on a Comet,Book 1 - Chapter 10,7,Exceptionally rare (few astronauts/explorers),Uncommon (small specialist population)
Off on a Comet,Book 1 - Chapter 1,8,Other / Unsure,Other / Unsure
Off on a Comet,Book 1 - Chapter 2,8,Other / Unsure,Other / Unsure
Off on a Comet,Book 1 - Chapter 3,8,Other / Unsure,Other / Unsure
Off on a Comet,Book 1 - Chapter 4,8,Other / Unsure,Other / Unsure
Off on a Comet,Book 1 - Chapter 5,8,No political order / ungoverned,Other / Unsure
Off on a Comet,Book 1 - Chapter 6,8,No political order / ungoverned,Other / Unsure
Off on a Comet,Book 1 - Chapter 7,8,No political order / ungoverned,Other / Unsure
Off on a Comet,Book 1 - Chapter 8,8,No political order / ungoverned,Other / Unsure
Off on a Comet,Book 1 - Chapter 9,8,No political order / ungoverned,Other / Unsure
Off on a Comet,Book 1 - Chapter 10,8,No political order / ungoverned,Other / Unsure
Off on a Comet,Book 1 - Chapter 1,9,Adventure / exploration,Other / Unsure
Off on a Comet,Book 1 - Chapter 2,9,Adventure / exploration,Other / Unsure
Off on a Comet,Book 1 - Chapter 3,9,Adventure / exploration,Adventure / exploration
Off on a Comet,Book 1 - Chapter 4,9,Thriller / Horror / Survival,Adventure / exploration
Off on a Comet,Book 1 - Chapter 5,9,Adventure / exploration,Adventure / exploration
Off on a Comet,Book 1 - Chapter 6,9,Adventure / exploration,Adventure / exploration
Off on a Comet,Book 1 - Chapter 7,9,Adventure / exploration,Adventure / exploration
Off on a Comet,Book 1 - Chapter 8,9,Adventure / exploration,Adventure / exploration
Off on a Comet,Book 1 - Chapter 9,9,Adventure / exploration,Adventure / exploration
Off on a Comet,Book 1 - Chapter 10,9,Adventure / exploration,Adventure / exploration
Off on a Comet,Book 1 - Chapter 1,10,Mostly civilian with some military presence,Entirely civilian
Off on a Comet,Book 1 - Chapter 2,10,Mostly civilian with some military presence,Entirely civilian
Off on a Comet,Book 1 - Chapter 3,10,Mostly civilian with some military presence,Entirely civilian
Off on a Comet,Book 1 - Chapter 4,10,Entirely civilian,Other / Unsure
Off on a Comet,Book 1 - Chapter 5,10,Entirely civilian,Other / Unsure
Off on a Comet,Book 1 - Chapter 6,10,Entirely civilian,Other / Unsure
Off on a Comet,Book 1 - Chapter 7,10,Entirely civilian,Entirely civilian
Off on a Comet,Book 1 - Chapter 8,10,Entirely civilian,Entirely civilian
Off on a Comet,Book 1 - Chapter 9,10,Mostly civilian with some military presence,Entirely civilian
Off on a Comet,Book 1 - Chapter 10,10,Entirely civilian,Entirely civilian
Off on a Comet,Book 1 - Chapter 1,11,Other / Unsure,Other / Unsure
Off on a Comet,Book 1 - Chapter 2,11,Other / Unsure,Other / Unsure
Off on a Comet,Book 1 - Chapter 3,11,Other / Unsure,Other / Unsure
Off on a Comet,Book 1 - Chapter 4,11,Other / Unsure,Other / Unsure
Off on a Comet,Book 1 - Chapter 5,11,Like the frontier / colonial expansion,Other / Unsure
Off on a Comet,Book 1 - Chapter 6,11,Like the frontier / colonial expansion,Other / Unsure
Off on a Comet,Book 1 - Chapter 7,11,Like the frontier / colonial expansion,Other / Unsure
Off on a Comet,Book 1 - Chapter 8,11,Like the frontier / colonial expansion,Other / Unsure
Off on a Comet,Book 1 - Chapter 9,11,Like the ocean / naval,Other / Unsure
Off on a Comet,Book 1 - Chapter 10,11,Like the ocean / naval,Other / Unsure
Planet of the Apes,Chapter 1,1,No contestation,Other / Unsure
Planet of the Apes,Chapter 1,2,"Visiting / Temporary presence only (stations, missions, outposts)",Habitable and governable (permanent settlements can hold territory)
Planet of the Apes,Chapter 1,3,"Extreme / effectively unreachable (generational, completely separate, or one-way-feeling distance)","Long-distance journey (years, major separation from Earth)"
Planet of the Apes,Chapter 1,4,Basically Earth society in space,Mostly Earth-like with minor adaptations
Planet of the Apes,Chapter 1,5,Same languages as Earth,Distinct space language(s)
Planet of the Apes,Chapter 1,6,Benign / easily survivable,Other / Unsure
Planet of the Apes,Chapter 1,7,Normalized / widespread (space habitation is ordinary for humanity),Moderately common (noticeable settlements/populations)
Planet of the Apes,Chapter 1,8,Other / Unsure,Multiple distinct space polities
Planet of the Apes,Chapter 1,9,Adventure / exploration,Adventure / exploration
Planet of the Apes,Chapter 1,10,Entirely civilian,Entirely civilian
Planet of the Apes,Chapter 1,11,Like the ocean / naval,Other / Unsure
Planet of the Apes,Chapter 2,1,No contestation,Moderate contestation (ongoing rivalry/disputes)
Planet of the Apes,Chapter 2,2,Habitable and governable (permanent settlements can hold territory),Habitable and governable (permanent settlements can hold territory)
Planet of the Apes,Chapter 2,3,"Extreme / effectively unreachable (generational, completely separate, or one-way-feeling distance)","Extreme / effectively unreachable (generational, completely separate, or one-way-feeling distance)"
Planet of the Apes,Chapter 2,4,Basically Earth society in space,Mixed / hybrid culture
Planet of the Apes,Chapter 2,5,Same languages as Earth,Other / Unsure
Planet of the Apes,Chapter 2,6,Manageable but risky,Extremely hostile (constant survival pressure)
Planet of the Apes,Chapter 2,7,Exceptionally rare (few astronauts/explorers),Exceptionally rare (few astronauts/explorers)
Planet of the Apes,Chapter 2,8,Other / Unsure,Other / Unsure
Planet of the Apes,Chapter 2,9,Adventure / exploration,Adventure / exploration
Planet of the Apes,Chapter 2,10,Entirely civilian,Entirely civilian
Planet of the Apes,Chapter 2,11,Like the frontier / colonial expansion,Totally unique domain
Planet of the Apes,Chapter 3,1,No contestation,Other / Unsure
Planet of the Apes,Chapter 3,2,"Visiting / Temporary presence only (stations, missions, outposts)",Habitable and governable (permanent settlements can hold territory)
Planet of the Apes,Chapter 3,3,"Extreme / effectively unreachable (generational, completely separate, or one-way-feeling distance)",Other / Unsure
Planet of the Apes,Chapter 3,4,Radically different / alien social order,Distinct space culture
Planet of the Apes,Chapter 3,5,Other / Unsure,Other / Unsure
Planet of the Apes,Chapter 3,6,Benign / easily survivable,Other / Unsure
Planet of the Apes,Chapter 3,7,Exceptionally rare (few astronauts/explorers),Normalized / widespread (space habitation is ordinary for humanity)
Planet of the Apes,Chapter 3,8,Other / Unsure,Other / Unsure
Planet of the Apes,Chapter 3,9,Adventure / exploration,Adventure / exploration
Planet of the Apes,Chapter 3,10,Entirely civilian,Entirely civilian
Planet of the Apes,Chapter 3,11,Like the frontier / colonial expansion,Other / Unsure
Planet of the Apes,Chapter 4,1,No contestation,Other / Unsure
Planet of the Apes,Chapter 4,2,Habitable and governable (permanent settlements can hold territory),Habitable and governable (permanent settlements can hold territory)
Planet of the Apes,Chapter 4,3,"Extreme / effectively unreachable (generational, completely separate, or one-way-feeling distance)",Other / Unsure
Planet of the Apes,Chapter 4,4,Radically different / alien social order,Mostly Earth-like with minor adaptations
Planet of the Apes,Chapter 4,5,Distinct space language(s),Other / Unsure
Planet of the Apes,Chapter 4,6,Manageable but risky,Other / Unsure
Planet of the Apes,Chapter 4,7,Exceptionally rare (few astronauts/explorers),Other / Unsure
Planet of the Apes,Chapter 4,8,Single unified authority,Other / Unsure
Planet of the Apes,Chapter 4,9,Drama,Adventure / exploration
Planet of the Apes,Chapter 4,10,Entirely civilian,Other / Unsure
Planet of the Apes,Chapter 4,11,Other / Unsure,Other / Unsure
Planet of the Apes,Chapter 5,1,No contestation,Other / Unsure
Planet of the Apes,Chapter 5,2,"Visiting / Temporary presence only (stations, missions, outposts)",Habitable and governable (permanent settlements can hold territory)
Planet of the Apes,Chapter 5,3,"Extreme / effectively unreachable (generational, completely separate, or one-way-feeling distance)",Other / Unsure
Planet of the Apes,Chapter 5,4,Radically different / alien social order,Mostly Earth-like with minor adaptations
Planet of the Apes,Chapter 5,5,Other / Unsure,Distinct space language(s)
Planet of the Apes,Chapter 5,6,Manageable but risky,Other / Unsure
Planet of the Apes,Chapter 5,7,Exceptionally rare (few astronauts/explorers),Other / Unsure
Planet of the Apes,Chapter 5,8,Other / Unsure,Other / Unsure
Planet of the Apes,Chapter 5,9,Adventure / exploration,Adventure / exploration
Planet of the Apes,Chapter 5,10,Entirely civilian,Other / Unsure
Planet of the Apes,Chapter 5,11,Like the frontier / colonial expansion,Other / Unsure
Planet of the Apes,Chapter 6,1,No contestation,Moderate contestation (ongoing rivalry/disputes)
Planet of the Apes,Chapter 6,2,Habitable and governable (permanent settlements can hold territory),Other / Unsure
Planet of the Apes,Chapter 6,3,"Extreme / effectively unreachable (generational, completely separate, or one-way-feeling distance)",Other / Unsure
Planet of the Apes,Chapter 6,4,Radically different / alien social order,Mixed / hybrid culture
Planet of the Apes,Chapter 6,5,Distinct space language(s),Distinct space language(s)
Planet of the Apes,Chapter 6,6,Manageable but risky,Other / Unsure
Planet of the Apes,Chapter 6,7,Exceptionally rare (few astronauts/explorers),Other / Unsure
Planet of the Apes,Chapter 6,8,Single unified authority,Other / Unsure
Planet of the Apes,Chapter 6,9,Comedy / satire,Adventure / exploration
Planet of the Apes,Chapter 6,10,Entirely civilian,Other / Unsure
Planet of the Apes,Chapter 6,11,Other / Unsure,Other / Unsure
Planet of the Apes,Chapter 7,1,No contestation,Moderate contestation (ongoing rivalry/disputes)
Planet of the Apes,Chapter 7,2,Habitable and governable (permanent settlements can hold territory),Other / Unsure
Planet of the Apes,Chapter 7,3,"Extreme / effectively unreachable (generational, completely separate, or one-way-feeling distance)",Other / Unsure
Planet of the Apes,Chapter 7,4,Radically different / alien social order,Mixed / hybrid culture
Planet of the Apes,Chapter 7,5,Distinct space language(s),Distinct space language(s)
Planet of the Apes,Chapter 7,6,Manageable but risky,Other / Unsure
Planet of the Apes,Chapter 7,7,Exceptionally rare (few astronauts/explorers),Other / Unsure
Planet of the Apes,Chapter 7,8,Single unified authority,Other / Unsure
Planet of the Apes,Chapter 7,9,Comedy / satire,Adventure / exploration
Planet of the Apes,Chapter 7,10,Entirely civilian,Other / Unsure
Planet of the Apes,Chapter 7,11,Other / Unsure,Other / Unsure
Planet of the Apes,Chapter 8,1,No contestation,High contestation (frequent conflict or strategic struggle)
Planet of the Apes,Chapter 8,2,Habitable and governable (permanent settlements can hold territory),Other / Unsure
Planet of the Apes,Chapter 8,3,"Extreme / effectively unreachable (generational, completely separate, or one-way-feeling distance)",Other / Unsure
Planet of the Apes,Chapter 8,4,Radically different / alien social order,Other / Unsure
Planet of the Apes,Chapter 8,5,Distinct space language(s),Distinct space language(s)
Planet of the Apes,Chapter 8,6,Manageable but risky,Other / Unsure
Planet of the Apes,Chapter 8,7,Exceptionally rare (few astronauts/explorers),Other / Unsure
Planet of the Apes,Chapter 8,8,Single unified authority,Other / Unsure
Planet of the Apes,Chapter 8,9,Comedy / satire,Adventure / exploration
Planet of the Apes,Chapter 8,10,Entirely civilian,Mostly civilian with some military presence
Planet of the Apes,Chapter 8,11,Other / Unsure,Totally unique domain
Planet of the Apes,Chapter 9,1,High contestation (frequent conflict or strategic struggle),High contestation (frequent conflict or strategic struggle)
Planet of the Apes,Chapter 9,2,Habitable and governable (permanent settlements can hold territory),Other / Unsure
Planet of the Apes,Chapter 9,3,"Extreme / effectively unreachable (generational, completely separate, or one-way-feeling distance)",Other / Unsure
Planet of the Apes,Chapter 9,4,Radically different / alien social order,Radically different / alien social order
Planet of the Apes,Chapter 9,5,Distinct space language(s),Other / Unsure
Planet of the Apes,Chapter 9,6,Extremely hostile (constant survival pressure),Other / Unsure
Planet of the Apes,Chapter 9,7,Exceptionally rare (few astronauts/explorers),Other / Unsure
Planet of the Apes,Chapter 9,8,Single unified authority,Other / Unsure
Planet of the Apes,Chapter 9,9,Thriller / Horror / Survival,Adventure / exploration
Planet of the Apes,Chapter 9,10,Entirely civilian,Entirely civilian
Planet of the Apes,Chapter 9,11,Like the frontier / colonial expansion,Totally unique domain
Planet of the Apes,Chapter 10,1,Moderate contestation (ongoing rivalry/disputes),High contestation (frequent conflict or strategic struggle)
Planet of the Apes,Chapter 10,2,Habitable and governable (permanent settlements can hold territory),Other / Unsure
Planet of the Apes,Chapter 10,3,"Extreme / effectively unreachable (generational, completely separate, or one-way-feeling distance)",Other / Unsure
Planet of the Apes,Chapter 10,4,Radically different / alien social order,Radically different / alien social order
Planet of the Apes,Chapter 10,5,Distinct space language(s),Distinct space language(s)
Planet of the Apes,Chapter 10,6,Extremely hostile (constant survival pressure),Benign / easily survivable
Planet of the Apes,Chapter 10,7,Exceptionally rare (few astronauts/explorers),Other / Unsure
Planet of the Apes,Chapter 10,8,Single unified authority,Other / Unsure
Planet of the Apes,Chapter 10,9,Thriller / Horror / Survival,Adventure / exploration
Planet of the Apes,Chapter 10,10,Entirely civilian,Entirely civilian
Planet of the Apes,Chapter 10,11,Like the frontier / colonial expansion,Totally unique domain
Planet of the Apes,Chapter 11,1,"Low contestation (minor competition, little open conflict)",High contestation (frequent conflict or strategic struggle)
Planet of the Apes,Chapter 11,2,Habitable and governable (permanent settlements can hold territory),Other / Unsure
Planet of the Apes,Chapter 11,3,"Extreme / effectively unreachable (generational, completely separate, or one-way-feeling distance)",Other / Unsure
Planet of the Apes,Chapter 11,4,Radically different / alien social order,Radically different / alien social order
Planet of the Apes,Chapter 11,5,Distinct space language(s),Other / Unsure
Planet of the Apes,Chapter 11,6,Harsh and resource-intensive,Other / Unsure
Planet of the Apes,Chapter 11,7,Exceptionally rare (few astronauts/explorers),Other / Unsure
Planet of the Apes,Chapter 11,8,Single unified authority,Other / Unsure
Planet of the Apes,Chapter 11,9,Drama,Adventure / exploration
Planet of the Apes,Chapter 11,10,Entirely civilian,Other / Unsure
Planet of the Apes,Chapter 11,11,Like the frontier / colonial expansion,Other / Unsure
Planet of the Apes,Chapter 12,1,"Low contestation (minor competition, little open conflict)",Other / Unsure
Planet of the Apes,Chapter 12,2,Habitable and governable (permanent settlements can hold territory),Other / Unsure
Planet of the Apes,Chapter 12,3,"Extreme / effectively unreachable (generational, completely separate, or one-way-feeling distance)",Other / Unsure
Planet of the Apes,Chapter 12,4,Radically different / alien social order,Radically different / alien social order
Planet of the Apes,Chapter 12,5,Distinct space language(s),Distinct space language(s)
Planet of the Apes,Chapter 12,6,Harsh and resource-intensive,Other / Unsure
Planet of the Apes,Chapter 12,7,Exceptionally rare (few astronauts/explorers),Other / Unsure
Planet of the Apes,Chapter 12,8,Single unified authority,Other / Unsure
Planet of the Apes,Chapter 12,9,Drama,Adventure / exploration
Planet of the Apes,Chapter 12,10,Entirely civilian,Entirely civilian
Planet of the Apes,Chapter 12,11,Other / Unsure,Other / Unsure
Planet of the Apes,Chapter 13,1,"Low contestation (minor competition, little open conflict)",Other / Unsure
Planet of the Apes,Chapter 13,2,Habitable and governable (permanent settlements can hold territory),Other / Unsure
Planet of the Apes,Chapter 13,3,"Extreme / effectively unreachable (generational, completely separate, or one-way-feeling distance)",Other / Unsure
Planet of the Apes,Chapter 13,4,Radically different / alien social order,Other / Unsure
Planet of the Apes,Chapter 13,5,Distinct space language(s),Distinct space language(s)
Planet of the Apes,Chapter 13,6,Manageable but risky,Other / Unsure
Planet of the Apes,Chapter 13,7,Exceptionally rare (few astronauts/explorers),Other / Unsure
Planet of the Apes,Chapter 13,8,Single unified authority,Other / Unsure
Planet of the Apes,Chapter 13,9,Drama,Adventure / exploration
Planet of the Apes,Chapter 13,10,Entirely civilian,Other / Unsure
Planet of the Apes,Chapter 13,11,Other / Unsure,Totally unique domain
Planet of the Apes,Chapter 14,1,No contestation,Other / Unsure
Planet of the Apes,Chapter 14,2,"Visiting / Temporary presence only (stations, missions, outposts)",Other / Unsure
Planet of the Apes,Chapter 14,3,"Extreme / effectively unreachable (generational, completely separate, or one-way-feeling distance)",Other / Unsure
Planet of the Apes,Chapter 14,4,Radically different / alien social order,Radically different / alien social order
Planet of the Apes,Chapter 14,5,Distinct space language(s),Other / Unsure
Planet of the Apes,Chapter 14,6,Benign / easily survivable,Other / Unsure
Planet of the Apes,Chapter 14,7,Exceptionally rare (few astronauts/explorers),Other / Unsure
Planet of the Apes,Chapter 14,8,Single unified authority,Other / Unsure
Planet of the Apes,Chapter 14,9,Comedy / satire,Adventure / exploration
Planet of the Apes,Chapter 14,10,Entirely civilian,Other / Unsure
Planet of the Apes,Chapter 14,11,Like the frontier / colonial expansion,Other / Unsure
Planet of the Apes,Chapter 15,1,No contestation,Other / Unsure
Planet of the Apes,Chapter 15,2,"Visiting / Temporary presence only (stations, missions, outposts)",Other / Unsure
Planet of the Apes,Chapter 15,3,"Extreme / effectively unreachable (generational, completely separate, or one-way-feeling distance)",Other / Unsure
Planet of the Apes,Chapter 15,4,Radically different / alien social order,Other / Unsure
Planet of the Apes,Chapter 15,5,Distinct space language(s),Distinct space language(s)
Planet of the Apes,Chapter 15,6,Benign / easily survivable,Other / Unsure
Planet of the Apes,Chapter 15,7,Exceptionally rare (few astronauts/explorers),Other / Unsure
Planet of the Apes,Chapter 15,8,Single unified authority,Other / Unsure
Planet of the Apes,Chapter 15,9,Comedy / satire,Adventure / exploration
Planet of the Apes,Chapter 15,10,Entirely civilian,Other / Unsure
Planet of the Apes,Chapter 15,11,Like the frontier / colonial expansion,Totally unique domain
Planet of the Apes,Chapter 16,1,No contestation,Other / Unsure
Planet of the Apes,Chapter 16,2,"Visiting / Temporary presence only (stations, missions, outposts)",Other / Unsure
Planet of the Apes,Chapter 16,3,"Extreme / effectively unreachable (generational, completely separate, or one-way-feeling distance)",Other / Unsure
Planet of the Apes,Chapter 16,4,Radically different / alien social order,Other / Unsure
Planet of the Apes,Chapter 16,5,Distinct space language(s),Distinct space language(s)
Planet of the Apes,Chapter 16,6,Benign / easily survivable,Other / Unsure
Planet of the Apes,Chapter 16,7,Exceptionally rare (few astronauts/explorers),Other / Unsure
Planet of the Apes,Chapter 16,8,Single unified authority,Other / Unsure
Planet of the Apes,Chapter 16,9,Comedy / satire,Adventure / exploration
Planet of the Apes,Chapter 16,10,Entirely civilian,Other / Unsure
Planet of the Apes,Chapter 16,11,Like the frontier / colonial expansion,Like the frontier / colonial expansion
Planet of the Apes,Chapter 17,1,No contestation,Other / Unsure
Planet of the Apes,Chapter 17,2,"Visiting / Temporary presence only (stations, missions, outposts)",Other / Unsure
Planet of the Apes,Chapter 17,3,"Extreme / effectively unreachable (generational, completely separate, or one-way-feeling distance)",Other / Unsure
Planet of the Apes,Chapter 17,4,Radically different / alien social order,Mixed / hybrid culture
Planet of the Apes,Chapter 17,5,Distinct space language(s),Distinct space language(s)
Planet of the Apes,Chapter 17,6,Benign / easily survivable,Other / Unsure
Planet of the Apes,Chapter 17,7,Exceptionally rare (few astronauts/explorers),Other / Unsure
Planet of the Apes,Chapter 17,8,Single unified authority,Other / Unsure
Planet of the Apes,Chapter 17,9,Drama,Adventure / exploration
Planet of the Apes,Chapter 17,10,Entirely civilian,Other / Unsure
Planet of the Apes,Chapter 17,11,Like the frontier / colonial expansion,Other / Unsure
Planet of the Apes,Chapter 18,1,No contestation,Other / Unsure
Planet of the Apes,Chapter 18,2,"Visiting / Temporary presence only (stations, missions, outposts)",Other / Unsure
Planet of the Apes,Chapter 18,3,"Extreme / effectively unreachable (generational, completely separate, or one-way-feeling distance)",Other / Unsure
Planet of the Apes,Chapter 18,4,Radically different / alien social order,Other / Unsure
Planet of the Apes,Chapter 18,5,Distinct space language(s),Distinct space language(s)
Planet of the Apes,Chapter 18,6,Benign / easily survivable,Other / Unsure
Planet of the Apes,Chapter 18,7,Exceptionally rare (few astronauts/explorers),Other / Unsure
Planet of the Apes,Chapter 18,8,Single unified authority,Other / Unsure
Planet of the Apes,Chapter 18,9,Drama,Adventure / exploration
Planet of the Apes,Chapter 18,10,Entirely civilian,Other / Unsure
Planet of the Apes,Chapter 18,11,Like the frontier / colonial expansion,Other / Unsure
Planet of the Apes,Chapter 19,1,No contestation,Other / Unsure
Planet of the Apes,Chapter 19,2,"Visiting / Temporary presence only (stations, missions, outposts)",Other / Unsure
Planet of the Apes,Chapter 19,3,"Extreme / effectively unreachable (generational, completely separate, or one-way-feeling distance)",Other / Unsure
Planet of the Apes,Chapter 19,4,Radically different / alien social order,Radically different / alien social order
Planet of the Apes,Chapter 19,5,Distinct space language(s),Other / Unsure
Planet of the Apes,Chapter 19,6,Benign / easily survivable,Other / Unsure
Planet of the Apes,Chapter 19,7,Exceptionally rare (few astronauts/explorers),Other / Unsure
Planet of the Apes,Chapter 19,8,Single unified authority,Other / Unsure
Planet of the Apes,Chapter 19,9,Comedy / satire,Adventure / exploration
Planet of the Apes,Chapter 19,10,Entirely civilian,Other / Unsure
Planet of the Apes,Chapter 19,11,Like the frontier / colonial expansion,Other / Unsure
Planet of the Apes,Chapter 20,1,No contestation,Other / Unsure
Planet of the Apes,Chapter 20,2,"Visiting / Temporary presence only (stations, missions, outposts)",Habitable and governable (permanent settlements can hold territory)
Planet of the Apes,Chapter 20,3,"Extreme / effectively unreachable (generational, completely separate, or one-way-feeling distance)",Other / Unsure
Planet of the Apes,Chapter 20,4,Radically different / alien social order,Mixed / hybrid culture
Planet of the Apes,Chapter 20,5,Distinct space language(s),Other / Unsure
Planet of the Apes,Chapter 20,6,Benign / easily survivable,Benign / easily survivable
Planet of the Apes,Chapter 20,7,Exceptionally rare (few astronauts/explorers),Normalized / widespread (space habitation is ordinary for humanity)
Planet of the Apes,Chapter 20,8,Single unified authority,Other / Unsure
Planet of the Apes,Chapter 20,9,Comedy / satire,Adventure / exploration
Planet of the Apes,Chapter 20,10,Entirely civilian,Entirely civilian
Planet of the Apes,Chapter 20,11,Like the frontier / colonial expansion,Other / Unsure
Planet of the Apes,Chapter 21,1,No contestation,High contestation (frequent conflict or strategic struggle)
Planet of the Apes,Chapter 21,2,"Visiting / Temporary presence only (stations, missions, outposts)",Other / Unsure
Planet of the Apes,Chapter 21,3,"Extreme / effectively unreachable (generational, completely separate, or one-way-feeling distance)",Other / Unsure
Planet of the Apes,Chapter 21,4,Radically different / alien social order,Other / Unsure
Planet of the Apes,Chapter 21,5,Distinct space language(s),Other / Unsure
Planet of the Apes,Chapter 21,6,Benign / easily survivable,Other / Unsure
Planet of the Apes,Chapter 21,7,Exceptionally rare (few astronauts/explorers),Other / Unsure
Planet of the Apes,Chapter 21,8,Single unified authority,Other / Unsure
Planet of the Apes,Chapter 21,9,Political / diplomatic,Adventure / exploration
Planet of the Apes,Chapter 21,10,Entirely civilian,Entirely civilian
Planet of the Apes,Chapter 21,11,Like the frontier / colonial expansion,Other / Unsure
Planet of the Apes,Chapter 22,1,No contestation,No contestation
Planet of the Apes,Chapter 22,2,"Visiting / Temporary presence only (stations, missions, outposts)",Other / Unsure
Planet of the Apes,Chapter 22,3,"Extreme / effectively unreachable (generational, completely separate, or one-way-feeling distance)",Other / Unsure
Planet of the Apes,Chapter 22,4,Radically different / alien social order,Radically different / alien social order
Planet of the Apes,Chapter 22,5,Distinct space language(s),Distinct space language(s)
Planet of the Apes,Chapter 22,6,Benign / easily survivable,Other / Unsure
Planet of the Apes,Chapter 22,7,Exceptionally rare (few astronauts/explorers),Other / Unsure
Planet of the Apes,Chapter 22,8,Single unified authority,Single unified authority
Planet of the Apes,Chapter 22,9,Comedy / satire,Adventure / exploration
Planet of the Apes,Chapter 22,10,Entirely civilian,Entirely civilian
Planet of the Apes,Chapter 22,11,Like the frontier / colonial expansion,Other / Unsure
Planet of the Apes,Chapter 23,1,No contestation,Other / Unsure
Planet of the Apes,Chapter 23,2,"Visiting / Temporary presence only (stations, missions, outposts)",Other / Unsure
Planet of the Apes,Chapter 23,3,"Extreme / effectively unreachable (generational, completely separate, or one-way-feeling distance)",Other / Unsure
Planet of the Apes,Chapter 23,4,Radically different / alien social order,Mostly Earth-like with minor adaptations
Planet of the Apes,Chapter 23,5,Distinct space language(s),Other / Unsure
Planet of the Apes,Chapter 23,6,Benign / easily survivable,Other / Unsure
Planet of the Apes,Chapter 23,7,Exceptionally rare (few astronauts/explorers),Other / Unsure
Planet of the Apes,Chapter 23,8,Single unified authority,Other / Unsure
Planet of the Apes,Chapter 23,9,Drama,Adventure / exploration
Planet of the Apes,Chapter 23,10,Entirely civilian,Other / Unsure
Planet of the Apes,Chapter 23,11,Like the frontier / colonial expansion,Other / Unsure
Planet of the Apes,Chapter 24,1,No contestation,Other / Unsure
Planet of the Apes,Chapter 24,2,"Visiting / Temporary presence only (stations, missions, outposts)",Other / Unsure
Planet of the Apes,Chapter 24,3,"Extreme / effectively unreachable (generational, completely separate, or one-way-feeling distance)",Other / Unsure
Planet of the Apes,Chapter 24,4,Radically different / alien social order,Radically different / alien social order
Planet of the Apes,Chapter 24,5,Distinct space language(s),Distinct space language(s)
Planet of the Apes,Chapter 24,6,Benign / easily survivable,Other / Unsure
Planet of the Apes,Chapter 24,7,Exceptionally rare (few astronauts/explorers),Other / Unsure
Planet of the Apes,Chapter 24,8,Single unified authority,Other / Unsure
Planet of the Apes,Chapter 24,9,Political / diplomatic,Adventure / exploration
Planet of the Apes,Chapter 24,10,Entirely civilian,Other / Unsure
Planet of the Apes,Chapter 24,11,Like the frontier / colonial expansion,Other / Unsure
Planet of the Apes,Chapter 25,1,No contestation,Other / Unsure
Planet of the Apes,Chapter 25,2,"Visiting / Temporary presence only (stations, missions, outposts)",Other / Unsure
Planet of the Apes,Chapter 25,3,"Extreme / effectively unreachable (generational, completely separate, or one-way-feeling distance)",Other / Unsure
Planet of the Apes,Chapter 25,4,Radically different / alien social order,Mixed / hybrid culture
Planet of the Apes,Chapter 25,5,Distinct space language(s),Distinct space language(s)
Planet of the Apes,Chapter 25,6,Benign / easily survivable,Other / Unsure
Planet of the Apes,Chapter 25,7,Exceptionally rare (few astronauts/explorers),Other / Unsure
Planet of the Apes,Chapter 25,8,Single unified authority,Other / Unsure
Planet of the Apes,Chapter 25,9,Political / diplomatic,Adventure / exploration
Planet of the Apes,Chapter 25,10,Entirely civilian,Other / Unsure
Planet of the Apes,Chapter 25,11,Like the frontier / colonial expansion,Other / Unsure
Planet of the Apes,Chapter 26,1,No contestation,Other / Unsure
Planet of the Apes,Chapter 26,2,"Visiting / Temporary presence only (stations, missions, outposts)",Other / Unsure
Planet of the Apes,Chapter 26,3,"Extreme / effectively unreachable (generational, completely separate, or one-way-feeling distance)",Other / Unsure
Planet of the Apes,Chapter 26,4,Radically different / alien social order,Other / Unsure
Planet of the Apes,Chapter 26,5,Distinct space language(s),Distinct space language(s)
Planet of the Apes,Chapter 26,6,Benign / easily survivable,Other / Unsure
Planet of the Apes,Chapter 26,7,Exceptionally rare (few astronauts/explorers),Other / Unsure
Planet of the Apes,Chapter 26,8,Single unified authority,Other / Unsure
Planet of the Apes,Chapter 26,9,Drama,Adventure / exploration
Planet of the Apes,Chapter 26,10,Entirely civilian,Other / Unsure
Planet of the Apes,Chapter 26,11,Like the frontier / colonial expansion,Other / Unsure
Planet of the Apes,Chapter 27,1,No contestation,Other / Unsure
Planet of the Apes,Chapter 27,2,"Visiting / Temporary presence only (stations, missions, outposts)",Other / Unsure
Planet of the Apes,Chapter 27,3,"Extreme / effectively unreachable (generational, completely separate, or one-way-feeling distance)",Other / Unsure
Planet of the Apes,Chapter 27,4,Radically different / alien social order,Other / Unsure
Planet of the Apes,Chapter 27,5,Distinct space language(s),Distinct space language(s)
Planet of the Apes,Chapter 27,6,Benign / easily survivable,Other / Unsure
Planet of the Apes,Chapter 27,7,Exceptionally rare (few astronauts/explorers),Other / Unsure
Planet of the Apes,Chapter 27,8,Single unified authority,Other / Unsure
Planet of the Apes,Chapter 27,9,Drama,Adventure / exploration
Planet of the Apes,Chapter 27,10,Entirely civilian,Other / Unsure
Planet of the Apes,Chapter 27,11,Like the frontier / colonial expansion,Other / Unsure
Planet of the Apes,Chapter 28,1,No contestation,Other / Unsure
Planet of the Apes,Chapter 28,2,"Visiting / Temporary presence only (stations, missions, outposts)",Other / Unsure
Planet of the Apes,Chapter 28,3,"Extreme / effectively unreachable (generational, completely separate, or one-way-feeling distance)",Other / Unsure
Planet of the Apes,Chapter 28,4,Radically different / alien social order,Mostly Earth-like with minor adaptations
Planet of the Apes,Chapter 28,5,Distinct space language(s),Other / Unsure
Planet of the Apes,Chapter 28,6,Benign / easily survivable,Other / Unsure
Planet of the Apes,Chapter 28,7,Exceptionally rare (few astronauts/explorers),Other / Unsure
Planet of the Apes,Chapter 28,8,Single unified authority,Other / Unsure
Planet of the Apes,Chapter 28,9,Drama,Adventure / exploration
Planet of the Apes,Chapter 28,10,Entirely civilian,Other / Unsure
Planet of the Apes,Chapter 28,11,Like the frontier / colonial expansion,Other / Unsure
Planet of the Apes,Chapter 29,1,No contestation,Other / Unsure
Planet of the Apes,Chapter 29,2,"Visiting / Temporary presence only (stations, missions, outposts)",Other / Unsure
Planet of the Apes,Chapter 29,3,"Extreme / effectively unreachable (generational, completely separate, or one-way-feeling distance)",Other / Unsure
Planet of the Apes,Chapter 29,4,Radically different / alien social order,Radically different / alien social order
Planet of the Apes,Chapter 29,5,Distinct space language(s),Distinct space language(s)
Planet of the Apes,Chapter 29,6,Benign / easily survivable,Other / Unsure
Planet of the Apes,Chapter 29,7,Exceptionally rare (few astronauts/explorers),Other / Unsure
Planet of the Apes,Chapter 29,8,Single unified authority,Other / Unsure
Planet of the Apes,Chapter 29,9,Adventure / exploration,Adventure / exploration
Planet of the Apes,Chapter 29,10,Entirely civilian,Other / Unsure
Planet of the Apes,Chapter 29,11,Like the frontier / colonial expansion,Other / Unsure
Planet of the Apes,Chapter 30,1,No contestation,Other / Unsure
Planet of the Apes,Chapter 30,2,"Visiting / Temporary presence only (stations, missions, outposts)",Other / Unsure
Planet of the Apes,Chapter 30,3,"Extreme / effectively unreachable (generational, completely separate, or one-way-feeling distance)",Other / Unsure
Planet of the Apes,Chapter 30,4,Radically different / alien social order,Radically different / alien social order
Planet of the Apes,Chapter 30,5,Distinct space language(s),Distinct space language(s)
Planet of the Apes,Chapter 30,6,Benign / easily survivable,Other / Unsure
Planet of the Apes,Chapter 30,7,Exceptionally rare (few astronauts/explorers),Other / Unsure
Planet of the Apes,Chapter 30,8,Single unified authority,Other / Unsure
Planet of the Apes,Chapter 30,9,Comedy / satire,Adventure / exploration
Planet of the Apes,Chapter 30,10,Entirely civilian,Other / Unsure
Planet of the Apes,Chapter 30,11,Like the frontier / colonial expansion,Other / Unsure
Planet of the Apes,Chapter 31,1,No contestation,Other / Unsure
Planet of the Apes,Chapter 31,2,"Visiting / Temporary presence only (stations, missions, outposts)",Other / Unsure
Planet of the Apes,Chapter 31,3,"Extreme / effectively unreachable (generational, completely separate, or one-way-feeling distance)",Other / Unsure
Planet of the Apes,Chapter 31,4,Radically different / alien social order,Other / Unsure
Planet of the Apes,Chapter 31,5,Distinct space language(s),Other / Unsure
Planet of the Apes,Chapter 31,6,Benign / easily survivable,Other / Unsure
Planet of the Apes,Chapter 31,7,Exceptionally rare (few astronauts/explorers),Other / Unsure
Planet of the Apes,Chapter 31,8,Single unified authority,Other / Unsure
Planet of the Apes,Chapter 31,9,Drama,Adventure / exploration
Planet of the Apes,Chapter 31,10,Entirely civilian,Other / Unsure
Planet of the Apes,Chapter 31,11,Like the frontier / colonial expansion,Other / Unsure
Planet of the Apes,Chapter 32,1,No contestation,Moderate contestation (ongoing rivalry/disputes)
Planet of the Apes,Chapter 32,2,"Visiting / Temporary presence only (stations, missions, outposts)",Other / Unsure
Planet of the Apes,Chapter 32,3,"Extreme / effectively unreachable (generational, completely separate, or one-way-feeling distance)",Other / Unsure
Planet of the Apes,Chapter 32,4,Radically different / alien social order,Other / Unsure
Planet of the Apes,Chapter 32,5,Distinct space language(s),Other / Unsure
Planet of the Apes,Chapter 32,6,Benign / easily survivable,Other / Unsure
Planet of the Apes,Chapter 32,7,Exceptionally rare (few astronauts/explorers),Other / Unsure
Planet of the Apes,Chapter 32,8,Single unified authority,Other / Unsure
Planet of the Apes,Chapter 32,9,Drama,Adventure / exploration
Planet of the Apes,Chapter 32,10,Entirely civilian,Other / Unsure
Planet of the Apes,Chapter 32,11,Like the frontier / colonial expansion,Other / Unsure
Planet of the Apes,Chapter 33,1,No contestation,Other / Unsure
Planet of the Apes,Chapter 33,2,"Visiting / Temporary presence only (stations, missions, outposts)",Other / Unsure
Planet of the Apes,Chapter 33,3,"Extreme / effectively unreachable (generational, completely separate, or one-way-feeling distance)",Other / Unsure
Planet of the Apes,Chapter 33,4,Radically different / alien social order,Radically different / alien social order
Planet of the Apes,Chapter 33,5,Distinct space language(s),Other / Unsure
Planet of the Apes,Chapter 33,6,Benign / easily survivable,Other / Unsure
Planet of the Apes,Chapter 33,7,Exceptionally rare (few astronauts/explorers),Other / Unsure
Planet of the Apes,Chapter 33,8,Single unified authority,Other / Unsure
Planet of the Apes,Chapter 33,9,Thriller / Horror / Survival,Adventure / exploration
Planet of the Apes,Chapter 33,10,Entirely civilian,Other / Unsure
Planet of the Apes,Chapter 33,11,Like the frontier / colonial expansion,Other / Unsure
Planet of the Apes,Chapter 34,1,No contestation,High contestation (frequent conflict or strategic struggle)
Planet of the Apes,Chapter 34,2,"Visiting / Temporary presence only (stations, missions, outposts)",Other / Unsure
Planet of the Apes,Chapter 34,3,"Extreme / effectively unreachable (generational, completely separate, or one-way-feeling distance)",Other / Unsure
Planet of the Apes,Chapter 34,4,Radically different / alien social order,Other / Unsure
Planet of the Apes,Chapter 34,5,Distinct space language(s),Shared lingua franca plus local variation
Planet of the Apes,Chapter 34,6,Benign / easily survivable,Other / Unsure
Planet of the Apes,Chapter 34,7,Exceptionally rare (few astronauts/explorers),Other / Unsure
Planet of the Apes,Chapter 34,8,Single unified authority,Other / Unsure
Planet of the Apes,Chapter 34,9,Thriller / Horror / Survival,Adventure / exploration
Planet of the Apes,Chapter 34,10,Entirely civilian,Other / Unsure
Planet of the Apes,Chapter 34,11,Like the frontier / colonial expansion,Other / Unsure
Planet of the Apes,Chapter 35,1,No contestation,Other / Unsure
Planet of the Apes,Chapter 35,2,"Visiting / Temporary presence only (stations, missions, outposts)",Other / Unsure
Planet of the Apes,Chapter 35,3,"Extreme / effectively unreachable (generational, completely separate, or one-way-feeling distance)",Other / Unsure
Planet of the Apes,Chapter 35,4,Radically different / alien social order,Other / Unsure
Planet of the Apes,Chapter 35,5,Distinct space language(s),Other / Unsure
Planet of the Apes,Chapter 35,6,Benign / easily survivable,Other / Unsure
Planet of the Apes,Chapter 35,7,Exceptionally rare (few astronauts/explorers),Other / Unsure
Planet of the Apes,Chapter 35,8,Single unified authority,Other / Unsure
Planet of the Apes,Chapter 35,9,Drama,Adventure / exploration
Planet of the Apes,Chapter 35,10,Entirely civilian,Other / Unsure
Planet of the Apes,Chapter 35,11,Like the frontier / colonial expansion,Other / Unsure
Planet of the Apes,Chapter 36,1,No contestation,High contestation (frequent conflict or strategic struggle)
Planet of the Apes,Chapter 36,2,"Visiting / Temporary presence only (stations, missions, outposts)",Other / Unsure
Planet of the Apes,Chapter 36,3,"Extreme / effectively unreachable (generational, completely separate, or one-way-feeling distance)","Long-distance journey (years, major separation from Earth)"
Planet of the Apes,Chapter 36,4,Radically different / alien social order,Other / Unsure
Planet of the Apes,Chapter 36,5,Distinct space language(s),Other / Unsure
Planet of the Apes,Chapter 36,6,Benign / easily survivable,Other / Unsure
Planet of the Apes,Chapter 36,7,Exceptionally rare (few astronauts/explorers),Other / Unsure
Planet of the Apes,Chapter 36,8,Single unified authority,Other / Unsure
Planet of the Apes,Chapter 36,9,Thriller / Horror / Survival,Adventure / exploration
Planet of the Apes,Chapter 36,10,Mostly civilian with some military presence,Other / Unsure
Planet of the Apes,Chapter 36,11,Like the frontier / colonial expansion,Other / Unsure
Planet of the Apes,Chapter 37,1,No contestation,Other / Unsure
Planet of the Apes,Chapter 37,2,"Visiting / Temporary presence only (stations, missions, outposts)",Other / Unsure
Planet of the Apes,Chapter 37,3,"Extreme / effectively unreachable (generational, completely separate, or one-way-feeling distance)","Long-distance journey (years, major separation from Earth)"
Planet of the Apes,Chapter 37,4,Radically different / alien social order,Other / Unsure
Planet of the Apes,Chapter 37,5,Distinct space language(s),Distinct space language(s)
Planet of the Apes,Chapter 37,6,Manageable but risky,Other / Unsure
Planet of the Apes,Chapter 37,7,Exceptionally rare (few astronauts/explorers),Other / Unsure
Planet of the Apes,Chapter 37,8,Single unified authority,Other / Unsure
Planet of the Apes,Chapter 37,9,Thriller / Horror / Survival,Adventure / exploration
Planet of the Apes,Chapter 37,10,Mostly civilian with some military presence,Other / Unsure
Planet of the Apes,Chapter 37,11,Like the frontier / colonial expansion,Like the air / airpower
Planet of the Apes,Chapter 38,1,No contestation,Other / Unsure
Planet of the Apes,Chapter 38,2,"Visiting / Temporary presence only (stations, missions, outposts)",Other / Unsure
Planet of the Apes,Chapter 38,3,"Extreme / effectively unreachable (generational, completely separate, or one-way-feeling distance)",Other / Unsure
Planet of the Apes,Chapter 38,4,Radically different / alien social order,Other / Unsure
Planet of the Apes,Chapter 38,5,Distinct space language(s),Other / Unsure
Planet of the Apes,Chapter 38,6,Benign / easily survivable,Other / Unsure
Planet of the Apes,Chapter 38,7,Uncommon (small specialist population),Other / Unsure
Planet of the Apes,Chapter 38,8,Other / Unsure,Other / Unsure
Planet of the Apes,Chapter 38,9,Comedy / satire,Adventure / exploration
Planet of the Apes,Chapter 38,10,Entirely civilian,Entirely civilian
Planet of the Apes,Chapter 38,11,Like the ocean / naval,Other / Unsure
The Martian,Chapter 1,1,No contestation,No contestation
The Martian,Chapter 1,2,"Visiting / Temporary presence only (stations, missions, outposts)","Limited settlement (small colonies, hard to sustain/control)"
The Martian,Chapter 1,3,Moderate journey (months/meaningful separation),Moderate journey (months/meaningful separation)
The Martian,Chapter 1,4,Basically Earth society in space,Basically Earth society in space
The Martian,Chapter 1,5,Same languages as Earth,Same languages as Earth
The Martian,Chapter 1,6,Nearly uninhabitable / lethal without major intervention,Nearly uninhabitable / lethal without major intervention
The Martian,Chapter 1,7,Exceptionally rare (few astronauts/explorers),Exceptionally rare (few astronauts/explorers)
The Martian,Chapter 1,8,Earth nation-states extend into space,Single unified authority
The Martian,Chapter 1,9,Thriller / Horror / Survival,Comedy / satire
The Martian,Chapter 1,10,Entirely civilian,Entirely civilian
The Martian,Chapter 1,11,Like the frontier / colonial expansion,Totally unique domain
The Martian,Chapter 2,1,No contestation,No contestation
The Martian,Chapter 2,2,"Visiting / Temporary presence only (stations, missions, outposts)","Limited settlement (small colonies, hard to sustain/control)"
The Martian,Chapter 2,3,Moderate journey (months/meaningful separation),Moderate journey (months/meaningful separation)
The Martian,Chapter 2,4,Basically Earth society in space,Basically Earth society in space
The Martian,Chapter 2,5,Same languages as Earth,Same languages as Earth
The Martian,Chapter 2,6,Nearly uninhabitable / lethal without major intervention,Nearly uninhabitable / lethal without major intervention
The Martian,Chapter 2,7,Exceptionally rare (few astronauts/explorers),Exceptionally rare (few astronauts/explorers)
The Martian,Chapter 2,8,Earth nation-states extend into space,Single unified authority
The Martian,Chapter 2,9,Thriller / Horror / Survival,Comedy / satire
The Martian,Chapter 2,10,Entirely civilian,Entirely civilian
The Martian,Chapter 2,11,Like the frontier / colonial expansion,Totally unique domain
The Martian,Chapter 3,1,No contestation,No contestation
The Martian,Chapter 3,2,"Visiting / Temporary presence only (stations, missions, outposts)","Limited settlement (small colonies, hard to sustain/control)"
The Martian,Chapter 3,3,Moderate journey (months/meaningful separation),Other / Unsure
The Martian,Chapter 3,4,Basically Earth society in space,Basically Earth society in space
The Martian,Chapter 3,5,Same languages as Earth,Same languages as Earth
The Martian,Chapter 3,6,Nearly uninhabitable / lethal without major intervention,Nearly uninhabitable / lethal without major intervention
The Martian,Chapter 3,7,Exceptionally rare (few astronauts/explorers),Exceptionally rare (few astronauts/explorers)
The Martian,Chapter 3,8,Earth nation-states extend into space,Single unified authority
The Martian,Chapter 3,9,Thriller / Horror / Survival,Comedy / satire
The Martian,Chapter 3,10,Entirely civilian,Entirely civilian
The Martian,Chapter 3,11,Like the frontier / colonial expansion,Like the ocean / naval
The Martian,Chapter 4,1,No contestation,No contestation
The Martian,Chapter 4,2,"Visiting / Temporary presence only (stations, missions, outposts)","Limited settlement (small colonies, hard to sustain/control)"
The Martian,Chapter 4,3,Moderate journey (months/meaningful separation),Other / Unsure
The Martian,Chapter 4,4,Basically Earth society in space,Basically Earth society in space
The Martian,Chapter 4,5,Same languages as Earth,Same languages as Earth
The Martian,Chapter 4,6,Nearly uninhabitable / lethal without major intervention,Nearly uninhabitable / lethal without major intervention
The Martian,Chapter 4,7,Exceptionally rare (few astronauts/explorers),Exceptionally rare (few astronauts/explorers)
The Martian,Chapter 4,8,Earth nation-states extend into space,Single unified authority
The Martian,Chapter 4,9,Thriller / Horror / Survival,Comedy / satire
The Martian,Chapter 4,10,Entirely civilian,Entirely civilian
The Martian,Chapter 4,11,Like the frontier / colonial expansion,Totally unique domain
The Martian,Chapter 5,1,No contestation,No contestation
The Martian,Chapter 5,2,"Visiting / Temporary presence only (stations, missions, outposts)","Limited settlement (small colonies, hard to sustain/control)"
The Martian,Chapter 5,3,Moderate journey (months/meaningful separation),Other / Unsure
The Martian,Chapter 5,4,Basically Earth society in space,Basically Earth society in space
The Martian,Chapter 5,5,Same languages as Earth,Same languages as Earth
The Martian,Chapter 5,6,Nearly uninhabitable / lethal without major intervention,Nearly uninhabitable / lethal without major intervention
The Martian,Chapter 5,7,Exceptionally rare (few astronauts/explorers),Exceptionally rare (few astronauts/explorers)
The Martian,Chapter 5,8,Earth nation-states extend into space,Single unified authority
The Martian,Chapter 5,9,Thriller / Horror / Survival,Comedy / satire
The Martian,Chapter 5,10,Entirely civilian,Entirely civilian
The Martian,Chapter 5,11,Like the frontier / colonial expansion,Totally unique domain
The Martian,Chapter 6,1,No contestation,No contestation
The Martian,Chapter 6,2,"Visiting / Temporary presence only (stations, missions, outposts)",Other / Unsure
The Martian,Chapter 6,3,Moderate journey (months/meaningful separation),Moderate journey (months/meaningful separation)
The Martian,Chapter 6,4,Basically Earth society in space,Basically Earth society in space
The Martian,Chapter 6,5,Same languages as Earth,Same languages as Earth
The Martian,Chapter 6,6,Nearly uninhabitable / lethal without major intervention,Nearly uninhabitable / lethal without major intervention
The Martian,Chapter 6,7,Exceptionally rare (few astronauts/explorers),Exceptionally rare (few astronauts/explorers)
The Martian,Chapter 6,8,Earth nation-states extend into space,Single unified authority
The Martian,Chapter 6,9,Drama,Comedy / satire
The Martian,Chapter 6,10,Entirely civilian,Entirely civilian
The Martian,Chapter 6,11,Like the frontier / colonial expansion,Totally unique domain
The Martian,Chapter 7,1,No contestation,No contestation
The Martian,Chapter 7,2,"Visiting / Temporary presence only (stations, missions, outposts)","Limited settlement (small colonies, hard to sustain/control)"
The Martian,Chapter 7,3,Moderate journey (months/meaningful separation),Moderate journey (months/meaningful separation)
The Martian,Chapter 7,4,Basically Earth society in space,Basically Earth society in space
The Martian,Chapter 7,5,Same languages as Earth,Same languages as Earth
The Martian,Chapter 7,6,Nearly uninhabitable / lethal without major intervention,Nearly uninhabitable / lethal without major intervention
The Martian,Chapter 7,7,Exceptionally rare (few astronauts/explorers),Exceptionally rare (few astronauts/explorers)
The Martian,Chapter 7,8,Earth nation-states extend into space,Single unified authority
The Martian,Chapter 7,9,Thriller / Horror / Survival,Comedy / satire
The Martian,Chapter 7,10,Entirely civilian,Entirely civilian
The Martian,Chapter 7,11,Like the frontier / colonial expansion,Totally unique domain
The Martian,Chapter 8,1,No contestation,No contestation
The Martian,Chapter 8,2,"Visiting / Temporary presence only (stations, missions, outposts)",Other / Unsure
The Martian,Chapter 8,3,Moderate journey (months/meaningful separation),Moderate journey (months/meaningful separation)
The Martian,Chapter 8,4,Basically Earth society in space,Basically Earth society in space
The Martian,Chapter 8,5,Same languages as Earth,Same languages as Earth
The Martian,Chapter 8,6,Nearly uninhabitable / lethal without major intervention,Nearly uninhabitable / lethal without major intervention
The Martian,Chapter 8,7,Exceptionally rare (few astronauts/explorers),Exceptionally rare (few astronauts/explorers)
The Martian,Chapter 8,8,Earth nation-states extend into space,Single unified authority
The Martian,Chapter 8,9,Adventure / exploration,Comedy / satire
The Martian,Chapter 8,10,Entirely civilian,Entirely civilian
The Martian,Chapter 8,11,Like the frontier / colonial expansion,Totally unique domain
The Martian,Chapter 9,1,No contestation,No contestation
The Martian,Chapter 9,2,"Visiting / Temporary presence only (stations, missions, outposts)",Other / Unsure
The Martian,Chapter 9,3,Moderate journey (months/meaningful separation),Moderate journey (months/meaningful separation)
The Martian,Chapter 9,4,Basically Earth society in space,Basically Earth society in space
The Martian,Chapter 9,5,Same languages as Earth,Same languages as Earth
The Martian,Chapter 9,6,Nearly uninhabitable / lethal without major intervention,Nearly uninhabitable / lethal without major intervention
The Martian,Chapter 9,7,Exceptionally rare (few astronauts/explorers),Exceptionally rare (few astronauts/explorers)
The Martian,Chapter 9,8,Earth nation-states extend into space,Single unified authority
The Martian,Chapter 9,9,Adventure / exploration,Comedy / satire
The Martian,Chapter 9,10,Entirely civilian,Entirely civilian
The Martian,Chapter 9,11,Like the frontier / colonial expansion,Totally unique domain
The Martian,Chapter 10,1,No contestation,No contestation
The Martian,Chapter 10,2,"Visiting / Temporary presence only (stations, missions, outposts)",Other / Unsure
The Martian,Chapter 10,3,Moderate journey (months/meaningful separation),Moderate journey (months/meaningful separation)
The Martian,Chapter 10,4,Basically Earth society in space,Basically Earth society in space
The Martian,Chapter 10,5,Same languages as Earth,Same languages as Earth
The Martian,Chapter 10,6,Nearly uninhabitable / lethal without major intervention,Nearly uninhabitable / lethal without major intervention
The Martian,Chapter 10,7,Exceptionally rare (few astronauts/explorers),Exceptionally rare (few astronauts/explorers)
The Martian,Chapter 10,8,Earth nation-states extend into space,Single unified authority
The Martian,Chapter 10,9,Thriller / Horror / Survival,Comedy / satire
The Martian,Chapter 10,10,Entirely civilian,Entirely civilian
The Martian,Chapter 10,11,Like the frontier / colonial expansion,Totally unique domain
The Martian,Chapter 11,1,No contestation,No contestation
The Martian,Chapter 11,2,"Visiting / Temporary presence only (stations, missions, outposts)",Other / Unsure
The Martian,Chapter 11,3,Moderate journey (months/meaningful separation),Moderate journey (months/meaningful separation)
The Martian,Chapter 11,4,Basically Earth society in space,Basically Earth society in space
The Martian,Chapter 11,5,Same languages as Earth,Same languages as Earth
The Martian,Chapter 11,6,Nearly uninhabitable / lethal without major intervention,Nearly uninhabitable / lethal without major intervention
The Martian,Chapter 11,7,Exceptionally rare (few astronauts/explorers),Exceptionally rare (few astronauts/explorers)
The Martian,Chapter 11,8,Earth nation-states extend into space,Single unified authority
The Martian,Chapter 11,9,Drama,Comedy / satire
The Martian,Chapter 11,10,Entirely civilian,Entirely civilian
The Martian,Chapter 11,11,Like the frontier / colonial expansion,Totally unique domain
The Martian,Chapter 12,1,No contestation,No contestation
The Martian,Chapter 12,2,"Visiting / Temporary presence only (stations, missions, outposts)","Limited settlement (small colonies, hard to sustain/control)"
The Martian,Chapter 12,3,Moderate journey (months/meaningful separation),Moderate journey (months/meaningful separation)
The Martian,Chapter 12,4,Basically Earth society in space,Basically Earth society in space
The Martian,Chapter 12,5,Same languages as Earth,Same languages as Earth
The Martian,Chapter 12,6,Nearly uninhabitable / lethal without major intervention,Nearly uninhabitable / lethal without major intervention
The Martian,Chapter 12,7,Exceptionally rare (few astronauts/explorers),Exceptionally rare (few astronauts/explorers)
The Martian,Chapter 12,8,Earth nation-states extend into space,Earth nation-states extend into space
The Martian,Chapter 12,9,Thriller / Horror / Survival,Comedy / satire
The Martian,Chapter 12,10,Entirely civilian,Entirely civilian
The Martian,Chapter 12,11,Like the frontier / colonial expansion,Totally unique domain
The Martian,Chapter 13,1,No contestation,No contestation
The Martian,Chapter 13,2,"Visiting / Temporary presence only (stations, missions, outposts)","Limited settlement (small colonies, hard to sustain/control)"
The Martian,Chapter 13,3,Moderate journey (months/meaningful separation),Moderate journey (months/meaningful separation)
The Martian,Chapter 13,4,Basically Earth society in space,Basically Earth society in space
The Martian,Chapter 13,5,Same languages as Earth,Same languages as Earth
The Martian,Chapter 13,6,Nearly uninhabitable / lethal without major intervention,Nearly uninhabitable / lethal without major intervention
The Martian,Chapter 13,7,Exceptionally rare (few astronauts/explorers),Exceptionally rare (few astronauts/explorers)
The Martian,Chapter 13,8,Earth nation-states extend into space,Single unified authority
The Martian,Chapter 13,9,Drama,Comedy / satire
The Martian,Chapter 13,10,Entirely civilian,Entirely civilian
The Martian,Chapter 13,11,Like the frontier / colonial expansion,Totally unique domain
The Martian,Chapter 14,1,No contestation,No contestation
The Martian,Chapter 14,2,"Visiting / Temporary presence only (stations, missions, outposts)",Other / Unsure
The Martian,Chapter 14,3,Moderate journey (months/meaningful separation),Moderate journey (months/meaningful separation)
The Martian,Chapter 14,4,Basically Earth society in space,Basically Earth society in space
The Martian,Chapter 14,5,Same languages as Earth,Same languages as Earth
The Martian,Chapter 14,6,Nearly uninhabitable / lethal without major intervention,Nearly uninhabitable / lethal without major intervention
The Martian,Chapter 14,7,Exceptionally rare (few astronauts/explorers),Exceptionally rare (few astronauts/explorers)
The Martian,Chapter 14,8,Earth nation-states extend into space,Single unified authority
The Martian,Chapter 14,9,Thriller / Horror / Survival,Comedy / satire
The Martian,Chapter 14,10,Entirely civilian,Entirely civilian
The Martian,Chapter 14,11,Like the frontier / colonial expansion,Totally unique domain
The Martian,Chapter 15,1,No contestation,No contestation
The Martian,Chapter 15,2,"Visiting / Temporary presence only (stations, missions, outposts)","Limited settlement (small colonies, hard to sustain/control)"
The Martian,Chapter 15,3,Moderate journey (months/meaningful separation),Moderate journey (months/meaningful separation)
The Martian,Chapter 15,4,Basically Earth society in space,Basically Earth society in space
The Martian,Chapter 15,5,Same languages as Earth,Same languages as Earth
The Martian,Chapter 15,6,Nearly uninhabitable / lethal without major intervention,Nearly uninhabitable / lethal without major intervention
The Martian,Chapter 15,7,Exceptionally rare (few astronauts/explorers),Exceptionally rare (few astronauts/explorers)
The Martian,Chapter 15,8,Earth nation-states extend into space,Single unified authority
The Martian,Chapter 15,9,Drama,Comedy / satire
The Martian,Chapter 15,10,Entirely civilian,Entirely civilian
The Martian,Chapter 15,11,Like the frontier / colonial expansion,Totally unique domain
The Martian,Chapter 16,1,No contestation,No contestation
The Martian,Chapter 16,2,"Visiting / Temporary presence only (stations, missions, outposts)","Limited settlement (small colonies, hard to sustain/control)"
The Martian,Chapter 16,3,Moderate journey (months/meaningful separation),Moderate journey (months/meaningful separation)
The Martian,Chapter 16,4,Basically Earth society in space,Basically Earth society in space
The Martian,Chapter 16,5,Same languages as Earth,Same languages as Earth
The Martian,Chapter 16,6,Nearly uninhabitable / lethal without major intervention,Nearly uninhabitable / lethal without major intervention
The Martian,Chapter 16,7,Exceptionally rare (few astronauts/explorers),Exceptionally rare (few astronauts/explorers)
The Martian,Chapter 16,8,Earth nation-states extend into space,Earth nation-states extend into space
The Martian,Chapter 16,9,Political / diplomatic,Comedy / satire
The Martian,Chapter 16,10,Entirely civilian,Entirely civilian
The Martian,Chapter 16,11,Like the frontier / colonial expansion,Totally unique domain
The Martian,Chapter 17,1,No contestation,No contestation
The Martian,Chapter 17,2,"Visiting / Temporary presence only (stations, missions, outposts)","Limited settlement (small colonies, hard to sustain/control)"
The Martian,Chapter 17,3,Moderate journey (months/meaningful separation),Moderate journey (months/meaningful separation)
The Martian,Chapter 17,4,Basically Earth society in space,Basically Earth society in space
The Martian,Chapter 17,5,Same languages as Earth,Same languages as Earth
The Martian,Chapter 17,6,Nearly uninhabitable / lethal without major intervention,Nearly uninhabitable / lethal without major intervention
The Martian,Chapter 17,7,Exceptionally rare (few astronauts/explorers),Exceptionally rare (few astronauts/explorers)
The Martian,Chapter 17,8,Earth nation-states extend into space,Single unified authority
The Martian,Chapter 17,9,Thriller / Horror / Survival,Comedy / satire
The Martian,Chapter 17,10,Entirely civilian,Entirely civilian
The Martian,Chapter 17,11,Like the frontier / colonial expansion,Totally unique domain
The Martian,Chapter 18,1,No contestation,No contestation
The Martian,Chapter 18,2,"Visiting / Temporary presence only (stations, missions, outposts)","Limited settlement (small colonies, hard to sustain/control)"
The Martian,Chapter 18,3,Moderate journey (months/meaningful separation),Moderate journey (months/meaningful separation)
The Martian,Chapter 18,4,Basically Earth society in space,Basically Earth society in space
The Martian,Chapter 18,5,Same languages as Earth,Same languages as Earth
The Martian,Chapter 18,6,Nearly uninhabitable / lethal without major intervention,Nearly uninhabitable / lethal without major intervention
The Martian,Chapter 18,7,Exceptionally rare (few astronauts/explorers),Exceptionally rare (few astronauts/explorers)
The Martian,Chapter 18,8,Earth nation-states extend into space,Single unified authority
The Martian,Chapter 18,9,Thriller / Horror / Survival,Comedy / satire
The Martian,Chapter 18,10,Entirely civilian,Entirely civilian
The Martian,Chapter 18,11,Like the frontier / colonial expansion,Totally unique domain
The Martian,Chapter 19,1,No contestation,No contestation
The Martian,Chapter 19,2,"Visiting / Temporary presence only (stations, missions, outposts)","Limited settlement (small colonies, hard to sustain/control)"
The Martian,Chapter 19,3,Moderate journey (months/meaningful separation),Moderate journey (months/meaningful separation)
The Martian,Chapter 19,4,Basically Earth society in space,Basically Earth society in space
The Martian,Chapter 19,5,Same languages as Earth,Same languages as Earth
The Martian,Chapter 19,6,Nearly uninhabitable / lethal without major intervention,Nearly uninhabitable / lethal without major intervention
The Martian,Chapter 19,7,Exceptionally rare (few astronauts/explorers),Exceptionally rare (few astronauts/explorers)
The Martian,Chapter 19,8,Earth nation-states extend into space,Earth nation-states extend into space
The Martian,Chapter 19,9,Political / diplomatic,Comedy / satire
The Martian,Chapter 19,10,Entirely civilian,Entirely civilian
The Martian,Chapter 19,11,Like the frontier / colonial expansion,Totally unique domain
The Martian,Chapter 20,1,No contestation,No contestation
The Martian,Chapter 20,2,"Visiting / Temporary presence only (stations, missions, outposts)","Limited settlement (small colonies, hard to sustain/control)"
The Martian,Chapter 20,3,Moderate journey (months/meaningful separation),Moderate journey (months/meaningful separation)
The Martian,Chapter 20,4,Basically Earth society in space,Basically Earth society in space
The Martian,Chapter 20,5,Same languages as Earth,Same languages as Earth
The Martian,Chapter 20,6,Nearly uninhabitable / lethal without major intervention,Nearly uninhabitable / lethal without major intervention
The Martian,Chapter 20,7,Exceptionally rare (few astronauts/explorers),Exceptionally rare (few astronauts/explorers)
The Martian,Chapter 20,8,Earth nation-states extend into space,Single unified authority
The Martian,Chapter 20,9,Thriller / Horror / Survival,Comedy / satire
The Martian,Chapter 20,10,Entirely civilian,Entirely civilian
The Martian,Chapter 20,11,Like the frontier / colonial expansion,Totally unique domain
The Martian,Chapter 21,1,No contestation,No contestation
The Martian,Chapter 21,2,"Visiting / Temporary presence only (stations, missions, outposts)","Limited settlement (small colonies, hard to sustain/control)"
The Martian,Chapter 21,3,Moderate journey (months/meaningful separation),Moderate journey (months/meaningful separation)
The Martian,Chapter 21,4,Basically Earth society in space,Basically Earth society in space
The Martian,Chapter 21,5,Same languages as Earth,Same languages as Earth
The Martian,Chapter 21,6,Nearly uninhabitable / lethal without major intervention,Nearly uninhabitable / lethal without major intervention
The Martian,Chapter 21,7,Exceptionally rare (few astronauts/explorers),Exceptionally rare (few astronauts/explorers)
The Martian,Chapter 21,8,Earth nation-states extend into space,Single unified authority
The Martian,Chapter 21,9,Adventure / exploration,Comedy / satire
The Martian,Chapter 21,10,Entirely civilian,Entirely civilian
The Martian,Chapter 21,11,Like the frontier / colonial expansion,Totally unique domain
The Martian,Chapter 22,1,No contestation,No contestation
The Martian,Chapter 22,2,"Visiting / Temporary presence only (stations, missions, outposts)","Limited settlement (small colonies, hard to sustain/control)"
The Martian,Chapter 22,3,Moderate journey (months/meaningful separation),Moderate journey (months/meaningful separation)
The Martian,Chapter 22,4,Basically Earth society in space,Basically Earth society in space
The Martian,Chapter 22,5,Same languages as Earth,Same languages as Earth
The Martian,Chapter 22,6,Nearly uninhabitable / lethal without major intervention,Nearly uninhabitable / lethal without major intervention
The Martian,Chapter 22,7,Exceptionally rare (few astronauts/explorers),Exceptionally rare (few astronauts/explorers)
The Martian,Chapter 22,8,Earth nation-states extend into space,Single unified authority
The Martian,Chapter 22,9,Adventure / exploration,Comedy / satire
The Martian,Chapter 22,10,Entirely civilian,Entirely civilian
The Martian,Chapter 22,11,Like the frontier / colonial expansion,Totally unique domain
The Martian,Chapter 23,1,No contestation,No contestation
The Martian,Chapter 23,2,"Visiting / Temporary presence only (stations, missions, outposts)","Limited settlement (small colonies, hard to sustain/control)"
The Martian,Chapter 23,3,Moderate journey (months/meaningful separation),Moderate journey (months/meaningful separation)
The Martian,Chapter 23,4,Basically Earth society in space,Basically Earth society in space
The Martian,Chapter 23,5,Same languages as Earth,Same languages as Earth
The Martian,Chapter 23,6,Nearly uninhabitable / lethal without major intervention,Nearly uninhabitable / lethal without major intervention
The Martian,Chapter 23,7,Exceptionally rare (few astronauts/explorers),Exceptionally rare (few astronauts/explorers)
The Martian,Chapter 23,8,Earth nation-states extend into space,Single unified authority
The Martian,Chapter 23,9,Thriller / Horror / Survival,Comedy / satire
The Martian,Chapter 23,10,Entirely civilian,Entirely civilian
The Martian,Chapter 23,11,Like the frontier / colonial expansion,Totally unique domain
The Martian,Chapter 24,1,No contestation,No contestation
The Martian,Chapter 24,2,"Visiting / Temporary presence only (stations, missions, outposts)","Limited settlement (small colonies, hard to sustain/control)"
The Martian,Chapter 24,3,Moderate journey (months/meaningful separation),Moderate journey (months/meaningful separation)
The Martian,Chapter 24,4,Basically Earth society in space,Basically Earth society in space
The Martian,Chapter 24,5,Same languages as Earth,Same languages as Earth
The Martian,Chapter 24,6,Nearly uninhabitable / lethal without major intervention,Nearly uninhabitable / lethal without major intervention
The Martian,Chapter 24,7,Exceptionally rare (few astronauts/explorers),Exceptionally rare (few astronauts/explorers)
The Martian,Chapter 24,8,Earth nation-states extend into space,Single unified authority
The Martian,Chapter 24,9,Thriller / Horror / Survival,Comedy / satire
The Martian,Chapter 24,10,Entirely civilian,Entirely civilian
The Martian,Chapter 24,11,Like the frontier / colonial expansion,Totally unique domain
The Martian,Chapter 25,1,No contestation,No contestation
The Martian,Chapter 25,2,"Visiting / Temporary presence only (stations, missions, outposts)","Limited settlement (small colonies, hard to sustain/control)"
The Martian,Chapter 25,3,Moderate journey (months/meaningful separation),Moderate journey (months/meaningful separation)
The Martian,Chapter 25,4,Basically Earth society in space,Basically Earth society in space
The Martian,Chapter 25,5,Same languages as Earth,Same languages as Earth
The Martian,Chapter 25,6,Nearly uninhabitable / lethal without major intervention,Nearly uninhabitable / lethal without major intervention
The Martian,Chapter 25,7,Exceptionally rare (few astronauts/explorers),Exceptionally rare (few astronauts/explorers)
The Martian,Chapter 25,8,Earth nation-states extend into space,Single unified authority
The Martian,Chapter 25,9,Thriller / Horror / Survival,Comedy / satire
The Martian,Chapter 25,10,Entirely civilian,Entirely civilian
The Martian,Chapter 25,11,Like the frontier / colonial expansion,Totally unique domain
The Martian,Chapter 26,1,No contestation,No contestation
The Martian,Chapter 26,2,"Visiting / Temporary presence only (stations, missions, outposts)","Limited settlement (small colonies, hard to sustain/control)"
The Martian,Chapter 26,3,Moderate journey (months/meaningful separation),Moderate journey (months/meaningful separation)
The Martian,Chapter 26,4,Basically Earth society in space,Basically Earth society in space
The Martian,Chapter 26,5,Same languages as Earth,Same languages as Earth
The Martian,Chapter 26,6,Nearly uninhabitable / lethal without major intervention,Nearly uninhabitable / lethal without major intervention
The Martian,Chapter 26,7,Exceptionally rare (few astronauts/explorers),Exceptionally rare (few astronauts/explorers)
The Martian,Chapter 26,8,Earth nation-states extend into space,Single unified authority
The Martian,Chapter 26,9,Thriller / Horror / Survival,Comedy / satire
The Martian,Chapter 26,10,Entirely civilian,Entirely civilian
The Martian,Chapter 26,11,Like the frontier / colonial expansion,Totally unique domain
The Martian,Chapter 1,12,Very different (human bodies/technology constantly challenged),Very different (human bodies/technology constantly challenged)
The Martian,Chapter 2,12,Very different (human bodies/technology constantly challenged),Very different (human bodies/technology constantly challenged)
The Martian,Chapter 3,12,Very different (human bodies/technology constantly challenged),Very different (human bodies/technology constantly challenged)
The Martian,Chapter 4,12,Very different (human bodies/technology constantly challenged),Very different (human bodies/technology constantly challenged)
The Martian,Chapter 5,12,Very different (human bodies/technology constantly challenged),Very different (human bodies/technology constantly challenged)
The Martian,Chapter 6,12,Very different (human bodies/technology constantly challenged),Very different (human bodies/technology constantly challenged)
The Martian,Chapter 7,12,Very different (human bodies/technology constantly challenged),Very different (human bodies/technology constantly challenged)
The Martian,Chapter 8,12,Very different (human bodies/technology constantly challenged),Very different (human bodies/technology constantly challenged)
The Martian,Chapter 9,12,Very different (human bodies/technology constantly challenged),Very different (human bodies/technology constantly challenged)
The Martian,Chapter 10,12,Very different (human bodies/technology constantly challenged),Very different (human bodies/technology constantly challenged)
The Martian,Chapter 11,12,Very different (human bodies/technology constantly challenged),Very different (human bodies/technology constantly challenged)
The Martian,Chapter 12,12,Very different (human bodies/technology constantly challenged),Very different (human bodies/technology constantly challenged)
The Martian,Chapter 13,12,Very different (human bodies/technology constantly challenged),Very different (human bodies/technology constantly challenged)
The Martian,Chapter 14,12,Very different (human bodies/technology constantly challenged),Very different (human bodies/technology constantly challenged)
The Martian,Chapter 15,12,Very different (human bodies/technology constantly challenged),Very different (human bodies/technology constantly challenged)
The Martian,Chapter 16,12,Very different (human bodies/technology constantly challenged),Very different (human bodies/technology constantly challenged)
The Martian,Chapter 17,12,Very different (human bodies/technology constantly challenged),Very different (human bodies/technology constantly challenged)
The Martian,Chapter 18,12,Very different (human bodies/technology constantly challenged),Very different (human bodies/technology constantly challenged)
The Martian,Chapter 19,12,Very different (human bodies/technology constantly challenged),Very different (human bodies/technology constantly challenged)
The Martian,Chapter 20,12,Very different (human bodies/technology constantly challenged),Very different (human bodies/technology constantly challenged)
The Martian,Chapter 21,12,Very different (human bodies/technology constantly challenged),Very different (human bodies/technology constantly challenged)
The Martian,Chapter 22,12,Very different (human bodies/technology constantly challenged),Very different (human bodies/technology constantly challenged)
The Martian,Chapter 23,12,Very different (human bodies/technology constantly challenged),Very different (human bodies/technology constantly challenged)
The Martian,Chapter 24,12,Very different (human bodies/technology constantly challenged),Very different (human bodies/technology constantly challenged)
The Martian,Chapter 25,12,Very different (human bodies/technology constantly challenged),Very different (human bodies/technology constantly challenged)
The Martian,Chapter 26,12,Very different (human bodies/technology constantly challenged),Very different (human bodies/technology constantly challenged)
The Three-Body Problem,Chapter 1,1,Other / Unsure,Moderate contestation (ongoing rivalry/disputes)
The Three-Body Problem,Chapter 1,2,Other / Unsure,Cannot inhabit or hold territory
The Three-Body Problem,Chapter 1,3,Other / Unsure,Other / Unsure
The Three-Body Problem,Chapter 1,4,Other / Unsure,Other / Unsure
The Three-Body Problem,Chapter 1,5,Other / Unsure,Other / Unsure
The Three-Body Problem,Chapter 1,6,Other / Unsure,Extremely hostile (constant survival pressure)
The Three-Body Problem,Chapter 1,7,Other / Unsure,Other / Unsure
The Three-Body Problem,Chapter 1,8,Other / Unsure,No political order / ungoverned
The Three-Body Problem,Chapter 1,9,Drama,Drama
The Three-Body Problem,Chapter 1,10,Other / Unsure,Entirely civilian
The Three-Body Problem,Chapter 1,11,Other / Unsure,Like cyberspace / networked or abstract domain
The Three-Body Problem,Chapter 2,1,Other / Unsure,Other / Unsure
The Three-Body Problem,Chapter 2,2,Other / Unsure,Cannot inhabit or hold territory
The Three-Body Problem,Chapter 2,3,Other / Unsure,Other / Unsure
The Three-Body Problem,Chapter 2,4,Other / Unsure,Other / Unsure
The Three-Body Problem,Chapter 2,5,Other / Unsure,Same languages as Earth
The Three-Body Problem,Chapter 2,6,Other / Unsure,Manageable but risky
The Three-Body Problem,Chapter 2,7,Other / Unsure,Other / Unsure
The Three-Body Problem,Chapter 2,8,Other / Unsure,No political order / ungoverned
The Three-Body Problem,Chapter 2,9,Drama,Drama
The Three-Body Problem,Chapter 2,10,Other / Unsure,Mostly military
The Three-Body Problem,Chapter 2,11,Other / Unsure,Totally unique domain
The Three-Body Problem,Chapter 3,1,"Low contestation (minor competition, little open conflict)",High contestation (frequent conflict or strategic struggle)
The Three-Body Problem,Chapter 3,2,Other / Unsure,Cannot inhabit or hold territory
The Three-Body Problem,Chapter 3,3,Other / Unsure,Other / Unsure
The Three-Body Problem,Chapter 3,4,Other / Unsure,Other / Unsure
The Three-Body Problem,Chapter 3,5,Other / Unsure,Other / Unsure
The Three-Body Problem,Chapter 3,6,Other / Unsure,Other / Unsure
The Three-Body Problem,Chapter 3,7,Other / Unsure,Other / Unsure
The Three-Body Problem,Chapter 3,8,Other / Unsure,Other / Unsure
The Three-Body Problem,Chapter 3,9,Drama,Drama
The Three-Body Problem,Chapter 3,10,Mostly military,Mostly military
The Three-Body Problem,Chapter 3,11,Other / Unsure,Totally unique domain
The Three-Body Problem,Chapter 4,1,High contestation (frequent conflict or strategic struggle),Moderate contestation (ongoing rivalry/disputes)
The Three-Body Problem,Chapter 4,2,Other / Unsure,Cannot inhabit or hold territory
The Three-Body Problem,Chapter 4,3,Other / Unsure,Other / Unsure
The Three-Body Problem,Chapter 4,4,Other / Unsure,Other / Unsure
The Three-Body Problem,Chapter 4,5,Other / Unsure,Other / Unsure
The Three-Body Problem,Chapter 4,6,Other / Unsure,Harsh and resource-intensive
The Three-Body Problem,Chapter 4,7,Other / Unsure,Other / Unsure
The Three-Body Problem,Chapter 4,8,Other / Unsure,No political order / ungoverned
The Three-Body Problem,Chapter 4,9,Thriller / Horror / Survival,Thriller / Horror / Survival
The Three-Body Problem,Chapter 4,10,Other / Unsure,Other / Unsure
The Three-Body Problem,Chapter 4,11,Other / Unsure,Other / Unsure
The Three-Body Problem,Chapter 5,1,Other / Unsure,Moderate contestation (ongoing rivalry/disputes)
The Three-Body Problem,Chapter 5,2,Other / Unsure,Other / Unsure
The Three-Body Problem,Chapter 5,3,Other / Unsure,Other / Unsure
The Three-Body Problem,Chapter 5,4,Other / Unsure,Other / Unsure
The Three-Body Problem,Chapter 5,5,Other / Unsure,Other / Unsure
The Three-Body Problem,Chapter 5,6,Other / Unsure,Harsh and resource-intensive
The Three-Body Problem,Chapter 5,7,Other / Unsure,Other / Unsure
The Three-Body Problem,Chapter 5,8,Other / Unsure,Other / Unsure
The Three-Body Problem,Chapter 5,9,Drama,Thriller / Horror / Survival
The Three-Body Problem,Chapter 5,10,Other / Unsure,Entirely civilian
The Three-Body Problem,Chapter 5,11,Other / Unsure,Totally unique domain
The Three-Body Problem,Chapter 6,1,High contestation (frequent conflict or strategic struggle),Moderate contestation (ongoing rivalry/disputes)
The Three-Body Problem,Chapter 6,2,Other / Unsure,Cannot inhabit or hold territory
The Three-Body Problem,Chapter 6,3,Other / Unsure,Other / Unsure
The Three-Body Problem,Chapter 6,4,Other / Unsure,Basically Earth society in space
The Three-Body Problem,Chapter 6,5,Other / Unsure,Translation-mediated communication (universal translator / communication tech makes language difference irrelevant)
The Three-Body Problem,Chapter 6,6,Other / Unsure,Extremely hostile (constant survival pressure)
The Three-Body Problem,Chapter 6,7,Other / Unsure,Other / Unsure
The Three-Body Problem,Chapter 6,8,Other / Unsure,Other / Unsure
The Three-Body Problem,Chapter 6,9,Thriller / Horror / Survival,Other / Unsure
The Three-Body Problem,Chapter 6,10,Other / Unsure,Other / Unsure
The Three-Body Problem,Chapter 6,11,Other / Unsure,Other / Unsure
The Three-Body Problem,Chapter 7,1,Other / Unsure,High contestation (frequent conflict or strategic struggle)
The Three-Body Problem,Chapter 7,2,Other / Unsure,"Limited settlement (small colonies, hard to sustain/control)"
The Three-Body Problem,Chapter 7,3,Other / Unsure,"Long-distance journey (years, major separation from Earth)"
The Three-Body Problem,Chapter 7,4,Radically different / alien social order,Other / Unsure
The Three-Body Problem,Chapter 7,5,Other / Unsure,Translation-mediated communication (universal translator / communication tech makes language difference irrelevant)
The Three-Body Problem,Chapter 7,6,Nearly uninhabitable / lethal without major intervention,Nearly uninhabitable / lethal without major intervention
The Three-Body Problem,Chapter 7,7,Other / Unsure,Normalized / widespread (space habitation is ordinary for humanity)
The Three-Body Problem,Chapter 7,8,Other / Unsure,Single unified authority
The Three-Body Problem,Chapter 7,9,Adventure / exploration,Other / Unsure
The Three-Body Problem,Chapter 7,10,Other / Unsure,Other / Unsure
The Three-Body Problem,Chapter 7,11,Other / Unsure,Totally unique domain
The Three-Body Problem,Chapter 8,1,Other / Unsure,Other / Unsure
The Three-Body Problem,Chapter 8,2,Other / Unsure,"Limited settlement (small colonies, hard to sustain/control)"
The Three-Body Problem,Chapter 8,3,Other / Unsure,Other / Unsure
The Three-Body Problem,Chapter 8,4,Other / Unsure,Distinct space culture
The Three-Body Problem,Chapter 8,5,Other / Unsure,Other / Unsure
The Three-Body Problem,Chapter 8,6,Other / Unsure,Other / Unsure
The Three-Body Problem,Chapter 8,7,Other / Unsure,Other / Unsure
The Three-Body Problem,Chapter 8,8,Other / Unsure,Other / Unsure
The Three-Body Problem,Chapter 8,9,Drama,Other / Unsure
The Three-Body Problem,Chapter 8,10,Other / Unsure,Other / Unsure
The Three-Body Problem,Chapter 8,11,Other / Unsure,Other / Unsure
The Three-Body Problem,Chapter 9,1,High contestation (frequent conflict or strategic struggle),High contestation (frequent conflict or strategic struggle)
The Three-Body Problem,Chapter 9,2,Other / Unsure,Other / Unsure
The Three-Body Problem,Chapter 9,3,Other / Unsure,"Long-distance journey (years, major separation from Earth)"
The Three-Body Problem,Chapter 9,4,Other / Unsure,Other / Unsure
The Three-Body Problem,Chapter 9,5,Other / Unsure,Translation-mediated communication (universal translator / communication tech makes language difference irrelevant)
The Three-Body Problem,Chapter 9,6,Other / Unsure,Extremely hostile (constant survival pressure)
The Three-Body Problem,Chapter 9,7,Other / Unsure,Other / Unsure
The Three-Body Problem,Chapter 9,8,Other / Unsure,Earth nation-states extend into space
The Three-Body Problem,Chapter 9,9,Thriller / Horror / Survival,Thriller / Horror / Survival
The Three-Body Problem,Chapter 9,10,Other / Unsure,Other / Unsure
The Three-Body Problem,Chapter 9,11,Other / Unsure,Totally unique domain
The Three-Body Problem,Chapter 10,1,High contestation (frequent conflict or strategic struggle),High contestation (frequent conflict or strategic struggle)
The Three-Body Problem,Chapter 10,2,Other / Unsure,Other / Unsure
The Three-Body Problem,Chapter 10,3,Other / Unsure,Other / Unsure
The Three-Body Problem,Chapter 10,4,Other / Unsure,Other / Unsure
The Three-Body Problem,Chapter 10,5,Other / Unsure,Other / Unsure
The Three-Body Problem,Chapter 10,6,Other / Unsure,Other / Unsure
The Three-Body Problem,Chapter 10,7,Other / Unsure,Other / Unsure
The Three-Body Problem,Chapter 10,8,Other / Unsure,Earth nation-states extend into space
The Three-Body Problem,Chapter 10,9,Thriller / Horror / Survival,Other / Unsure
The Three-Body Problem,Chapter 10,10,Other / Unsure,Other / Unsure
The Three-Body Problem,Chapter 10,11,Other / Unsure,Other / Unsure
The Three-Body Problem,Chapter 11,1,Other / Unsure,High contestation (frequent conflict or strategic struggle)
The Three-Body Problem,Chapter 11,2,Other / Unsure,Other / Unsure
The Three-Body Problem,Chapter 11,3,Other / Unsure,"Long-distance journey (years, major separation from Earth)"
The Three-Body Problem,Chapter 11,4,Radically different / alien social order,Other / Unsure
The Three-Body Problem,Chapter 11,5,Other / Unsure,Other / Unsure
The Three-Body Problem,Chapter 11,6,Nearly uninhabitable / lethal without major intervention,Nearly uninhabitable / lethal without major intervention
The Three-Body Problem,Chapter 11,7,Other / Unsure,Moderately common (noticeable settlements/populations)
The Three-Body Problem,Chapter 11,8,Other / Unsure,Single unified authority
The Three-Body Problem,Chapter 11,9,Adventure / exploration,Other / Unsure
The Three-Body Problem,Chapter 11,10,Other / Unsure,Other / Unsure
The Three-Body Problem,Chapter 11,11,Other / Unsure,Totally unique domain
The Three-Body Problem,Chapter 12,1,Moderate contestation (ongoing rivalry/disputes),Other / Unsure
The Three-Body Problem,Chapter 12,2,"Visiting / Temporary presence only (stations, missions, outposts)","Visiting / Temporary presence only (stations, missions, outposts)"
The Three-Body Problem,Chapter 12,3,Other / Unsure,Other / Unsure
The Three-Body Problem,Chapter 12,4,Other / Unsure,Other / Unsure
The Three-Body Problem,Chapter 12,5,Other / Unsure,Other / Unsure
The Three-Body Problem,Chapter 12,6,Other / Unsure,Other / Unsure
The Three-Body Problem,Chapter 12,7,Other / Unsure,Moderately common (noticeable settlements/populations)
The Three-Body Problem,Chapter 12,8,Other / Unsure,Earth nation-states extend into space
The Three-Body Problem,Chapter 12,9,Political / diplomatic,Military / war
The Three-Body Problem,Chapter 12,10,Mostly military,Mostly military
The Three-Body Problem,Chapter 12,11,Other / Unsure,Other / Unsure
The Three-Body Problem,Chapter 13,1,Moderate contestation (ongoing rivalry/disputes),High contestation (frequent conflict or strategic struggle)
The Three-Body Problem,Chapter 13,2,Other / Unsure,"Visiting / Temporary presence only (stations, missions, outposts)"
The Three-Body Problem,Chapter 13,3,"Extreme / effectively unreachable (generational, completely separate, or one-way-feeling distance)","Extreme / effectively unreachable (generational, completely separate, or one-way-feeling distance)"
The Three-Body Problem,Chapter 13,4,Other / Unsure,Other / Unsure
The Three-Body Problem,Chapter 13,5,Other / Unsure,Translation-mediated communication (universal translator / communication tech makes language difference irrelevant)
The Three-Body Problem,Chapter 13,6,Other / Unsure,Other / Unsure
The Three-Body Problem,Chapter 13,7,Other / Unsure,Other / Unsure
The Three-Body Problem,Chapter 13,8,Other / Unsure,Earth nation-states extend into space
The Three-Body Problem,Chapter 13,9,Political / diplomatic,Other / Unsure
The Three-Body Problem,Chapter 13,10,Mostly military,Mostly military
The Three-Body Problem,Chapter 13,11,Other / Unsure,Totally unique domain
The Three-Body Problem,Chapter 14,1,"Low contestation (minor competition, little open conflict)",High contestation (frequent conflict or strategic struggle)
The Three-Body Problem,Chapter 14,2,Other / Unsure,"Visiting / Temporary presence only (stations, missions, outposts)"
The Three-Body Problem,Chapter 14,3,"Extreme / effectively unreachable (generational, completely separate, or one-way-feeling distance)",Other / Unsure
The Three-Body Problem,Chapter 14,4,Other / Unsure,Other / Unsure
The Three-Body Problem,Chapter 14,5,Other / Unsure,Other / Unsure
The Three-Body Problem,Chapter 14,6,Other / Unsure,Other / Unsure
The Three-Body Problem,Chapter 14,7,Other / Unsure,Other / Unsure
The Three-Body Problem,Chapter 14,8,Other / Unsure,Other / Unsure
The Three-Body Problem,Chapter 14,9,Drama,Other / Unsure
The Three-Body Problem,Chapter 14,10,Mostly military,Other / Unsure
The Three-Body Problem,Chapter 14,11,Other / Unsure,Totally unique domain
The Three-Body Problem,Chapter 15,1,Other / Unsure,Other / Unsure
The Three-Body Problem,Chapter 15,2,Other / Unsure,"Visiting / Temporary presence only (stations, missions, outposts)"
The Three-Body Problem,Chapter 15,3,Other / Unsure,"Long-distance journey (years, major separation from Earth)"
The Three-Body Problem,Chapter 15,4,Radically different / alien social order,Other / Unsure
The Three-Body Problem,Chapter 15,5,Other / Unsure,Other / Unsure
The Three-Body Problem,Chapter 15,6,Nearly uninhabitable / lethal without major intervention,Nearly uninhabitable / lethal without major intervention
The Three-Body Problem,Chapter 15,7,Other / Unsure,Other / Unsure
The Three-Body Problem,Chapter 15,8,Other / Unsure,Earth nation-states extend into space
The Three-Body Problem,Chapter 15,9,Adventure / exploration,Other / Unsure
The Three-Body Problem,Chapter 15,10,Other / Unsure,Other / Unsure
The Three-Body Problem,Chapter 15,11,Other / Unsure,Totally unique domain
The Three-Body Problem,Chapter 16,1,High contestation (frequent conflict or strategic struggle),Moderate contestation (ongoing rivalry/disputes)
The Three-Body Problem,Chapter 16,2,Other / Unsure,Other / Unsure
The Three-Body Problem,Chapter 16,3,Other / Unsure,Other / Unsure
The Three-Body Problem,Chapter 16,4,Other / Unsure,Other / Unsure
The Three-Body Problem,Chapter 16,5,Other / Unsure,Other / Unsure
The Three-Body Problem,Chapter 16,6,Other / Unsure,Other / Unsure
The Three-Body Problem,Chapter 16,7,Other / Unsure,Other / Unsure
The Three-Body Problem,Chapter 16,8,Other / Unsure,Other / Unsure
The Three-Body Problem,Chapter 16,9,Thriller / Horror / Survival,Thriller / Horror / Survival
The Three-Body Problem,Chapter 16,10,Other / Unsure,Mostly civilian with some military presence
The Three-Body Problem,Chapter 16,11,Other / Unsure,Totally unique domain
The Three-Body Problem,Chapter 17,1,Other / Unsure,High contestation (frequent conflict or strategic struggle)
The Three-Body Problem,Chapter 17,2,Other / Unsure,Other / Unsure
The Three-Body Problem,Chapter 17,3,Other / Unsure,Other / Unsure
The Three-Body Problem,Chapter 17,4,Radically different / alien social order,Other / Unsure
The Three-Body Problem,Chapter 17,5,Other / Unsure,Translation-mediated communication (universal translator / communication tech makes language difference irrelevant)
The Three-Body Problem,Chapter 17,6,Nearly uninhabitable / lethal without major intervention,Nearly uninhabitable / lethal without major intervention
The Three-Body Problem,Chapter 17,7,Other / Unsure,Normalized / widespread (space habitation is ordinary for humanity)
The Three-Body Problem,Chapter 17,8,Other / Unsure,Single unified authority
The Three-Body Problem,Chapter 17,9,Military / war,Other / Unsure
The Three-Body Problem,Chapter 17,10,Other / Unsure,Other / Unsure
The Three-Body Problem,Chapter 17,11,Other / Unsure,Other / Unsure
The Three-Body Problem,Chapter 18,1,High contestation (frequent conflict or strategic struggle),High contestation (frequent conflict or strategic struggle)
The Three-Body Problem,Chapter 18,2,Other / Unsure,Other / Unsure
The Three-Body Problem,Chapter 18,3,"Extreme / effectively unreachable (generational, completely separate, or one-way-feeling distance)",Other / Unsure
The Three-Body Problem,Chapter 18,4,Radically different / alien social order,Other / Unsure
The Three-Body Problem,Chapter 18,5,Translation-mediated communication (universal translator / communication tech makes language difference irrelevant),Other / Unsure
The Three-Body Problem,Chapter 18,6,Other / Unsure,Benign / easily survivable
The Three-Body Problem,Chapter 18,7,Other / Unsure,Other / Unsure
The Three-Body Problem,Chapter 18,8,Other / Unsure,Other / Unsure
The Three-Body Problem,Chapter 18,9,Thriller / Horror / Survival,Other / Unsure
The Three-Body Problem,Chapter 18,10,Other / Unsure,Entirely civilian
The Three-Body Problem,Chapter 18,11,Other / Unsure,Other / Unsure
The Three-Body Problem,Chapter 19,1,Other / Unsure,Other / Unsure
The Three-Body Problem,Chapter 19,2,Cannot inhabit or hold territory,Other / Unsure
The Three-Body Problem,Chapter 19,3,"Extreme / effectively unreachable (generational, completely separate, or one-way-feeling distance)","Long-distance journey (years, major separation from Earth)"
The Three-Body Problem,Chapter 19,4,Radically different / alien social order,Other / Unsure
The Three-Body Problem,Chapter 19,5,Other / Unsure,Translation-mediated communication (universal translator / communication tech makes language difference irrelevant)
The Three-Body Problem,Chapter 19,6,Nearly uninhabitable / lethal without major intervention,Nearly uninhabitable / lethal without major intervention
The Three-Body Problem,Chapter 19,7,Other / Unsure,Normalized / widespread (space habitation is ordinary for humanity)
The Three-Body Problem,Chapter 19,8,Other / Unsure,Other / Unsure
The Three-Body Problem,Chapter 19,9,Drama,Thriller / Horror / Survival
The Three-Body Problem,Chapter 19,10,Other / Unsure,Other / Unsure
The Three-Body Problem,Chapter 19,11,Other / Unsure,Other / Unsure
The Three-Body Problem,Chapter 20,1,High contestation (frequent conflict or strategic struggle),High contestation (frequent conflict or strategic struggle)
The Three-Body Problem,Chapter 20,2,Other / Unsure,Other / Unsure
The Three-Body Problem,Chapter 20,3,"Extreme / effectively unreachable (generational, completely separate, or one-way-feeling distance)","Extreme / effectively unreachable (generational, completely separate, or one-way-feeling distance)"
The Three-Body Problem,Chapter 20,4,Radically different / alien social order,Other / Unsure
The Three-Body Problem,Chapter 20,5,Other / Unsure,Other / Unsure
The Three-Body Problem,Chapter 20,6,Other / Unsure,Other / Unsure
The Three-Body Problem,Chapter 20,7,Other / Unsure,Normalized / widespread (space habitation is ordinary for humanity)
The Three-Body Problem,Chapter 20,8,Other / Unsure,Single unified authority
The Three-Body Problem,Chapter 20,9,Military / war,Thriller / Horror / Survival
The Three-Body Problem,Chapter 20,10,Mostly military,Other / Unsure
The Three-Body Problem,Chapter 20,11,Like the ocean / naval,Totally unique domain
The Three-Body Problem,Chapter 21,1,High contestation (frequent conflict or strategic struggle),High contestation (frequent conflict or strategic struggle)
The Three-Body Problem,Chapter 21,2,Other / Unsure,Other / Unsure
The Three-Body Problem,Chapter 21,3,Other / Unsure,Other / Unsure
The Three-Body Problem,Chapter 21,4,Other / Unsure,Other / Unsure
The Three-Body Problem,Chapter 21,5,Other / Unsure,Other / Unsure
The Three-Body Problem,Chapter 21,6,Other / Unsure,Extremely hostile (constant survival pressure)
The Three-Body Problem,Chapter 21,7,Other / Unsure,Other / Unsure
The Three-Body Problem,Chapter 21,8,Other / Unsure,Other / Unsure
The Three-Body Problem,Chapter 21,9,Thriller / Horror / Survival,Other / Unsure
The Three-Body Problem,Chapter 21,10,Other / Unsure,Mixed civilian-military domain
The Three-Body Problem,Chapter 21,11,Other / Unsure,Other / Unsure
The Three-Body Problem,Chapter 22,1,Moderate contestation (ongoing rivalry/disputes),Other / Unsure
The Three-Body Problem,Chapter 22,2,Other / Unsure,Other / Unsure
The Three-Body Problem,Chapter 22,3,"Extreme / effectively unreachable (generational, completely separate, or one-way-feeling distance)",Other / Unsure
The Three-Body Problem,Chapter 22,4,Other / Unsure,Other / Unsure
The Three-Body Problem,Chapter 22,5,Other / Unsure,Translation-mediated communication (universal translator / communication tech makes language difference irrelevant)
The Three-Body Problem,Chapter 22,6,Other / Unsure,Other / Unsure
The Three-Body Problem,Chapter 22,7,Other / Unsure,Other / Unsure
The Three-Body Problem,Chapter 22,8,Other / Unsure,Other / Unsure
The Three-Body Problem,Chapter 22,9,Drama,Other / Unsure
The Three-Body Problem,Chapter 22,10,Mostly military,Mostly military
The Three-Body Problem,Chapter 22,11,Other / Unsure,Totally unique domain
The Three-Body Problem,Chapter 23,1,High contestation (frequent conflict or strategic struggle),High contestation (frequent conflict or strategic struggle)
The Three-Body Problem,Chapter 23,2,Other / Unsure,Other / Unsure
The Three-Body Problem,Chapter 23,3,"Extreme / effectively unreachable (generational, completely separate, or one-way-feeling distance)","Long-distance journey (years, major separation from Earth)"
The Three-Body Problem,Chapter 23,4,Radically different / alien social order,Other / Unsure
The Three-Body Problem,Chapter 23,5,Translation-mediated communication (universal translator / communication tech makes language difference irrelevant),Same languages as Earth
The Three-Body Problem,Chapter 23,6,Other / Unsure,Extremely hostile (constant survival pressure)
The Three-Body Problem,Chapter 23,7,Other / Unsure,Uncommon (small specialist population)
The Three-Body Problem,Chapter 23,8,Other / Unsure,Other / Unsure
The Three-Body Problem,Chapter 23,9,Thriller / Horror / Survival,Other / Unsure
The Three-Body Problem,Chapter 23,10,Mostly military,Other / Unsure
The Three-Body Problem,Chapter 23,11,Other / Unsure,Totally unique domain
The Three-Body Problem,Chapter 24,1,High contestation (frequent conflict or strategic struggle),High contestation (frequent conflict or strategic struggle)
The Three-Body Problem,Chapter 24,2,Other / Unsure,Other / Unsure
The Three-Body Problem,Chapter 24,3,Other / Unsure,Other / Unsure
The Three-Body Problem,Chapter 24,4,Other / Unsure,Other / Unsure
The Three-Body Problem,Chapter 24,5,Other / Unsure,Other / Unsure
The Three-Body Problem,Chapter 24,6,Other / Unsure,Other / Unsure
The Three-Body Problem,Chapter 24,7,Other / Unsure,Other / Unsure
The Three-Body Problem,Chapter 24,8,Other / Unsure,Other / Unsure
The Three-Body Problem,Chapter 24,9,Thriller / Horror / Survival,Other / Unsure
The Three-Body Problem,Chapter 24,10,Other / Unsure,Mostly military
The Three-Body Problem,Chapter 24,11,Other / Unsure,Other / Unsure
The Three-Body Problem,Chapter 1,12,Other / Unsure,Other / Unsure
The Three-Body Problem,Chapter 2,12,Other / Unsure,Other / Unsure
The Three-Body Problem,Chapter 3,12,Other / Unsure,Other / Unsure
The Three-Body Problem,Chapter 4,12,Other / Unsure,Other / Unsure
The Three-Body Problem,Chapter 5,12,Other / Unsure,Other / Unsure
The Three-Body Problem,Chapter 6,12,Other / Unsure,Other / Unsure
The Three-Body Problem,Chapter 7,12,Radically non-Earth-like (physics/environment fundamentally unlike Earth experience),Other / Unsure
The Three-Body Problem,Chapter 8,12,Other / Unsure,Other / Unsure
The Three-Body Problem,Chapter 9,12,Radically non-Earth-like (physics/environment fundamentally unlike Earth experience),Other / Unsure
The Three-Body Problem,Chapter 10,12,Other / Unsure,Other / Unsure
The Three-Body Problem,Chapter 11,12,Radically non-Earth-like (physics/environment fundamentally unlike Earth experience),Other / Unsure
The Three-Body Problem,Chapter 12,12,Other / Unsure,Other / Unsure
The Three-Body Problem,Chapter 13,12,Other / Unsure,Other / Unsure
The Three-Body Problem,Chapter 14,12,Other / Unsure,Other / Unsure
The Three-Body Problem,Chapter 15,12,Radically non-Earth-like (physics/environment fundamentally unlike Earth experience),Other / Unsure
The Three-Body Problem,Chapter 16,12,Other / Unsure,Other / Unsure
The Three-Body Problem,Chapter 17,12,Radically non-Earth-like (physics/environment fundamentally unlike Earth experience),Other / Unsure
The Three-Body Problem,Chapter 18,12,Other / Unsure,Other / Unsure
The Three-Body Problem,Chapter 19,12,Radically non-Earth-like (physics/environment fundamentally unlike Earth experience),Other / Unsure
The Three-Body Problem,Chapter 20,12,Other / Unsure,Other / Unsure
The Three-Body Problem,Chapter 21,12,Other / Unsure,Other / Unsure
The Three-Body Problem,Chapter 22,12,Other / Unsure,Other / Unsure
The Three-Body Problem,Chapter 23,12,Other / Unsure,Other / Unsure
The Three-Body Problem,Chapter 24,12,Other / Unsure,Other / Unsure
The Three-Body Problem,Chapter 25,1,High contestation (frequent conflict or strategic struggle),Other / Unsure
The Three-Body Problem,Chapter 25,2,Other / Unsure,Other / Unsure
The Three-Body Problem,Chapter 25,3,Other / Unsure,Other / Unsure
The Three-Body Problem,Chapter 25,4,Other / Unsure,Other / Unsure
The Three-Body Problem,Chapter 25,5,Other / Unsure,Other / Unsure
The Three-Body Problem,Chapter 25,6,Other / Unsure,Other / Unsure
The Three-Body Problem,Chapter 25,7,Other / Unsure,Other / Unsure
The Three-Body Problem,Chapter 25,8,Other / Unsure,Other / Unsure
The Three-Body Problem,Chapter 25,9,Thriller / Horror / Survival,Thriller / Horror / Survival
The Three-Body Problem,Chapter 25,10,Other / Unsure,Mostly military
The Three-Body Problem,Chapter 25,11,Other / Unsure,Other / Unsure
The Three-Body Problem,Chapter 25,12,Other / Unsure,Other / Unsure
The Three-Body Problem,Chapter 26,1,Other / Unsure,Other / Unsure
The Three-Body Problem,Chapter 26,2,Other / Unsure,"Limited settlement (small colonies, hard to sustain/control)"
The Three-Body Problem,Chapter 26,3,Other / Unsure,Other / Unsure
The Three-Body Problem,Chapter 26,4,Other / Unsure,Other / Unsure
The Three-Body Problem,Chapter 26,5,Other / Unsure,Other / Unsure
The Three-Body Problem,Chapter 26,6,Other / Unsure,Extremely hostile (constant survival pressure)
The Three-Body Problem,Chapter 26,7,Other / Unsure,Other / Unsure
The Three-Body Problem,Chapter 26,8,Other / Unsure,Other / Unsure
The Three-Body Problem,Chapter 26,9,Drama,Other / Unsure
The Three-Body Problem,Chapter 26,10,Other / Unsure,Mixed civilian-military domain
The Three-Body Problem,Chapter 26,11,Other / Unsure,Other / Unsure
The Three-Body Problem,Chapter 26,12,Other / Unsure,Other / Unsure
The Three-Body Problem,Chapter 27,1,"Low contestation (minor competition, little open conflict)",High contestation (frequent conflict or strategic struggle)
The Three-Body Problem,Chapter 27,2,Other / Unsure,Other / Unsure
The Three-Body Problem,Chapter 27,3,"Extreme / effectively unreachable (generational, completely separate, or one-way-feeling distance)",Other / Unsure
The Three-Body Problem,Chapter 27,4,Other / Unsure,Other / Unsure
The Three-Body Problem,Chapter 27,5,Other / Unsure,Other / Unsure
The Three-Body Problem,Chapter 27,6,Other / Unsure,Extremely hostile (constant survival pressure)
The Three-Body Problem,Chapter 27,7,Other / Unsure,Uncommon (small specialist population)
The Three-Body Problem,Chapter 27,8,Other / Unsure,Other / Unsure
The Three-Body Problem,Chapter 27,9,Drama,Other / Unsure
The Three-Body Problem,Chapter 27,10,Other / Unsure,Entirely civilian
The Three-Body Problem,Chapter 27,11,Other / Unsure,Totally unique domain
The Three-Body Problem,Chapter 27,12,Other / Unsure,Other / Unsure
The Three-Body Problem,Chapter 28,1,High contestation (frequent conflict or strategic struggle),Other / Unsure
The Three-Body Problem,Chapter 28,2,Other / Unsure,"Limited settlement (small colonies, hard to sustain/control)"
The Three-Body Problem,Chapter 28,3,"Extreme / effectively unreachable (generational, completely separate, or one-way-feeling distance)","Long-distance journey (years, major separation from Earth)"
The Three-Body Problem,Chapter 28,4,Other / Unsure,Other / Unsure
The Three-Body Problem,Chapter 28,5,Other / Unsure,Other / Unsure
The Three-Body Problem,Chapter 28,6,Other / Unsure,Other / Unsure
The Three-Body Problem,Chapter 28,7,Other / Unsure,Other / Unsure
The Three-Body Problem,Chapter 28,8,Other / Unsure,Single unified authority
The Three-Body Problem,Chapter 28,9,Political / diplomatic,Thriller / Horror / Survival
The Three-Body Problem,Chapter 28,10,Other / Unsure,Other / Unsure
The Three-Body Problem,Chapter 28,11,Other / Unsure,Totally unique domain
The Three-Body Problem,Chapter 28,12,Other / Unsure,Other / Unsure
The Three-Body Problem,Chapter 29,1,High contestation (frequent conflict or strategic struggle),High contestation (frequent conflict or strategic struggle)
The Three-Body Problem,Chapter 29,2,Other / Unsure,"Limited settlement (small colonies, hard to sustain/control)"
The Three-Body Problem,Chapter 29,3,"Extreme / effectively unreachable (generational, completely separate, or one-way-feeling distance)","Long-distance journey (years, major separation from Earth)"
The Three-Body Problem,Chapter 29,4,Radically different / alien social order,Other / Unsure
The Three-Body Problem,Chapter 29,5,Other / Unsure,Other / Unsure
The Three-Body Problem,Chapter 29,6,Other / Unsure,Other / Unsure
The Three-Body Problem,Chapter 29,7,Other / Unsure,Other / Unsure
The Three-Body Problem,Chapter 29,8,Other / Unsure,Single unified authority
The Three-Body Problem,Chapter 29,9,Political / diplomatic,Other / Unsure
The Three-Body Problem,Chapter 29,10,Other / Unsure,Mostly civilian with some military presence
The Three-Body Problem,Chapter 29,11,Other / Unsure,Other / Unsure
The Three-Body Problem,Chapter 29,12,Other / Unsure,Other / Unsure
The Three-Body Problem,Chapter 30,1,Total war / constant conflict,Other / Unsure
The Three-Body Problem,Chapter 30,2,Other / Unsure,Other / Unsure
The Three-Body Problem,Chapter 30,3,"Extreme / effectively unreachable (generational, completely separate, or one-way-feeling distance)",Other / Unsure
The Three-Body Problem,Chapter 30,4,Radically different / alien social order,Distinct space culture
The Three-Body Problem,Chapter 30,5,Translation-mediated communication (universal translator / communication tech makes language difference irrelevant),Other / Unsure
The Three-Body Problem,Chapter 30,6,Other / Unsure,Extremely hostile (constant survival pressure)
The Three-Body Problem,Chapter 30,7,Other / Unsure,Other / Unsure
The Three-Body Problem,Chapter 30,8,Other / Unsure,No political order / ungoverned
The Three-Body Problem,Chapter 30,9,Thriller / Horror / Survival,Other / Unsure
The Three-Body Problem,Chapter 30,10,Mostly military,Other / Unsure
The Three-Body Problem,Chapter 30,11,Like cyberspace / networked or abstract domain,Other / Unsure
The Three-Body Problem,Chapter 30,12,Other / Unsure,Other / Unsure
The Three-Body Problem,Chapter 31,1,High contestation (frequent conflict or strategic struggle),Other / Unsure
The Three-Body Problem,Chapter 31,2,Other / Unsure,"Limited settlement (small colonies, hard to sustain/control)"
The Three-Body Problem,Chapter 31,3,Other / Unsure,Other / Unsure
The Three-Body Problem,Chapter 31,4,Other / Unsure,Distinct space culture
The Three-Body Problem,Chapter 31,5,Other / Unsure,Translation-mediated communication (universal translator / communication tech makes language difference irrelevant)
The Three-Body Problem,Chapter 31,6,Other / Unsure,Extremely hostile (constant survival pressure)
The Three-Body Problem,Chapter 31,7,Other / Unsure,Other / Unsure
The Three-Body Problem,Chapter 31,8,Other / Unsure,Other / Unsure
The Three-Body Problem,Chapter 31,9,Military / war,Other / Unsure
The Three-Body Problem,Chapter 31,10,Mostly military,Mostly military
The Three-Body Problem,Chapter 31,11,Other / Unsure,Other / Unsure
The Three-Body Problem,Chapter 31,12,Other / Unsure,Other / Unsure
The Three-Body Problem,Chapter 32,1,High contestation (frequent conflict or strategic struggle),High contestation (frequent conflict or strategic struggle)
The Three-Body Problem,Chapter 32,2,Other / Unsure,Other / Unsure
The Three-Body Problem,Chapter 32,3,"Extreme / effectively unreachable (generational, completely separate, or one-way-feeling distance)",Other / Unsure
The Three-Body Problem,Chapter 32,4,Radically different / alien social order,Distinct space culture
The Three-Body Problem,Chapter 32,5,Translation-mediated communication (universal translator / communication tech makes language difference irrelevant),Translation-mediated communication (universal translator / communication tech makes language difference irrelevant)
The Three-Body Problem,Chapter 32,6,Extremely hostile (constant survival pressure),Other / Unsure
The Three-Body Problem,Chapter 32,7,Other / Unsure,Other / Unsure
The Three-Body Problem,Chapter 32,8,Single unified authority,Single unified authority
The Three-Body Problem,Chapter 32,9,Drama,Other / Unsure
The Three-Body Problem,Chapter 32,10,Other / Unsure,Other / Unsure
The Three-Body Problem,Chapter 32,11,Other / Unsure,Totally unique domain
The Three-Body Problem,Chapter 32,12,Radically non-Earth-like (physics/environment fundamentally unlike Earth experience),Other / Unsure
The Three-Body Problem,Chapter 33,1,High contestation (frequent conflict or strategic struggle),Other / Unsure
The Three-Body Problem,Chapter 33,2,"Visiting / Temporary presence only (stations, missions, outposts)","Limited settlement (small colonies, hard to sustain/control)"
The Three-Body Problem,Chapter 33,3,"Extreme / effectively unreachable (generational, completely separate, or one-way-feeling distance)",Other / Unsure
The Three-Body Problem,Chapter 33,4,Radically different / alien social order,Distinct space culture
The Three-Body Problem,Chapter 33,5,Translation-mediated communication (universal translator / communication tech makes language difference irrelevant),Same languages as Earth
The Three-Body Problem,Chapter 33,6,Extremely hostile (constant survival pressure),Extremely hostile (constant survival pressure)
The Three-Body Problem,Chapter 33,7,Exceptionally rare (few astronauts/explorers),Normalized / widespread (space habitation is ordinary for humanity)
The Three-Body Problem,Chapter 33,8,Single unified authority,Other / Unsure
The Three-Body Problem,Chapter 33,9,Military / war,Drama
The Three-Body Problem,Chapter 33,10,Mostly military,Other / Unsure
The Three-Body Problem,Chapter 33,11,Like cyberspace / networked or abstract domain,Other / Unsure
The Three-Body Problem,Chapter 33,12,Radically non-Earth-like (physics/environment fundamentally unlike Earth experience),Other / Unsure
The Three-Body Problem,Chapter 34,1,High contestation (frequent conflict or strategic struggle),High contestation (frequent conflict or strategic struggle)
The Three-Body Problem,Chapter 34,2,Other / Unsure,Other / Unsure
The Three-Body Problem,Chapter 34,3,Other / Unsure,"Long-distance journey (years, major separation from Earth)"
The Three-Body Problem,Chapter 34,4,Other / Unsure,Distinct space culture
The Three-Body Problem,Chapter 34,5,Other / Unsure,Other / Unsure
The Three-Body Problem,Chapter 34,6,Other / Unsure,Extremely hostile (constant survival pressure)
The Three-Body Problem,Chapter 34,7,Other / Unsure,Other / Unsure
The Three-Body Problem,Chapter 34,8,Other / Unsure,Other / Unsure
The Three-Body Problem,Chapter 34,9,Drama,Other / Unsure
The Three-Body Problem,Chapter 34,10,Other / Unsure,Other / Unsure
The Three-Body Problem,Chapter 34,11,Other / Unsure,Other / Unsure
The Three-Body Problem,Chapter 34,12,Other / Unsure,Other / Unsure
The Three-Body Problem,Chapter 35,1,Other / Unsure,High contestation (frequent conflict or strategic struggle)
The Three-Body Problem,Chapter 35,2,Other / Unsure,Other / Unsure
The Three-Body Problem,Chapter 35,3,Other / Unsure,Other / Unsure
The Three-Body Problem,Chapter 35,4,Other / Unsure,Other / Unsure
The Three-Body Problem,Chapter 35,5,Other / Unsure,Other / Unsure
The Three-Body Problem,Chapter 35,6,Other / Unsure,Other / Unsure
The Three-Body Problem,Chapter 35,7,Other / Unsure,Other / Unsure
The Three-Body Problem,Chapter 35,8,Other / Unsure,Other / Unsure
The Three-Body Problem,Chapter 35,9,Drama,Other / Unsure
The Three-Body Problem,Chapter 35,10,Other / Unsure,Other / Unsure
The Three-Body Problem,Chapter 35,11,Other / Unsure,Totally unique domain
The Three-Body Problem,Chapter 35,12,Other / Unsure,Other / Unsure
