country,book,chapter,q1,q2,q3,q4,q5,q6,q7,q8,q9,q10,q11,q12,q1_justification,q2_justification,q3_justification,q4_justification,q5_justification,q6_justification,q7_justification,q8_justification,q9_justification,q10_justification,q11_justification,q12_justification
Finland,The Fractal Prince,Prologue,"Low contestation (minor competition, little open conflict)",Extensive territorial occupation (many settled worlds/regions held like states or empires),Moderate journey (months/meaningful separation),Radically different / alien social order,"Mostly same, with dialect/slang differences",Manageable but risky,Normalized / widespread (space habitation is ordinary for humanity),"Highly fragmented political landscape (multipolar with many factions, corporations, colonies, microstates)",Adventure / exploration,Mostly civilian with some military presence,Like cyberspace / networked or abstract domain,Radically non-Earth-like (physics/environment fundamentally unlike Earth experience),"The Prologue depicts a dream encounter between Matjek and the thief (Jean le Flambeur), referencing past events on Mars where Jean was imprisoned and freed by Mieli. There is background tension between characters but no direct conflict in space during this chapter.","References to Mars settlements (the Oubliette), Mieli's Oort Cloud origins, and the plan to travel to Earth imply a solar system with multiple inhabited regions held by different factions, including the Sobornost who control much of the Inner System.","The thief recounts that Mieli took him to Mars and now they need to go to Earth, suggesting interplanetary travel that involves meaningful separation and transit time across the solar system.","Matjek references chitraguptas, the Great Common Task, and fighting death as the enemy, indicating a post-human civilization with uploaded minds, copied consciousness, and social structures utterly unlike contemporary Earth society.","Characters communicate in a shared language but use specialized terminology like 'chens,' 'chitraguptas,' 'gogols,' and 'the Great Common Task,' suggesting a common tongue augmented with faction-specific jargon.","The chapter takes place in dreams and memories rather than depicting direct survival challenges, but references to prison, dangerous quests, and needing to go to Earth suggest space is traversable but not without risk.","The chapter casually references living on Mars, traveling between planets, and entities from the Oort Cloud, indicating that space habitation is an ordinary condition for the various factions of post-humanity.","Multiple distinct groups are mentioned: the Sobornost, the Oubliette on Mars, the Oort Cloud warriors, and various zoku. This paints a picture of a solar system fragmented among many competing factions.","The Prologue sets up a heist/adventure narrative, with the thief recounting past exploits and preparing to tell the story of his capture, framed within a dreamlike Arabian Nights storytelling structure.","The chapter focuses on a thief, a dreaming boy, and stolen memories. While Mieli is described as an Oort Cloud warrior, the overall framing is civilian adventure rather than military operations.","The entire chapter takes place in a dream-virtual reality where characters enter books and construct beach environments from stolen memories, characterizing space and interaction as occurring through abstract, networked mental domains.","The dream world, memory castles, and references to uploaded minds and virtual realities suggest that the experienced environment is fundamentally unlike physical Earth, operating by rules of information and consciousness rather than conventional physics."
Finland,The Fractal Prince,Chapter 1,Moderate contestation (ongoing rivalry/disputes),Extensive territorial occupation (many settled worlds/regions held like states or empires),Moderate journey (months/meaningful separation),Radically different / alien social order,"Mostly same, with dialect/slang differences",Manageable but risky,Normalized / widespread (space habitation is ordinary for humanity),"Highly fragmented political landscape (multipolar with many factions, corporations, colonies, microstates)",Adventure / exploration,Mostly civilian with some military presence,Like cyberspace / networked or abstract domain,Radically non-Earth-like (physics/environment fundamentally unlike Earth experience),"Jean le Flambeur is on Perhonen traveling from Mars to Earth, dealing with ongoing tensions between himself, Mieli, and the pellegrini (a Sobornost Founder gogol). The chapter references past conflicts including the Dilemma Prison and rivalries between Sobornost factions.","The Highway is described as a gravitational artery through the Solar System carrying spaceships and thoughtwisps. Mars has settlements, the Sobornost controls the Inner System, and various zoku and Oortian factions occupy different regions.","Jean and Mieli have spent slow weeks journeying from Mars toward Earth aboard Perhonen, indicating a journey of meaningful duration across interplanetary distances.","Society involves uploaded minds (gogols), quantum computing boxes containing trapped gods, sentient ships made from smartcoral that respond to music, and Sobornost-made synthetic bodies. This is radically unlike any Earth social order.","Characters converse naturally but use highly specialized vocabulary like 'gogols,' 'q-dots,' 'virs,' 'smartcoral,' and 'väki,' indicating a shared base language with extensive technical and cultural slang.","Jean works aboard a ship with life support and advanced technology, but faces risks from the decohering Box, his restricted Sobornost body, and the approach to post-Collapse Earth, which Perhonen expresses concern about visiting.","The Highway carries constant traffic of spaceships and thoughtwisps. Living aboard spacecraft, having synthetic bodies, and traveling between planets is presented as entirely routine for the characters.","The chapter references Sobornost Founders, various zoku, Oortians, the Oubliette on Mars, and multiple competing powers. The pellegrini runs a rogue operation while other Founder factions oppose her.","Jean is a master thief trying to open a quantum box containing a trapped god, planning a heist on Earth. The chapter centers on puzzle-solving, memory exploration, and preparation for a caper.","While Mieli is a warrior with combat augmentations and the pellegrini possesses Sobornost military technology, the narrative focuses on Jean's thieving, the ship's domestic life, and civilian concerns like meditation and tea.","Space is traversed via the Highway network of thoughtwisps and spaceships. Jean interacts with quantum computing protocols translated into sensory metaphors, and Mieli exists in a spimescape. The domain is fundamentally information-based.","The characters live in zero-gravity aboard a sentient smartcoral ship, interact with quantum boxes and memory castles, and inhabit synthetic bodies. The physical environment operates on principles of quantum information and nanotechnology."
Finland,The Fractal Prince,Chapter 2,Moderate contestation (ongoing rivalry/disputes),Extensive territorial occupation (many settled worlds/regions held like states or empires),Other / Unsure,Radically different / alien social order,Shared lingua franca plus local variation,Harsh and resource-intensive,Normalized / widespread (space habitation is ordinary for humanity),"Highly fragmented political landscape (multipolar with many factions, corporations, colonies, microstates)",Drama,Mostly civilian with some military presence,Like cyberspace / networked or abstract domain,Very different (human bodies/technology constantly challenged),"Tawaddud's chapter reveals political disputes in Sirr: Councilwoman Alile's suspicious death, rivalry between muhtasib Houses, tensions between Sirr and the Sobornost, and body thieves (jinni) who possess people through stories.","The Sobornost controls much of Earth and the Inner System, building a Gourd in the sky. Sirr exists as the last human city on Earth, protected by wildcode. The broader solar system is occupied by Sobornost guberniyas.","This chapter takes place entirely on Earth in the city of Sirr. No space journey occurs; the focus is on terrestrial politics, jinni, and the relationship between sisters Tawaddud and Dunyazad.","Sirr is an Arabian Nights-inspired city where jinni are real AI entities, body thieves possess people through stories, gogol merchants trade uploaded minds, and muhtasib families rule through Secret Names and Seals against wildcode.","Characters in Sirr share a common language but use culture-specific terms like 'muhtasib,' 'mutalibun,' 'athar,' 'sobors,' and Secret Names, reflecting a distinct local linguistic culture layered over a shared tongue.","Earth is described as a Sobornost-controlled wasteland of wildcode. Sirr survives behind Seals and Secret Names, with constant threats from body thieves, wildcode infections, and the Sobornost's presence. Survival requires ongoing magical-technological effort.",The Sobornost Station fires thoughtwisps carrying minds toward their Gourd construction project in orbit. The chapter references Sirr-in-the-Sky (a fallen orbital colony) and the Sobornost's massive space infrastructure as background facts of life.,"Within Sirr alone there are competing muhtasib Houses (Gomelez, Soarez, Ugarte, Uzeda), Repentant jinni police, gogol merchants, body thieves, and the external Sobornost with its own internal faction struggles between hsien-kus and chens.","The chapter focuses on Tawaddud's fraught relationship with her sister Dunyazad, family politics, her scandalous past, and political intrigue around a council vote, centering on interpersonal drama and social maneuvering.","Sirr is a civilian city with muhtasib governance, markets, and cultural life. The Sobornost Station has a military aspect with its scanning beams and thoughtwisps, but the chapter focuses on civilian politics, trade, and family dynamics.","The athar (digital shadow of reality), Secret Names that function like code, body thieves who possess through stories, and the constant overlay of information space onto physical reality characterize the domain as networked and abstract.","Earth's surface is ravaged by wildcode nanotechnology. The city of Sirr is built on fallen orbital colony Shards, protected by Seals. The environment constantly challenges human existence with wildcode infections and the threat of body theft."
Finland,The Fractal Prince,Chapter 3,High contestation (frequent conflict or strategic struggle),Extensive territorial occupation (many settled worlds/regions held like states or empires),Moderate journey (months/meaningful separation),Radically different / alien social order,"Mostly same, with dialect/slang differences",Extremely hostile (constant survival pressure),Normalized / widespread (space habitation is ordinary for humanity),"Highly fragmented political landscape (multipolar with many factions, corporations, colonies, microstates)",Thriller / Horror / Survival,Mixed civilian-military domain,Like cyberspace / networked or abstract domain,Radically non-Earth-like (physics/environment fundamentally unlike Earth experience),"The pellegrini possesses Mieli's body to confront Jean, revealing deep strategic conflict between Sobornost Founders. The embedded story shows Jean infiltrating the Immortaliser to steal Founder Codes, resulting in massive destruction as raion ships self-destruct to contain him.","The embedded story describes millions of raion ships orbiting the Sun, guberniyas the size of planets coordinating from Mercury's shadow, and sunlifting machinery spanning the solar corona. The Sobornost occupies the Inner System like an empire.","The framing narrative continues aboard Perhonen traveling from Mars to Earth. The embedded story takes place in the Sun's photosphere, indicating operations spread across the solar system with meaningful distances between locations.","Sobornost Founders are god-like uploaded minds with branching generations of gogols, governed by Founder Codes and xiao (hierarchical respect). They sacrifice billions of gogols to contain threats and conduct experiments that tear spacetime itself.","Characters communicate verbally, but use specialized Sobornost terminology (guberniya, raion, gogol, firmament, xiao) and faction names (pellegrini, vasilev, hsien-ku, chen, chitragupta) as natural extensions of shared language.","The embedded story takes place in the Sun's photosphere, on hardware floating in extreme conditions. Jean's capture involves raion ships self-destructing in antimatter blooms, mind-blades dismantling his consciousness, and imprisonment in the Dilemma Prison.","Millions of raion ships orbit the Sun, guberniyas function as planet-sized brains, and the entire Sobornost civilization exists as uploaded minds in space-based hardware. Living in space is the fundamental mode of post-human existence.","The Founders aboard the Immortaliser represent distinct factions (pellegrini, vasilev, hsien-ku, chen, chitragupta, engineer) each with their own agendas. The vasilev and hsien-ku manipulate experiments while the pellegrini runs counter-intelligence.","The chapter builds tension as Jean's elaborate heist aboard the Immortaliser is revealed, followed by a desperate chase through Sobornost networks, his capture, systematic mental dismantlement, and imprisonment. The inspector's traumatic Code memory adds horror elements.","The Sobornost's Experiment combines scientific research (quantum gravity, Planck locks) with military-scale operations (sunlifting factories, self-destructing raion ships). Jean operates as a civilian criminal but faces military-grade responses.","Jean hides in firmament processes, jumps between nodes in the Sobornost communication network, and is ultimately trapped in a virtual Dilemma Prison. Space is experienced as an information network where minds travel as thoughtwisps.","The story takes place on pinhead-sized smartmatter floating in the Sun's photosphere, within virtual reality restaurants, and across networks of raion ships. The environment operates on quantum information principles entirely unlike Earth physics."
Finland,The Fractal Prince,Chapter 4,Moderate contestation (ongoing rivalry/disputes),Extensive territorial occupation (many settled worlds/regions held like states or empires),Other / Unsure,Radically different / alien social order,Shared lingua franca plus local variation,Harsh and resource-intensive,Normalized / widespread (space habitation is ordinary for humanity),"Highly fragmented political landscape (multipolar with many factions, corporations, colonies, microstates)",Drama,Entirely civilian,Like cyberspace / networked or abstract domain,Very different (human bodies/technology constantly challenged),"Political rivalry drives the chapter as Tawaddud navigates tensions between muhtasib Houses, the pending Council vote, Abu Nuwas's commercial interests, and the aftermath of Councilwoman Alile's suspicious death.","The Sobornost Station dominates Sirr's skyline, constantly firing thoughtwisps toward the Gourd being built in orbit. The city exists on fallen Shards of an O'Neill colony, with the Sobornost occupying the broader solar system.",This chapter takes place entirely on Earth in Sirr. No space journey occurs; the narrative focuses on Tawaddud's date with Abu Nuwas through the city's elevator systems and streets.,"Sirr is built on the Shards of a fallen orbital colony, with muhtasib families ruling through jinni companions, Fast Ones (tiny humanoid beings) running micro-civilizations, and a gogol economy trading in uploaded minds.","Characters speak a common language but Sirr has its own rich vocabulary: muhtasib, mutalibun, athar, sobors, Banu Sasan, Secret Names. Abu Nuwas shows Tawaddud a different way of seeing the city through his entwined jinn eye.","The city clings to massive Shards, surrounded by wildcode desert. Abu Nuwas describes the constant effort needed to manage Sirr's economy like tending a garden, with Sobornost trade, jinni labor, and wildcode as persistent challenges.","The Sobornost Station constantly fires minds into orbit, the Shards are remnants of space habitation, and the broader context of solar-system-wide civilization is taken for granted by all characters.","Sirr alone contains four muhtasib Houses, gogol merchants, Repentant jinni, body thieves, Banu Sasan communities, and Fast One micro-civilizations. The Sobornost looms over everything with its own internal faction politics.","The chapter centers on Tawaddud's slow-building relationship with Abu Nuwas as they descend through the city, blending romantic tension with political maneuvering and social observation of Sirr's diverse communities.","The chapter follows a date between a merchant and a muhtasib daughter through civilian spaces: elevators, streets, markets. The Sobornost Station functions as infrastructure rather than a military presence in this chapter.","Abu Nuwas shows Tawaddud a vision of Sirr as a vast shifting network of light representing gogol trade, information flows, and economic activity. The athar overlay constantly blends physical and digital reality.","The city is built on Shards of a fallen space station, surrounded by wildcode desert. Fast Ones live at different timescales, the athar overlays reality with digital information, and wildcode constantly threatens to transform human bodies."
Finland,The Fractal Prince,Chapter 5,High contestation (frequent conflict or strategic struggle),Extensive territorial occupation (many settled worlds/regions held like states or empires),Moderate journey (months/meaningful separation),Radically different / alien social order,"Mostly same, with dialect/slang differences",Extremely hostile (constant survival pressure),Normalized / widespread (space habitation is ordinary for humanity),"Highly fragmented political landscape (multipolar with many factions, corporations, colonies, microstates)",Thriller / Horror / Survival,Mixed civilian-military domain,Like cyberspace / networked or abstract domain,Radically non-Earth-like (physics/environment fundamentally unlike Earth experience),"A Sobornost Hunter weapon attacks Perhonen, severely wounding both Jean and Mieli. The knife-flower is a scanning weapon that destroys while capturing data. Perhonen detects thousands more approaching, creating an immediate strategic crisis.","The chapter describes the Highway with its Sobornost thoughtwisp traffic, scattered zoku routers from the Protocol War, and Perhonen's hidden Sobornost technology. The solar system is filled with infrastructure from competing powers.","Perhonen is on a lesser Highway branch traveling toward Earth. The pursuing Hunter swarm will intercept in two to three days, indicating meaningful distances even with advanced propulsion.","Mieli exists simultaneously in a spimescape and her physical body, with a metacortex providing combat autism. The pellegrini possesses Mieli's body. Jean gains root access to his Sobornost synthetic body and becomes a temporary god.","Characters communicate naturally but use specialized terms like 'spimescape,' 'quicktime,' 'combat autism,' 'metacortex,' and 'ghostgun,' reflecting shared language with extensive technological jargon.","A diamond Hunter weapon breaches the hull, boils Mieli's intestines, burns away Jean's hand, and nearly kills both. Thousands more Hunters are approaching. The environment demands constant survival effort against hostile technology.","The Highway carries routine traffic, zoku routers dot the system, and living aboard a ship traversing interplanetary space is presented as ordinary. The attack is unusual, but space habitation itself is unremarkable.",The attack reveals Founder-level conflicts between Sobornost factions. Jean explains that the pellegrini is running a rogue operation opposed by other Founders who have sent the Hunters. Zoku infrastructure coexists with Sobornost systems.,"The chapter is a tense action sequence: a lethal weapon breaches the ship, Mieli's body is graphically damaged, Jean loses his hand, and they face an approaching swarm of thousands more. Survival is the immediate concern.",Perhonen is a civilian ship with hidden military technology. The Hunter is a military weapon. Mieli uses ghostguns and combat metacortex while Jean employs metamaterial cloaking. The space they travel through serves both civilian traffic and military pursuit.,"Mieli navigates the spimescape overlaying physical reality. The Hunter weapon scans and transmits data while destroying, functioning like an aggressive network probe. Jean's root access to his body is described in terms of information systems.",The characters experience zero-gravity combat with nanomissiles and metamaterial cloaking inside a sentient ship. Mieli's combat autism transforms perception into damage statistics. The physical environment operates on principles of smartmatter and quantum technology.
Finland,The Fractal Prince,Chapter 6,Moderate contestation (ongoing rivalry/disputes),Extensive territorial occupation (many settled worlds/regions held like states or empires),Other / Unsure,Radically different / alien social order,Shared lingua franca plus local variation,Harsh and resource-intensive,Normalized / widespread (space habitation is ordinary for humanity),"Highly fragmented political landscape (multipolar with many factions, corporations, colonies, microstates)",Drama,Entirely civilian,Like cyberspace / networked or abstract domain,Very different (human bodies/technology constantly challenged),"The chapter depicts ongoing rivalries in Sirr: body thieves like Ahmad possessing civilians, tensions between muhtasib Houses and Sobornost, and Tawaddud navigating her social position while treating wildcode-infected patients in the Banu Sasan district.","The Sobornost Station dominates the city, the Banu Sasan district occupies former Sobornost model buildings, and references to the desert with its von Neumann machine herds and lost jannahs indicate extensive territorial structures beyond the city.","This chapter takes place entirely on Earth in Sirr's Banu Sasan district. No space journey occurs; the narrative focuses on Tawaddud's medical work, her relationship with Abu Nuwas, and treating a possessed woman.","The Banu Sasan district features spider women with silk glands, chimera acrobats with sapphire muscles, body thieves possessing people through stories, and a boy with wildcode symbols chasing across his skin. Society is organized around Secret Names and jinn labor.","Characters share a common language but the Banu Sasan has its own cultural references (Mercury Ali, the flower prince) alongside Sirr's specialized vocabulary of Secret Names, mutalibun terminology, and athar-related concepts.","The Banu Sasan district shows poverty, wildcode infections, body theft, and chimera transformations. Tawaddud treats patients suffering from wildcode exposure, and Abu Nuwas reveals his traumatic childhood of forced entwining and exploitation as a child mutalibun.","The Sobornost Station fires thoughtwisps constantly, the embedded story references Sirr-in-the-Sky, and Abu Nuwas describes the desert with its von Neumann machines and lost jannahs as familiar territory for mutalibun.","The chapter depicts multiple overlapping powers: muhtasib Houses, body thieves, Repentant jinni, the Axolotl (father of body thieves), gogol merchants, the Sobornost, and the Banu Sasan community with its own internal hierarchy.","The chapter blends medical drama with romance as Tawaddud treats patients, confronts a body thief, and grows closer to Abu Nuwas. His revelation of childhood trauma and their intimate encounter form the emotional core.","The chapter takes place in a civilian district with medical practice, street vendors, and personal relationships. Even the confrontation with the body thief Ahmad is handled through medical knowledge and Secret Names rather than military force.","The athar overlays reality, body thieves spread through stories functioning like malware, Secret Names act as commands in an information system, and Abu Nuwas's brass eye reveals Sirr as a network of light representing data flows.","Wildcode transforms human bodies (spider woman, chimera acrobats, glowing symbols on skin). Body thieves can overwrite personalities through stories. Abu Nuwas has a jinn fused into his eye from forced childhood entwining. Human bodies are constantly at risk of transformation."
Finland,The Fractal Prince,Chapter 7,High contestation (frequent conflict or strategic struggle),Extensive territorial occupation (many settled worlds/regions held like states or empires),Moderate journey (months/meaningful separation),Radically different / alien social order,"Mostly same, with dialect/slang differences",Extremely hostile (constant survival pressure),Normalized / widespread (space habitation is ordinary for humanity),"Highly fragmented political landscape (multipolar with many factions, corporations, colonies, microstates)",Adventure / exploration,Mostly civilian with some military presence,Like cyberspace / networked or abstract domain,Radically non-Earth-like (physics/environment fundamentally unlike Earth experience),"Jean infiltrates a zoku router in a dangerous quicksuit to open the Box, facing lethal bandwidth storms. Meanwhile, Mieli uses a stolen zoku jewel to commandeer the router. The ticking clock of approaching Hunter weapons adds strategic urgency.","The zoku router orbits 90 Antiope, part of a system-wide infrastructure. Jean recalls a manifold existence among guberniyas, beltworlds, and Supra City above Saturn's rings. The solar system is densely occupied by multiple civilizations.","The ship has traveled to 90 Antiope from their Highway route, with the Hunter swarm days behind. Jean recalls existence across the solar system from beltworlds to Saturn, indicating meaningful but navigable distances.",Zoku routers are living quantum machines with processing nodes like amoebas. Realmgates translate physical matter into virtual gameworlds. Jean wears a quicksuit of smartmatter with sentient gogol processors. Society is organized around collective quantum-entangled minds.,"Jean and Perhonen communicate naturally via neutrino link, using specialized terms like 'Realmgate,' 'quicksuit,' 'q-tech,' and 'serendipity engines.' Communication is in a shared language heavily inflected with technical jargon.","Jean suffers burns from bandwidth spikes inside the router, his body is riddled with cancer analogues from radiation, his hand has not regrown, and he must navigate invisible currents of lethal data while wearing an improvised suit. The approaching Hunter swarm adds existential pressure.","Jean reminisces about zero-g coral reefs of beltworlds, Supra City dancing above Saturn's rings, and life among guberniyas. Mieli recalls childhood in a koto illuminated by a Little Sun. Space habitation is ordinary for all characters.","The router belongs to a zoku collective governed by quantum-entangled consensus. Mieli is Oortian, serving a Sobornost Founder. Sobornost Hunters pursue them. The system is divided among zoku, Sobornost, and Oortians with distinct governance.","Jean infiltrates the router in a quicksuit, navigating deadly bandwidth storms, hacking processing nodes, and using Realmgates to enter the Box. The chapter is a classic heist sequence with technical puzzle-solving and daring execution.","The router is civilian infrastructure for zoku communications. Jean's infiltration is a criminal operation rather than military. However, Mieli's weapons systems and the approaching Hunter swarm represent military threats in the background.","The zoku router is a vast quantum computer. Jean swims through data currents, hacks processing nodes, and enters a Realmgate that translates physical matter into virtual reality. Space is experienced as an information network to be navigated and exploited.","Jean floats inside a two-kilometer living quantum machine, surrounded by processing nodes, mirror corridors, and lethal photon storms. The Realmgate disassembles matter into qubits. The physical environment follows the rules of quantum information processing."
Finland,The Fractal Prince,Chapter 8,Moderate contestation (ongoing rivalry/disputes),Extensive territorial occupation (many settled worlds/regions held like states or empires),Other / Unsure,Radically different / alien social order,Shared lingua franca plus local variation,Harsh and resource-intensive,Normalized / widespread (space habitation is ordinary for humanity),"Highly fragmented political landscape (multipolar with many factions, corporations, colonies, microstates)",Political / diplomatic,Mostly civilian with some military presence,Like cyberspace / networked or abstract domain,Very different (human bodies/technology constantly challenged),"Tawaddud navigates political tensions as she escorts Sumanguru to investigate Alile's death. The Sobornost envoy subtly threatens Sirr with cleansing, while internal disputes simmer between Council factions over the upcoming vote.","The Sobornost Station is described as having its own weather, with guberniyas as planet-sized diamond brains. The political astronomer discusses Sobornost power structures and their potential to upload all of Earth, indicating empire-scale occupation.","This chapter takes place entirely on Earth, inside the Sobornost Station and then at Alile's palace. No space journey occurs; the focus is on the diplomatic and investigative mission.","Sumanguru is a warrior god from a civilization of planet-sized brains, poured into flesh he finds alien. Upload converts walk to their dissolution in scanning beams. The political astronomer studies Sobornost power structures like astronomy.","Tawaddud and Sumanguru communicate in a shared language, but with distinct cultural frames. Sumanguru calls muhtasib customs primitive dualism while Tawaddud explains Sirr concepts like qarins and entwiners in terms he can understand.","The Station's ghost-rain contains gogols in smart dust, scanning beams take frightened converts. Outside, wildcode levels are higher than normal. Alile's palace contains her wildcode-transformed body, and Sumanguru's Seals begin failing within minutes of entering.",The Sobornost Station processes uploads destined for orbital construction. The political astronomer studies guberniyas with grav-wave interferometry. Space habitation is the default state for Sobornost civilization.,"The chapter details Sobornost internal factions (hsien-kus, chens, vasilevs, sumangurus) alongside Sirr's Council factions, Repentant jinni, and muhtasib Houses. The political astronomer maps unstable Sobornost power structures.","Tawaddud serves as diplomat to a Sobornost envoy investigating a political murder. She navigates between Sumanguru's authoritarian approach, Rumzan's procedural concerns, and her family's political agenda around the Council vote.","Sumanguru is a warmind and military figure, but the chapter focuses on diplomatic escorting, political investigation, and civilian governance. The investigation of Alile's death is a police matter rather than military operation.","The Station's rain contains computing gogols, the athar pervades everything, and Sumanguru interrogates by copying minds into virtual realities. The investigation depends on reading athar traces and digital shadows of reality.",Alile's body has been transformed into a labyrinth of sapphire pathways and fleshy cables by wildcode. The Station has its own weather of computing rain. Sumanguru's Seals degrade within minutes of wildcode exposure. Human form is constantly under threat.
Finland,The Fractal Prince,Chapter 9,High contestation (frequent conflict or strategic struggle),Extensive territorial occupation (many settled worlds/regions held like states or empires),Moderate journey (months/meaningful separation),Radically different / alien social order,"Mostly same, with dialect/slang differences",Extremely hostile (constant survival pressure),Normalized / widespread (space habitation is ordinary for humanity),"Highly fragmented political landscape (multipolar with many factions, corporations, colonies, microstates)",Thriller / Horror / Survival,Mixed civilian-military domain,Like cyberspace / networked or abstract domain,Radically non-Earth-like (physics/environment fundamentally unlike Earth experience),"Jean enters the Box's Realm and is immediately attacked by the tiger (a trapped Sobornost Founder). Outside, Sumanguru has seized Perhonen and threatens Mieli. A tense standoff erupts as Mieli threatens to detonate a strangelet bomb.","The chapter operates across multiple domains: Jean inside the virtual Realm, Mieli aboard Perhonen near the router, and Sumanguru seizing the ship's systems. The infrastructure of Realmgates, routers, and interplanetary ships implies extensive territorial control.","The action takes place at the router near 90 Antiope, a stop on their journey from Mars to Earth. The distances and transit times implied by their route confirm meaningful interplanetary separation.",A Sobornost Founder has been trapped as a tiger in a fairy-tale Realm for a thousand years. Sumanguru eats Perhonen's systems as a butterfly face. Mieli threatens mutual destruction with exotic weapons. Society operates on principles of uploaded consciousness and virtual existence.,"Jean converses with the tiger-Founder in shared language, and Mieli negotiates with the butterfly-Sumanguru verbally. Communication is natural but saturated with concepts like Founder Codes, firmament, EPR states, and strangelet bombs.","Jean is mauled by the tiger, bleeding in a dying Realm of razor-sharp clock-snow. Perhonen is being consumed by Sumanguru. Mieli faces losing her ship and contemplates mutual annihilation. Survival pressure is constant and extreme.","Characters operate naturally across physical space (the ship, the router) and virtual space (the Realm inside the Box). The infrastructure of Realmgates and interplanetary travel is treated as unremarkable background.",The trapped Founder opposes both Jean and Matjek Chen. Sumanguru acts as an independent warmind seizing opportunity. Mieli serves the pellegrini. The tiger wants revenge against Chen. Multiple actors pursue conflicting agendas.,"Jean is hunted through a dying fairy-tale forest by a vengeful tiger-god, bleeding and barefoot on razor cog-snow. Mieli faces a hostile AI consuming her ship. The chapter is driven by survival tension and body horror.","The conflict involves military-grade weapons (strangelet bombs, ghostguns, Godel bombs) deployed within a civilian communication router. Sumanguru is a warmind, Mieli a warrior, and Jean a civilian thief caught in the crossfire.",Jean exists inside a virtual Realm within a quantum box running on a router. Sumanguru infiltrates and consumes Perhonen's systems as software. Mieli navigates spimescapes and launches logic bombs. The entire conflict plays out across information domains.,"Jean walks through a Realm where the ground is razor cogwheels, trees have prayer-shaped foliage, and a Founder has become a tiger. The Realmgate translated him into a software construct. The physical laws of the environment are defined by virtual reality parameters."
Finland,The Fractal Prince,Chapter 10,Moderate contestation (ongoing rivalry/disputes),Extensive territorial occupation (many settled worlds/regions held like states or empires),Other / Unsure,Radically different / alien social order,Shared lingua franca plus local variation,Harsh and resource-intensive,Normalized / widespread (space habitation is ordinary for humanity),"Highly fragmented political landscape (multipolar with many factions, corporations, colonies, microstates)",Political / diplomatic,Mostly civilian with some military presence,Like cyberspace / networked or abstract domain,Very different (human bodies/technology constantly challenged),"The chapter centers on investigating Councilwoman Alile's death, revealing political murder disguised as suicide. Sumanguru threatens Sirr with cleansing, Rumzan navigates between loyalties, and Tawaddud prepares to entwine with Arcelia to extract information.","Sumanguru represents a civilization of planet-sized guberniyas with internal hierarchies (Primes, generations, branches). The Sobornost Station and its operations in Sirr are extensions of this empire-scale occupation of the solar system.",This chapter takes place entirely on Earth in Alile's palace on the Soarez Shard. No space journey occurs; the focus is on the investigation of Alile's death and the decision to interrogate her qarin Arcelia.,"Muhtasibs are entwined with jinn companions as children, wildcode transforms bodies into sapphire labyrinths, and Sumanguru proposes copying and iterating a bird-brain through thousands of virtual reality variations. Society operates on fundamentally alien principles.","Tawaddud explains Sirr concepts like qarins, entwiners, and Secret Names to Sumanguru, who interprets them through Sobornost frameworks. They communicate in shared language but with distinct cultural vocabularies and conceptual frames.","Alile's wildcode-transformed remains fill an entire room with sapphire pathways and fleshy cables. Sumanguru's Seals degrade within minutes of wildcode exposure. The ambient wildcode levels are higher than normal, threatening all biological and technological systems.","Sumanguru has been beamed down from orbit and represents a space-based civilization. The investigation references Sobornost infrastructure, guberniyas, and the possibility of uploading all of Earth. Space habitation is the norm for the Sobornost.","The investigation reveals layers of political fragmentation: Council factions, Repentant jinni with their own loyalties, muhtasib Houses maneuvering for votes, the Sobornost with internal faction struggles, and potential masrur involvement.","The chapter is a political investigation: examining a crime scene, interrogating witnesses, navigating between Sumanguru's authoritarian methods and Sirr's customs. Tawaddud acts as diplomat mediating between Sobornost power and local governance.","Sumanguru is a military warmind, but the chapter focuses on civilian investigation, political negotiation, and diplomatic maneuvering. The Repentants function as police rather than military, and the conflict is resolved through persuasion rather than force.","The investigation depends on athar traces, Seals functioning as digital firewalls, and the proposal to copy Arcelia's mind into iterative virtual realities. The crime itself may involve possession through information vectors like stories.",Alile's body has become a sapphire labyrinth of wildcode. Her qarin is trapped in a mechanical bird. Sumanguru's sobortech degrades in minutes from wildcode exposure. The physical environment constantly threatens and transforms human and technological forms.
Finland,The Fractal Prince,Chapter 11,High contestation (frequent conflict or strategic struggle),Extensive territorial occupation (many settled worlds/regions held like states or empires),"Long-distance journey (years, major separation from Earth)",Radically different / alien social order,Translation-mediated communication (universal translator / communication tech makes language difference irrelevant),Harsh and resource-intensive,Normalized / widespread (space habitation is ordinary for humanity),"Highly fragmented political landscape (multipolar with many factions, corporations, colonies, microstates)",Thriller / Horror / Survival,Mixed civilian-military domain,Like cyberspace / networked or abstract domain,Radically non-Earth-like (physics/environment fundamentally unlike Earth experience),"Jean battles Sumanguru's mind inside a virtual environment, traps him using firmament code, and then faces a rain of Hunters that destroy a zoku router with antimatter. The chapter is dominated by intense conflict between Sobornost entities and zoku technology.","The chapter references Perhonen traveling the Highway towards Earth, the Sobornost controlling vast networks, and Mieli being an Oort Cloud warrior. Multiple factions hold territory across the solar system.","Perhonen's wings catch the solar wind to push back toward Earth via the Highway, implying a lengthy interplanetary journey. The characters operate far from Earth in deep space.","The chapter depicts gogols (mind copies), virtual environments called virs, Founder codes, Oortian vaki technology, and the Sobornost way of separating worlds and minds. Society is built on mind uploading and digital existence far removed from Earth norms.","Jean, Mieli, and Perhonen communicate seamlessly across Sobornost, Oortian, and zoku technological frameworks. Communication happens through mental links, ship interfaces, and virtual environments rather than natural language barriers.","Space is filled with dangers including Hunter swarms, antimatter explosions, gamma rays, and pions. Perhonen must use anti-meteorite lasers and q-dot bubbles to retrieve Jean from debris, showing survival requires significant technological resources.","The characters live aboard a spaceship as routine, with Mieli piloting and Jean existing in virtual and physical forms interchangeably. The Sobornost operates vast fleets and the Highway is a regular transit corridor.","The chapter features Sobornost Founders, zoku collectives, Oortian warriors, and the Pellegrini goddess as distinct competing factions. Jean uses Sumanguru's Founder codes against the Hunters, illustrating the complex factional dynamics.","The chapter opens with Jean bound and tortured in a virtual interrogation, then escalates to a tense escape involving Hunter swarms and antimatter destruction. The mood is one of suspense and survival.","The chapter blends military elements like Hunter swarms, combat autism, and strangelet triggers with the personal dynamics between Jean, Mieli, and Perhonen. The ship serves both as a living space and a combat vessel.",Much of the conflict takes place inside virtual environments (virs) and through digital manipulation of Founder codes. Jean traps Sumanguru using a firmament vir and manipulates Hunters through digital deception rather than physical combat.,"The environment includes virtual reality spaces, antimatter explosions in vacuum, the Highway manifold, and a ship that opens magnetic wings miles wide to catch solar wind. The physical setting is entirely unlike any Earth experience."
Finland,The Fractal Prince,Chapter 12,Moderate contestation (ongoing rivalry/disputes),Habitable and governable (permanent settlements can hold territory),Other / Unsure,Radically different / alien social order,Shared lingua franca plus local variation,Manageable but risky,Normalized / widespread (space habitation is ordinary for humanity),"Highly fragmented political landscape (multipolar with many factions, corporations, colonies, microstates)",Drama,Entirely civilian,Like cyberspace / networked or abstract domain,Moderately different (regular adaptation needed),"The chapter reveals the Axolotl as a body thief who caused the night of the ghuls, and the Repentants are hunting Tawaddud. There is ongoing tension between jinni, body thieves, and the ruling families of Sirr, though no open warfare in this chapter.","Sirr is depicted as a permanent city on Earth with established governance, family houses, and infrastructure. The City of the Dead houses jinni in server tombs maintained by ghul labor, indicating settled and governed territory.","This chapter is set entirely on Earth in the city of Sirr and its City of the Dead. There is no space journey depicted, though brief references to spaceships fleeing during the Collapse appear in Zaybak's backstory.","Sirr's society features jinni (AI entities) living in tombs, ghuls as mindless servants, body thieves who possess humans through stories, entwinement between human and jinn minds, and the concept of qarin-muhtasib partnerships. This is radically different from any Earth society.","Characters communicate in a common language, but Tawaddud is noted for knowing ancient tongues and secret words to confuse jinni. The Names function as a specialized linguistic system alongside ordinary speech.","The City of the Dead is dangerous with aggressive ghuls who grab and crowd Tawaddud, and wildcode threatens from the desert. However, life in Sirr is sustainable with the protection of Seals and the Aun's systems.","While this chapter is Earth-based, it references the broader setting where uploaded minds, Sobornost guberniyas, and space habitation are commonplace. Zaybak's memories reference spaceships in the sky during the Collapse.","The chapter reveals multiple power centers: the ruling muhtasib families, the Repentants, the jinni of the City of the Dead, the Banu Sasan, body thieves, and the distant Sobornost. Even within Sirr, factions compete.","The chapter is an emotionally rich story of Tawaddud's relationship with Zaybak the Axolotl, her entwinement with the qarin Arcelia, and the discovery that Alile was possessed. It focuses on personal relationships and emotional revelations.","The chapter focuses on civilian life in Sirr's City of the Dead, personal relationships between Tawaddud and Zaybak, and the investigation of Alile's death through entwinement with a qarin. No military presence features.","The athar functions as an information layer overlaid on reality, jinni exist as digital entities in server tombs, and entwinement merges minds through networked connections. The body thief vector is a story transmitted through this network.","Earth in this era features wildcode desert, nanoscale technology in the atmosphere (foglets), digital overlay (athar), and jinni inhabiting server tombs. The physical environment has been significantly altered from baseline Earth but remains habitable."
Finland,The Fractal Prince,Chapter 13,Total war / constant conflict,Extensive territorial occupation (many settled worlds/regions held like states or empires),"Extreme / effectively unreachable (generational, completely separate, or one-way-feeling distance)",Radically different / alien social order,Translation-mediated communication (universal translator / communication tech makes language difference irrelevant),Nearly uninhabitable / lethal without major intervention,Normalized / widespread (space habitation is ordinary for humanity),"Highly fragmented political landscape (multipolar with many factions, corporations, colonies, microstates)",Military / war,Entirely military / war-focused,Like the ocean / naval,Radically non-Earth-like (physics/environment fundamentally unlike Earth experience),"The chapter depicts a massive space battle between Sobornost fleets and zoku ships near a cosmic string, with raion ships destroyed, millions of gogols lost, strangelet missiles fired, and Gun Club ships deploying black holes. The warmind is then betrayed and devoured by a Dragon.","The Sobornost deploys a fleet of two hundred raion ships plus an oblast ship, controls guberniyas described as planet-sized constructs, and fights the zoku for territory. Both sides maintain vast military and territorial presence across the solar system.","The battle takes place near a cosmic string in deep space, far from Earth. The warmind references the Broken Places of Jupiter-that-was, and the chen discusses events spanning millennia of Deep Time. The distances and timescales are extreme.","Sobornost society is organized around copybrothers, gogol hierarchies governed by xiao, metaselves that constrain thought, and the Great Common Task ideology. The chen maintains Dragons in sandboxed environments and uses a vir made entirely of language.","The warmind communicates through Code, virs, and the firmament with his copybrothers and the chen. Communication is technologically mediated through mindshells, metaselves, and demiurge gogols that translate perceptions.","The environment includes cosmic strings more massive than Earth, antimatter explosions, strangelet missiles, Hawking radiation from black holes, and topological defects in spacetime. Survival requires massive technological infrastructure.","The warmind coordinates millions of gogols across hundreds of ships as routine military operations. The Sobornost maintains permanent fleets, guberniyas, and vast populations of uploaded minds living entirely in space.","The chapter features Sobornost copyclans (warmind, chen, pellegrini, vasilev), zoku collectives (including the Kaminari), Gun Club zoku, and internal Sobornost politics between Founders. The chen betrays the warmind for his own faction's goals.","The entire chapter depicts a space battle from the warmind's tactical perspective, including fleet maneuvers, weapon systems, Nash equilibria calculations, and culminating in betrayal. It reads as a military science fiction battle sequence.","Every element of the chapter is military: fleet coordination, weapons deployment, tactical analysis, chain of command, and the Protocol War against the zoku. The warmind exists solely as a military entity.","The space battle features fleets of ships in formations, pincers converging on enemy vessels, swarms surrounding targets like shoals of fish, and an admiral-like warmind coordinating from a flagship oblast. The tactics mirror naval warfare.","The setting includes cosmic strings warping spacetime, Planck-scale black holes, strangelet missiles converting matter, Hawking radiation, and topological defects. The physics are fundamentally alien to Earth experience."
Finland,The Fractal Prince,Chapter 14,High contestation (frequent conflict or strategic struggle),Habitable and governable (permanent settlements can hold territory),Other / Unsure,Radically different / alien social order,Shared lingua franca plus local variation,Harsh and resource-intensive,Normalized / widespread (space habitation is ordinary for humanity),"Highly fragmented political landscape (multipolar with many factions, corporations, colonies, microstates)",Thriller / Horror / Survival,Mostly civilian with some military presence,Like cyberspace / networked or abstract domain,Very different (human bodies/technology constantly challenged),"Fast Ones attack Tawaddud and Sumanguru with needle guns, steal the qarin Arcelia, and someone destroys Arcelia with a barakah gun during pursuit. The chapter features violent conflict driven by political intrigue around the Sobornost Accords.","Sirr is shown as a complex, governed city with multiple Shards, markets, rukh ship armadas, Fast One parasite cities, and established ruling families. It is a permanent, self-governing settlement on Earth.","This chapter takes place entirely on Earth in the city of Sirr. There are references to the Gourd frame visible in the sky and Sobornost presence, but no space journey occurs.","Sirr features Secret Names that control nanotechnology, Fast Ones as miniature warriors with cities-within-cities, flying carpets made of utility fog, jinni servants, barakah guns that speak the Anti-Name, and the muhtasib system. Society is radically alien.","Tawaddud and Sumanguru communicate in a common language, but the Secret Names function as a specialized ancient command language for controlling the athar and wildcode. The Names of the Aun represent a distinct linguistic layer.","The wildcode desert threatens anyone without Seals, barakah guns can destroy protective Seals leaving people vulnerable to wildcode, and the environment requires constant technological protection through foglets and jinn rings.","The Gourd frame around Earth is visible in the sky, Sobornost envoys visit routinely, and the broader context establishes that space habitation is widespread. Sumanguru is a Sobornost gogol visiting Earth.","The chapter features the Gomelez family, Fast Ones of Qush and Misr, Sobornost representatives, muhtasib families, mutalibun crews, and unknown conspirators. Power is distributed among many competing groups.","The chapter is an action thriller featuring a Fast One ambush, a high-speed carpet chase through the city, near-death from chimera bird tethers, and the dramatic destruction of Arcelia. The pacing is tense and fast.","The setting is a civilian city with political intrigue, but the Fast One attack is a military-style assault and the barakah gun is described as a muhtasib weapon. Sumanguru brings Sobornost military technology to a civilian context.","The athar functions as an augmented reality overlay where Tawaddud tracks Arcelia, uses Secret Names as commands, and navigates using jinn rings. The conflict involves both physical and digital dimensions simultaneously.","Earth's environment includes wildcode that attacks unprotected humans, the athar as a pervasive digital overlay, utility fog carpets, and foglet-based technology. Human bodies require constant Seal protection from environmental nanotechnology."
Finland,The Fractal Prince,Chapter 15,High contestation (frequent conflict or strategic struggle),Extensive territorial occupation (many settled worlds/regions held like states or empires),"Long-distance journey (years, major separation from Earth)",Radically different / alien social order,Shared lingua franca plus local variation,Harsh and resource-intensive,Normalized / widespread (space habitation is ordinary for humanity),"Highly fragmented political landscape (multipolar with many factions, corporations, colonies, microstates)",Adventure / exploration,Mostly civilian with some military presence,Like cyberspace / networked or abstract domain,Very different (human bodies/technology constantly challenged),"The chapter outlines a strategic heist plan to steal the Kaminari jewel from Matjek Chen, involving infiltration of Earth and the Sobornost. Jean and Mieli discuss the Pellegrini's manipulation, and the plan involves deceiving multiple factions.","The chapter references Earth under Sobornost control with the Gourd array, guberniyas ruled by god-kings, the Oort Cloud settlements, and Mars. Multiple civilizations hold permanent territory across the solar system.","Jean is being launched toward Earth via a thoughtwisp, compressed and propelled by ship lasers. Perhonen is traveling to Earth separately. The journey involves significant distance and the thief will travel without a body.","The chapter describes Oortian sauna rituals in zero-gravity, insurance heavens from the 2060s, body thieves in Sirr, Sobornost Founder codes, and the Pellegrini as a goddess ruling a guberniya. Society has splintered into radically different cultural forms.","Jean, Mieli, and Perhonen communicate in a common language, but the thief mentions needing Seals to move on Earth and the muhtasib system of Sirr as linguistically distinct. Cultural and technological terminology varies between factions.","Earth is described as a dark place of pain requiring Seals for protection from wild nanites. Jean must be launched as a compressed thoughtwisp, and Mieli must infiltrate as a mercenary. Survival on Earth requires specific technological protections.","Living aboard Perhonen, performing Oortian sauna rituals in space, and launching minds as thoughtwisps are treated as routine. The Sobornost operates across the entire solar system with space habitation as the norm.","The chapter names multiple distinct polities: the Pellegrini's guberniya, Sobornost hsien-kus, Chen's domain, the muhtasib families of Sirr, Oortian kotos, and mercenary companies. Each operates independently with competing interests.","The chapter is a planning scene for a heist adventure: Jean outlines the mission to infiltrate Earth, find Chen's secret gogol, and steal the Kaminari jewel. The tone is one of preparation for a daring caper.","The chapter focuses on a civilian heist plan, personal relationships, and Oortian cultural rituals. However, Mieli's mercenary cover and the Pellegrini's military resources provide a military backdrop.","Jean's plan involves downloading his mind into Sobornost networks, using Founder codes as digital disguises, and finding a hidden gogol in an insurance heaven. The heist operates primarily through digital infiltration rather than physical force.","Jean must travel as a bodiless mind in a thoughtwisp, Earth requires Seal protection from wild nanites, and the Oortian sauna operates in zero-gravity with vacuum exposure. Physical existence is constantly mediated by technology."
Finland,The Fractal Prince,Chapter 16,High contestation (frequent conflict or strategic struggle),Habitable and governable (permanent settlements can hold territory),Other / Unsure,Radically different / alien social order,Shared lingua franca plus local variation,Manageable but risky,Normalized / widespread (space habitation is ordinary for humanity),"Highly fragmented political landscape (multipolar with many factions, corporations, colonies, microstates)",Political / diplomatic,Mostly civilian with some military presence,Like cyberspace / networked or abstract domain,Very different (human bodies/technology constantly challenged),"The chapter reveals that Dunyazad likely orchestrated the attack on Sumanguru and the destruction of the qarin, is connected to zoku agents, and asks Tawaddud to implant a device in Sumanguru. Political conspiracy and betrayal drive the entire chapter.","The Gomelez palace is depicted as a well-governed family stronghold with kitchens, guest quarters, living areas, and political infrastructure. Sirr is presented as a permanent, governed city with established institutions.","The chapter is set entirely within the Gomelez palace in Sirr on Earth. References to the Sobornost, the Gourd, and the Cry of Wrath provide context, but no space journey is depicted.","Society features muhtasib families governing through Secret Names, Sobornost gogols as diplomatic envoys, Repentant guards, political astronomers studying Sobornost, and Dragons as non-conscious AI entities. Tawaddud's mother leaped from a balcony during the Cry of Wrath.","All characters communicate in a shared language, but Sumanguru reveals specialized Sobornost terminology like Dragons, Deep Time, and cognitive architecture. The Secret Names represent a distinct specialized language system in Sirr.","Life in the Gomelez palace is comfortable with kitchens, guest quarters, and servants. However, the Cry of Wrath backstory shows existential threats, and Tawaddud's mission to implant a device in Sumanguru carries personal danger.","Sumanguru describes the Sobornost guberniyas as cages for Dragons housing vast populations, and discusses Deep Time where communities leap forward generations. Space habitation and digital existence are normalized across the solar system.","The chapter explicitly names competing factions: Gomelez family, masrurs, zoku agents, Sobornost copyclans (hsien-kus, sumangurus, pellegrinis, vasilevs), and the Aun. Dunyazad is revealed as possibly working with the zoku against Sobornost.","The chapter centers on political maneuvering: Cassar Gomelez discusses diplomatic strategy with the Sobornost, Dunyazad manipulates Tawaddud for espionage, and Sumanguru reveals Sobornost political history. Every scene involves political calculation.","The chapter is focused on civilian politics, family dynamics, and diplomacy. Sumanguru's military background and the Cry of Wrath are referenced, but the primary action is political intrigue within a civilian household.","Sumanguru describes guberniyas as virtual machines boxing off Dragons, gogols operating within mindshells and metaselves like layers of an onion. The Sobornost domain is characterized as nested digital environments rather than physical territory.","The environment features wildcode that mutated Kafur's body, the athar as a pervasive digital overlay, Sobornost bodies with sub-skin machinery, and zoku technology implants. Human bodies are constantly interfaced with or challenged by technology."
Finland,The Fractal Prince,Chapter 17,Moderate contestation (ongoing rivalry/disputes),Extensive territorial occupation (many settled worlds/regions held like states or empires),"Long-distance journey (years, major separation from Earth)",Radically different / alien social order,"Mostly same, with dialect/slang differences",Nearly uninhabitable / lethal without major intervention,Normalized / widespread (space habitation is ordinary for humanity),"Highly fragmented political landscape (multipolar with many factions, corporations, colonies, microstates)",Adventure / exploration,Mixed civilian-military domain,Like the frontier / colonial expansion,Radically non-Earth-like (physics/environment fundamentally unlike Earth experience),"Mieli arrives at Earth and encounters the Gourd being built around it, with Sobornost machines eating the Moon. Tensions between Oortians, Sobornost factions, and mercenary companies are present but no active fighting occurs in this chapter.","The chapter describes Oortian kotos in the Kuiper belt, Jovian polises, the zoku, Sobornost guberniyas planet-sized, and the Gourd being built around Earth. Multiple civilizations occupy permanent territories across the entire solar system.","Mieli and Sydän's backstory describes traveling from the Oort Cloud through the Highway manifold, past the Kuiper Belt, to Venus and eventually Earth. This represents a journey spanning the entire solar system over significant time.","Oortian culture features ice-shaping with vaki, ancestor spirits as phonons, Great Works as coming-of-age rituals, and myths about Earth as a burning place of pain. The kotos live in vacuum with secondskins and algae-based life support.","Mieli communicates with the mercenary recruiter and Perhonen in a shared language. Oortian terminology like vaki, koto, and koito-specific cultural references represent dialect differences rather than separate languages.","The Oortian environment requires secondskins and vacuum suits for survival. Earth is surrounded by the Gourd and described as terrifying. Mieli spent her life in vacuum, and the wildcode desert on Earth requires special protection.","Mieli grew up in the Oort Cloud, builds ice habitats as a coming-of-age ritual, and Sydän dreams of visiting Venus and Earth as tourism. Multiple civilizations across the solar system treat space habitation as ordinary.","The chapter names Oortian kotos, Sobornost copyclans (hsien-kus, vasilevs), Jovian polises, zoku, mercenary companies like the Teddy Bear Roadside Picnic Company, and the muhtasib families of Sirr. The political landscape is extremely fragmented.","The chapter follows Mieli's journey from Oort to Earth, with flashbacks to building the Chain and exploring the solar system with Sydän. The tone is one of exploration and arriving at a new, mysterious destination.","Mieli arrives at Earth as a mercenary seeking employment, docking at a military mercenary hub within the Gourd. The chapter blends civilian backstory of ice-building with military preparation for the desert mission.","The Oortian kotos are described like frontier settlements, building habitats from ice in the darkness. Mieli arrives at Earth as a mercenary frontiersman. The Sobornost is expanding its Gourd around Earth like colonial infrastructure.","The chapter depicts life in the Oort Cloud in vacuum with ice habitats, zero-gravity gardens, and secondskins. The Gourd around Earth is over 100,000 km in diameter. The Silver Road from Earth to the Moon represents fundamentally non-Earth-like physics."
Finland,The Fractal Prince,Chapter 18,High contestation (frequent conflict or strategic struggle),Extensive territorial occupation (many settled worlds/regions held like states or empires),"Long-distance journey (years, major separation from Earth)",Radically different / alien social order,Translation-mediated communication (universal translator / communication tech makes language difference irrelevant),Harsh and resource-intensive,Normalized / widespread (space habitation is ordinary for humanity),"Highly fragmented political landscape (multipolar with many factions, corporations, colonies, microstates)",Adventure / exploration,Mostly civilian with some military presence,Like cyberspace / networked or abstract domain,Radically non-Earth-like (physics/environment fundamentally unlike Earth experience),"Jean infiltrates hsien-ku systems disguised as Sumanguru, manipulating and threatening them. The Pellegrini takes over Gourd systems. The backstory shows Jean recruiting Chen for revolutionary activities. Strategic deception pervades every interaction.","The Gourd array around Earth houses the hsien-ku ancestor virs simulating all of human history. The Sobornost controls guberniyas, and Jean references multiple settled locations including Mars, Earth, and Venus. Territory is held across the system.",Jean has traveled from deep space to the Gourd around Earth as a compressed thoughtwisp. The ancestor vir spans centuries of simulated time. The chapter references events across millennia and vast distances.,"The hsien-ku operate ancestor virs simulating all of human history, spawning and erasing entire simulated worlds. Jean navigates a 4D interface, and the blat system replaces market economics within Sobornost. Society is fundamentally post-human.","Jean communicates within simulated historical environments (1990s Vienna, pre-Collapse Paris) through technologically mediated virs. The hsien-ku physics engine translates everything, and a mysterious masked girl communicates across the 4D ancestor space.","Operating within the hsien-ku virs requires maintaining elaborate disguises and risking detection. Jean's real body situation is precarious, and the Pellegrini must hack the Gourd's systems. Survival depends on complex technological manipulation.","The Gourd around Earth is an enormous inhabited structure, hsien-kus maintain vast ancestor simulation systems, and Jean casually moves through Sobornost networks. Living in space-based digital infrastructure is completely normalized.","The chapter features hsien-ku copyclans, the Pellegrini faction, sumangurus, chens, vasilevs, zoku, and pre-Collapse corporations like Jannah. Political tensions between pellegrinis and vasilevs are mentioned, and the hsien-ku plays blat games.","Jean infiltrates the hsien-ku ancestor virs in a heist-like investigation, exploring simulated historical Paris to find clues about Chen's childhood upload. The chapter reads as a detective adventure through digital history.","The chapter focuses on Jean's civilian espionage within academic hsien-ku ancestor virs. The sumanguru disguise implies military authority, but the actual activities are investigation and social engineering rather than combat.","The entire chapter takes place within digital simulations: a Viennese cafe vir, a 4D ancestor simulation, and simulated 2060s Paris. Jean exists as a bodiless ghost navigating networked virtual environments. Space is characterized as a digital domain.","Jean operates as a bodiless entity in a 4D ancestor vir with time as a navigable dimension. The Gourd is an enormous structure around Earth. The physical environment is entirely virtual, with simulated realities that can be spawned and erased at will."
Finland,The Fractal Prince,Chapter 19,High contestation (frequent conflict or strategic struggle),Habitable and governable (permanent settlements can hold territory),Other / Unsure,Radically different / alien social order,Shared lingua franca plus local variation,Harsh and resource-intensive,Normalized / widespread (space habitation is ordinary for humanity),"Highly fragmented political landscape (multipolar with many factions, corporations, colonies, microstates)",Adventure / exploration,Mostly civilian with some military presence,Like cyberspace / networked or abstract domain,Very different (human bodies/technology constantly challenged),"Tawaddud and Sumanguru (Jean in disguise) sneak out of the Gomelez palace, evade jinni surveillance, and seek the Axolotl at the Palace of Stories. The chapter involves espionage, deception, and the ongoing political conspiracy around Dunyazad's betrayal.","Sirr is shown as a complex vertical city with Shards, tram systems, the Palace of Stories underground, and established governance. The city is a permanent, governed settlement with extensive infrastructure.","The chapter is set entirely on Earth in Sirr. Jean communicates briefly with Perhonen in the Gourd, but the narrative is grounded on Earth with no space travel depicted.","The Palace of Stories is an underground world where forbidden stories are traded, jinni take forbidden female forms, body thieves operate, and entwinement is performed. Kafur's wildcode-ravaged face and the masked society represent a radically alien social order.","Characters communicate in a shared language, but Secret Names function as specialized commands. The Palace of Stories trades in stories and Names as currency, representing a distinct cultural-linguistic system alongside common speech.",Climbing the outside of the Shard exposes them to wildcode that causes sparks in Jean's vision and damages his body. His q-tool dies from wildcode corruption. Survival outside the city's protections requires special gear and medicines.,Jean casually communicates with Perhonen in orbit and references his instantiation from Gourd systems. The Sobornost presence around Earth and space-based infrastructure are treated as normal background elements.,"The chapter features the Gomelez family, Banu Sasan underground society, the Palace of Stories community, jinni factions, masrurs, Repentants, and Sobornost. Kafur runs an independent domain, and Tawaddud navigates between all these groups.","The chapter follows an adventurous nighttime descent down the Shard, evasion of surveillance, and exploration of the underground Palace of Stories. The tone combines heist elements with exploration of a hidden underworld.","The Palace of Stories is a civilian underground establishment. Jean carries a Sobornost mind-bullet weapon, and the masrurs are mentioned as attacking soul trains, but the chapter focuses on civilian social dynamics and investigation.",Tawaddud uses Secret Names to duplicate athar signatures and deceive jinni surveillance. The Palace of Stories trades in digital entities and forbidden data. The athar functions as a pervasive network layer that must be navigated and manipulated.,"Wildcode actively attacks Jean's body during the climb, corrupting his technology and causing neurological effects. Kafur's face has been destroyed by wildcode infection. Earth's environment constantly challenges human biology through pervasive nanotechnology."
Finland,The Fractal Prince,Chapter 20,Moderate contestation (ongoing rivalry/disputes),Extensive territorial occupation (many settled worlds/regions held like states or empires),"Extreme / effectively unreachable (generational, completely separate, or one-way-feeling distance)",Radically different / alien social order,"Mostly same, with dialect/slang differences",Nearly uninhabitable / lethal without major intervention,Normalized / widespread (space habitation is ordinary for humanity),"Highly fragmented political landscape (multipolar with many factions, corporations, colonies, microstates)",Drama,Mostly civilian with some military presence,Totally unique domain,Radically non-Earth-like (physics/environment fundamentally unlike Earth experience),The chapter depicts the rivalry between Oortian culture and Sobornost ideology through Mieli and Sydän's journey. The Bekenstein quake shows Sobornost consuming cities and minds. Sydän's defection to the Sobornost represents an ideological contest.,"The chapter spans Venus with its wind cities and guberniya-sized constructs, the Oort Cloud with its kotos, and references to the Belt, Jupiter, Saturn, and the Oubliette on Mars. Civilizations hold territory across the entire solar system.","Mieli and Sydän travel from the Oort Cloud to Venus, a journey of light-hours taking months. The distances are so vast that Oortians mythologize Earth. The journey represents extreme separation from their home.","Amtor City on Venus is a bubble city riding hot winds 50 km above the surface, where godlings fly naked in acid clouds and pilgrims come to be uploaded into Sobornost singularities. Oortian culture with its ice-shaping and ancestor spirits is equally alien.","Mieli and the grey-haired boy communicate easily, as do Mieli and Sydän. Oortian terms like vaki, koto, and secondskin represent cultural vocabulary differences rather than separate languages. The Pellegrini speaks the same language.","Venus has three-hundred-mile winds, searing heat, and sulfuric acid clouds. The Bekenstein quake collapses matter into a black hole that destroys the landscape. Mieli suffers compound fractures, a punctured lung, and internal bleeding from the blast.","Wind cities on Venus host pilgrims and posthumans from across the solar system. Amtor City floats in the atmosphere as a functioning civilization. Oortians travel to the Inner System, and guberniyas are planet-sized inhabited constructs.","The chapter features Oortian kotos, Venusian godlings, Sobornost guberniyas, the Pellegrini as a ruling goddess, zoku from Jupiter and Saturn, Belt communities, and the Oubliette on Mars. Multiple independent polities coexist.","The chapter is an emotionally intense love story: Mieli and Sydän's relationship, Sydän's betrayal and sacrifice to the Sobornost singularity, and Mieli's desperate deal with the Pellegrini to get her back. The drama of loss drives the narrative.","The chapter focuses on the civilian experiences of love, pilgrimage, and personal loss. The Sobornost's Bekenstein quake is a technological-religious event rather than military. Mieli's mercenary service is referenced but occurs offscreen.","Venus with its wind cities, Bekenstein quakes creating black holes, and the Pellegrini's temple on a metallic plain defy conventional domain analogies. Space here is characterized by physics-defying phenomena unique to this far-future setting.","Venus features 300-mph winds, sulfuric acid atmosphere, and cities floating 50 km up. A Bekenstein quake collapses matter to Planck scale, creates a black hole, and triggers a planetary-scale explosion. The physics are fundamentally unlike Earth."
Finland,The Fractal Prince,Chapter 21,Moderate contestation (ongoing rivalry/disputes),Extensive territorial occupation (many settled worlds/regions held like states or empires),Moderate journey (months/meaningful separation),Radically different / alien social order,Shared lingua franca plus local variation,Harsh and resource-intensive,Normalized / widespread (space habitation is ordinary for humanity),"Highly fragmented political landscape (multipolar with many factions, corporations, colonies, microstates)",Thriller / Horror / Survival,Mostly civilian with some military presence,Like cyberspace / networked or abstract domain,Radically non-Earth-like (physics/environment fundamentally unlike Earth experience),"Tawaddud navigates tensions between Sirr factions, the Sobornost, and desert jinni. The Axolotl reveals that a muhtasib (Abu Nuwas) conspired with Sobornost against Sirr, and jinn insurgents (masrurs) fight Sobornost machines in the desert.","The chapter references Sobornost machines across the desert, the Station above Sirr, and the broader System. The Sobornost seeks to upload Earth while Sirr maintains its own territory, indicating extensive occupation across regions.","Tawaddud mentions the possibility of being taken to the Station for cleaning up, and the Sobornost operates from orbital infrastructure, suggesting meaningful but not extreme separation between Earth and space.","Sirr's culture revolves around Secret Names, entwinement with jinni, wildcode deserts, and body thieves. The Sobornost represents uploaded consciousness collectives. Both are fundamentally unlike any Earth society.","Characters from Sirr and Sobornost communicate directly, but Sirr has unique terminology (Secret Names, athar, sobors, Seals) and the desert voices speak in languages Tawaddud does not understand.","Tawaddud must expose herself to wildcode to reach the Axolotl, requiring protective jinni and strong Seals. The wildcode desert is dangerous with predatory jinni, and survival requires constant protective measures.","The Sobornost operates vast orbital infrastructure, and uploaded minds inhabit digital spaces throughout the System. Living in space or in uploaded form is ordinary for this civilization.","This chapter features Sirr's muhtasib families, the Sobornost branches (hsien-kus), desert jinni factions (masrurs), the Aun, and independent actors like Abu Nuwas, all competing for influence.","Tawaddud undergoes a harrowing immersion in wildcode to contact the Axolotl, is attacked by wild jinni, and then is ambushed and betrayed by Abu Nuwas and Kafur. The chapter is driven by tension and danger.","The chapter focuses on civilian power struggles, gogol trade, and personal relationships. While Sobornost has military capability, the immediate action involves civilian actors like merchants, muhtasibs, and body thieves.","Tawaddud enters a networked wildcode realm to communicate telepathically with the Axolotl, navigating a galaxy-like spiderweb of light. Space and the digital domain are deeply intertwined through athar and entwinement.","The wildcode desert is a nanotechnology-saturated environment where minds can be transmitted as stories, jinni exist as digital entities in physical substrates, and the boundary between physical and virtual reality is dissolved."
Finland,The Fractal Prince,Chapter 22,High contestation (frequent conflict or strategic struggle),Extensive territorial occupation (many settled worlds/regions held like states or empires),"Extreme / effectively unreachable (generational, completely separate, or one-way-feeling distance)",Radically different / alien social order,Translation-mediated communication (universal translator / communication tech makes language difference irrelevant),Manageable but risky,Normalized / widespread (space habitation is ordinary for humanity),"Highly fragmented political landscape (multipolar with many factions, corporations, colonies, microstates)",Political / diplomatic,Mixed civilian-military domain,Like cyberspace / networked or abstract domain,Radically non-Earth-like (physics/environment fundamentally unlike Earth experience),"The Pellegrini and Chen discuss internal Sobornost conflict. Anton and Hsien are trying to kill Pellegrini, Chen refuses to intervene to avoid civil war, and the zoku are watching for weakness. Strategic struggle pervades the entire conversation.","Chen is described as the Prime, the voice of a billion gogols, keeper of the Plan, with guberniyas and massive infrastructure. The Sobornost holds territory across the System like an empire.",The conversation takes place in virtual reality spaces (virs) between entities separated across vast distances in the solar system. The scale of the Sobornost spans the entire System.,"The Sobornost Founders are god-like uploaded beings who exist as billions of gogol copies, communicate through virtual reality temples, and pursue the Great Common Task of conquering death. This is utterly alien to Earth society.","The Pellegrini and Chen communicate through virtual reality interfaces across vast distances. Their interaction is entirely mediated by technology, making physical language irrelevant.","For the Sobornost Founders, space is manageable through their vast technology, but internal political threats and the zoku make survival risky. The Pellegrini faces assassination by rival branches.",Billions of gogols inhabit virtual spaces throughout the System. Space habitation in digital form is completely normalized for the Sobornost civilization.,"The chapter reveals internal Sobornost factions (Pellegrini, Chen, Anton, Hsien), the independent zoku civilization, and references to the Kaminari. Multiple competing powers exist.","The entire chapter is a political negotiation between two Sobornost Founders, discussing alliances, betrayals, civil war risks, and strategic positioning against the zoku.","The Sobornost combines civilian governance with military capability. Chen discusses sacrificing gogols and managing threats from the zoku, blending civilian administration with strategic military considerations.","The entire interaction occurs in virtual reality spaces (virs). The Sobornost operates as networked consciousness across the System, and power is exercised through digital infrastructure.","The Founders exist as uploaded minds in virtual environments, viewing the firmament from god-views, inhabiting memory-constructed virs. Physical reality is entirely transcended."
Finland,The Fractal Prince,Chapter 23,High contestation (frequent conflict or strategic struggle),Extensive territorial occupation (many settled worlds/regions held like states or empires),Moderate journey (months/meaningful separation),Radically different / alien social order,Shared lingua franca plus local variation,Harsh and resource-intensive,Normalized / widespread (space habitation is ordinary for humanity),"Highly fragmented political landscape (multipolar with many factions, corporations, colonies, microstates)",Thriller / Horror / Survival,Mixed civilian-military domain,Like cyberspace / networked or abstract domain,Radically non-Earth-like (physics/environment fundamentally unlike Earth experience),"Abu Nuwas betrays Tawaddud, the hsien-ku faction moves to obtain the Chen gogol for blackmail, Jean le Flambeur plays multiple sides, and violent conflict erupts when Tawaddud uses a Secret Name to kill the hsien-ku embodiment.","The hsien-ku discusses plans to make Earth theirs, deal with their sister (Pellegrini), and use the chen gogol as currency. The Sobornost holds territory across the System.","Jean le Flambeur transmits himself from Sirr to orbit via the Gourd communication systems in a burst of modulated neutrinos, then is in his old body in the main cabin. The separation between Earth and orbit is meaningful but bridgeable.","Mind surgery on captured gogols, body theft via Secret Names, uploading consciousness through scan beams, and the entwinement between human and jinn minds represent a completely alien social order.","Characters from Sirr, Sobornost, and the thief all communicate, but Sirr uses unique Secret Names with transformative power, and Sobornost has its own terminology for mind operations.","The wildcode desert threatens anyone who ventures out, mind surgery is used as torture, and survival requires navigating between multiple hostile factions. The environment is dangerous for both body and mind.","Jean transmits himself to orbit casually, the Sobornost operates vast orbital infrastructure, and gogol existence in digital spaces is routine throughout the System.","The hsien-ku branch, the Pellegrini, Abu Nuwas as independent agent, Sirr's muhtasib families, the vasilevs, and the Engineer's Hunter all represent competing factions with different agendas.","The chapter features betrayal, torture of the Axolotl gogol causing Tawaddud agony through entwinement, violent killing of the hsien-ku, a desperate escape through a shattered window, and Tawaddud holding a gun to her own head.","The chapter mixes civilian intrigue (gogol trade, political manipulation) with military elements (barakah guns, mercenaries, the Hunter). Both civilian and military actors drive the conflict.","Mind surgery on gogols, consciousness transmission via neutrinos, entwinement between minds, and Secret Names that reprogram brains all characterize space and conflict as operating in a networked, abstract domain.","Minds are transmitted as neutrino bursts, Secret Names can overwrite consciousness, and the boundary between physical and digital existence is fluid. The environment is fundamentally unlike Earth."
Finland,The Fractal Prince,Chapter 24,High contestation (frequent conflict or strategic struggle),Extensive territorial occupation (many settled worlds/regions held like states or empires),Moderate journey (months/meaningful separation),Radically different / alien social order,Shared lingua franca plus local variation,Extremely hostile (constant survival pressure),Normalized / widespread (space habitation is ordinary for humanity),"Highly fragmented political landscape (multipolar with many factions, corporations, colonies, microstates)",Military / war,Mixed civilian-military domain,Like the frontier / colonial expansion,Radically non-Earth-like (physics/environment fundamentally unlike Earth experience),"Mieli fights jinn storms and chimera creatures protecting a soul train, her comrade Stanka is body-thieved and attacks her, and the chapter ends with mercenary companies being recruited by Abu Nuwas for a military campaign into the desert.","The Sobornost Gourd orbits above, mercenary companies operate from bases near Sirr, the wildcode desert contains fallen Sobornost oblasts now overgrown, and references to the Belt and Oort indicate widespread occupation.","Mieli communicates with Perhonen through a neutrino link from Earth's surface to orbit, and the thief is in orbit. The separation is meaningful but communication is possible, though difficult in the desert.","Mercenary companies with posthuman warriors, ursomorph bear-women, Fast Ones as scouts, soul trains carrying harvested consciousness, and gogol trade represent a completely alien social order.","Mieli (from Oort), Stanka (from the Belt), Abu Nuwas (from Sirr), and Odyne (from the Belt) all communicate, but each brings distinct cultural terminology and Sirr has its own Secret Names and athar language.","The wildcode desert infects technology, body thieves can overwrite minds through written messages, jinn storms attack convoys, and chimera creatures swarm. Stanka is body-thieved and Mieli must kill her to survive.","Mieli is from Oort, Stanka from the Belt, mercenaries come from across the System. Living in space habitats, on asteroids, and in orbital structures is completely ordinary.","Mercenary companies (Teddy Bears and ten others), muhtasib families of Sirr, Sobornost branches, Abu Nuwas's independent fleet, and desert jinni factions all operate as separate political entities.","The chapter is dominated by military action: protecting soul trains, combat against chimera and jinn storms, mercenary operations, and the mustering of a massive mercenary fleet for Abu Nuwas's campaign.","Mercenary companies protect civilian soul trade, Abu Nuwas is a civilian merchant commanding military forces, and Mieli operates as a warrior while Perhonen handles civilian negotiations with the Pellegrini.","The wildcode desert is treated like a frontier with soul trains, mercenary escorts, and resource extraction from hidden jannahs. The language of the desert, convoys, and armed companies evokes colonial frontier expansion.","The wildcode desert assembles matter into unnatural configurations, creates smiling faces from sand grains, and infects all technology. Fallen Sobornost craft are overgrown with strange twisted vegetation. The environment is fundamentally alien."
Finland,The Fractal Prince,Chapter 25,High contestation (frequent conflict or strategic struggle),Extensive territorial occupation (many settled worlds/regions held like states or empires),Moderate journey (months/meaningful separation),Radically different / alien social order,Shared lingua franca plus local variation,Harsh and resource-intensive,Normalized / widespread (space habitation is ordinary for humanity),"Highly fragmented political landscape (multipolar with many factions, corporations, colonies, microstates)",Political / diplomatic,Mostly civilian with some military presence,Like cyberspace / networked or abstract domain,Radically non-Earth-like (physics/environment fundamentally unlike Earth experience),"Tawaddud faces a Council trial for murder, Abu Nuwas commands a mercenary army heading to the Lost Jannah, and the hsien-ku threaten total annexation of Earth. The entire chapter is about strategic struggle for Sirr's survival.","The Sobornost is described as having the full might to end Sirr in hours or minutes, operating from orbital infrastructure. Sirr itself holds territory through its Shards and desert, and references to Supra City indicate widespread settlement.",The Sobornost operates from orbital infrastructure above Earth while Sirr exists on the surface. The separation is meaningful enough that the hsien-ku previously dealt through intermediaries rather than direct force.,"Sirr's Council governs through muhtasib families, qarin jinni grafted to children, Secret Names embedded in financial systems, and the Aun as story-beings in the desert. This is utterly unlike any Earth society.","Council members, muhtasibs, and references to Sobornost and zoku all share communication, but Sirr's unique vocabulary of sobors, Seals, athar, and Secret Names represents significant local variation.","Sirr survives by trading souls to Sobornost, the wildcode desert is deadly, and the city requires constant muhtasib vigilance. Dunyazad describes the muhtasib system as monstrous but necessary for survival.","References to Supra City (zoku), the Sobornost's System-wide presence, and the Gourd infrastructure indicate that space habitation is completely normalized across human civilization.","The Council itself contains competing houses (Gomelez, Soarez, Ugarte, Uzeda), plus external factions including the zoku (Supra City), multiple Sobornost branches, and Abu Nuwas's mercenary force.","The chapter centers on Tawaddud's trial before the Council, Dunyazad's political maneuvering for a zoku alliance, and the revelation of Abu Nuwas's conspiracy embedded in Sirr's financial system.","The chapter is dominated by civilian political proceedings: a Council trial, family politics, and diplomatic strategy. Military elements are referenced (Abu Nuwas's mercenaries) but are offstage.","Abu Nuwas's conspiracy was embedded in the financial flow of the city's athar network, visible only to muhtasibs who perceive the digital layer. Power operates through networked systems of Seals and sobors.","The wildcode desert is visible as a Sun-like surface of aerovore formations in athar view, Secret Names can be embedded in economic systems, and muhtasibs perceive reality through a dual physical-digital existence."
Finland,The Fractal Prince,Chapter 26,Total war / constant conflict,Extensive territorial occupation (many settled worlds/regions held like states or empires),Moderate journey (months/meaningful separation),Radically different / alien social order,Shared lingua franca plus local variation,Extremely hostile (constant survival pressure),Normalized / widespread (space habitation is ordinary for humanity),"Highly fragmented political landscape (multipolar with many factions, corporations, colonies, microstates)",Military / war,Mostly military,Like the air / airpower,Radically non-Earth-like (physics/environment fundamentally unlike Earth experience),"Mieli commands an army of her own copies that falls from orbit, destroys Abu Nuwas's mercenary fleet, fights through the wildcode desert's defenses, and storms the Lost Jannah. Hundreds of her copies die in constant combat.","The Pellegrini has inserted herself into the Gourd systems, the hsien-ku built gogol factories throughout orbital infrastructure, and Mieli claims the jannah in the name of the Pellegrini. Territory is held across orbital and planetary scales.","Mieli's copies descend from orbit to Earth's surface, entering the atmosphere in thousands. The Gourd orbital infrastructure is close enough for an orbital hook extraction, indicating meaningful but bridgeable distance.","Mieli multiplies herself into thousands of copies who fight and die willingly, the Aun appear as story-beings (Chimney Princess, Green Soldier, lightkraken), and the jannah contains an ancient uploaded child-consciousness of Matjek Chen.","Mieli, Abu Nuwas, the Pellegrini, and Perhonen all communicate, but Mieli sings songs of Oort, the Aun speak in their own mythic register, and Sirr's Secret Names have unique power.","The wildcode desert kills Mieli's copies through infection, chimera beasts tear them apart, the jannah's towers become nightmare worms, and some copies self-destruct before wildcode turns them against their sisters.","The Pellegrini operates from orbital temples, Mieli's copies are manufactured in orbital Gourd facilities, and the entire conflict spans orbital and planetary domains as routine infrastructure.","The Pellegrini seizes hsien-ku infrastructure, Abu Nuwas commands an independent mercenary fleet, the Aun guard the jannah, and multiple Sobornost branches compete. Power is deeply fragmented.","The chapter is an extended battle sequence: thousands of Mieli copies descend from orbit, destroy the mercenary fleet, fight through desert defenses, and storm the jannah. It is pure military action.","The entire chapter is a military operation: orbital assault, fleet destruction, ground combat through the jannah city, and extraction via orbital hook. Every scene involves combat or military planning.","Mieli's army descends from orbit like an airborne assault, the fractal angel storm cuts through the mercenary fleet from above, and the battle is characterized by aerial superiority and descent from the sky.","The wildcode desert's towers transform into worm-creatures, chimera beasts have sapphire carapaces, and the jannah contains an ancient vir where a boy plays on a beach inside a buried facility a kilometre underground."
Finland,The Fractal Prince,Chapter 27,Total war / constant conflict,Extensive territorial occupation (many settled worlds/regions held like states or empires),"Extreme / effectively unreachable (generational, completely separate, or one-way-feeling distance)",Radically different / alien social order,Translation-mediated communication (universal translator / communication tech makes language difference irrelevant),Extremely hostile (constant survival pressure),Normalized / widespread (space habitation is ordinary for humanity),"Highly fragmented political landscape (multipolar with many factions, corporations, colonies, microstates)",Thriller / Horror / Survival,Mostly military,Like cyberspace / networked or abstract domain,Radically non-Earth-like (physics/environment fundamentally unlike Earth experience),"A chen guberniya approaches Earth with a Hawking drive, the Pellegrini's copies battle hsien-kus throughout the Gourd, the Hunter attacks Perhonen, and Jean and the ship are destroyed diving into Earth's atmosphere.",A guberniya (major Sobornost megastructure) surrounded by countless raions and oblasts approaches Earth. The Gourd boils with conflict. The scale of territorial occupation spans the entire solar system.,"The guberniya has been approaching for days using a Hawking drive, lighting up half the solar system. The scale of the approaching megastructure and the System-wide conflict suggest extreme distances.","Jean argues with Mieli about the ethics of implanting himself into Chen's consciousness, the Pellegrini controls Mieli through pain, and Perhonen sacrifices itself. The social dynamics of uploaded minds, enslaved warriors, and sentient ships are completely alien.","Jean, Mieli, Perhonen, and the Pellegrini all communicate through neural links and metacortex interfaces. The ship communicates telepathically. All communication is technology-mediated.","The Hunter tears Perhonen apart, wildcode infects everything entering the atmosphere, and Jean and Perhonen are destroyed. Mieli is ejected into vacuum. Survival pressure is constant and lethal.","The conflict spans orbital space, the Gourd, and Earth's atmosphere. Guberniyas house millions, and the characters live in space as a matter of course.","The Pellegrini fights the hsien-kus, the vasilevs are allied against her, Chen approaches with his guberniya, the Hunter operates independently, and the zoku remain a separate power. The landscape is deeply fragmented.","The chapter builds intense tension as Jean and Mieli argue about ethics while doom approaches, then the Hunter attacks and destroys Perhonen. The chapter ends with Jean being burned alive atom by atom.","The Gourd is consumed by conflict, the Hunter attacks as a weapon, Perhonen uses antimatter engines in a desperate escape, and the entire chapter is framed by approaching military megastructures.","The Pellegrini's copies fight through the Gourd's digital infrastructure, Jean's mind contains hidden programs (the All-Defector), and the conflict operates simultaneously in physical and virtual domains.","A guberniya megastructure lights up half the solar system with its Hawking drive, the Hunter uses knife-things and beams of light, and wildcode transforms everything entering the atmosphere."
Finland,The Fractal Prince,Chapter 28,High contestation (frequent conflict or strategic struggle),Extensive territorial occupation (many settled worlds/regions held like states or empires),"Extreme / effectively unreachable (generational, completely separate, or one-way-feeling distance)",Radically different / alien social order,Shared lingua franca plus local variation,Extremely hostile (constant survival pressure),Normalized / widespread (space habitation is ordinary for humanity),"Highly fragmented political landscape (multipolar with many factions, corporations, colonies, microstates)",Drama,Mixed civilian-military domain,Like cyberspace / networked or abstract domain,Radically non-Earth-like (physics/environment fundamentally unlike Earth experience),"The All-Defector is revealed inside Jean's mind, consuming Matjek Chen's consciousness. Chen has sent Dragons to eat Earth, and the Pellegrini and Chen engage in a strategic battle of wits over the Kaminari jewel.","Chen's guberniya surrounds them, he commands billions of gogols, and Earth is shown ablaze with white fire and the Gourd torn apart. The Sobornost's territorial control is vast and empire-like.",The dream vir shows Earth ablaze and the guberniya's huge diamond eye in the sky. Chen's childhood backstory takes place in a pre-Collapse Earth that is effectively a different world entirely from the current setting.,"Chen created the Aun and the Dragons, exists as a Prime consciousness commanding billions of copies, and his childhood involved imaginary friends that became real entities. The social order is utterly transhuman.","Jean, Matjek, and Joséphine communicate in a shared vir, but the backstory reveals beemee technology, watsons, and imaginary friends as cultural concepts unique to the pre-Collapse world.","Chen sends Dragons to eat Earth, the guberniya tears the Gourd apart, and the All-Defector consumes Chen's mind. The environment is existentially hostile on a planetary scale.","The guberniya is a massive space habitat, the characters exist in virtual environments within it, and Chen's pre-Collapse Earth already had orbital space stations for beemee stunts.","Chen, the Pellegrini, the zoku (via the Kaminari jewel), the Aun, and the All-Defector all represent distinct factions. Even within Sobornost, the Founders are at odds.",The chapter combines Chen's emotional backstory about childhood loss and the desire to conquer death with the dramatic revelation of the All-Defector hidden inside Jean. It is character-driven drama about identity and mortality.,Chen deploys Dragons as weapons while the chapter focuses on personal histories and psychological manipulation. The military action (Dragons eating Earth) serves a civilian objective (obtaining his past self).,"The entire chapter takes place in nested virtual realities (vir within a vir within a vir), the All-Defector operates as a hidden program within Jean's mind, and Chen's power operates through digital consciousness networks.","Nested virtual realities, consciousness-consuming entities (Dragons and All-Defector), and a guberniya megastructure that makes Earth burn with white fire represent an environment fundamentally unlike Earth."
Finland,The Fractal Prince,Chapter 29,Total war / constant conflict,Extensive territorial occupation (many settled worlds/regions held like states or empires),Moderate journey (months/meaningful separation),Radically different / alien social order,Shared lingua franca plus local variation,Nearly uninhabitable / lethal without major intervention,Normalized / widespread (space habitation is ordinary for humanity),"Highly fragmented political landscape (multipolar with many factions, corporations, colonies, microstates)",Thriller / Horror / Survival,Mostly civilian with some military presence,Like cyberspace / networked or abstract domain,Radically non-Earth-like (physics/environment fundamentally unlike Earth experience),"Meteors rain from the sky, Chen's guberniya looms larger than the moon, Dragons are eating the Aun and wildcode, and the earth shakes from orbital bombardment. This is total war against Earth.","Chen's guberniya dominates the sky, the Sobornost controls vast orbital infrastructure, and Sirr's desert territory is being consumed. The scale of territorial occupation is imperial.","The guberniya is now visible in Earth's sky, having arrived from across the system. The chapter focuses on Earth's surface and the immediate threat from orbit, with meaningful but now-closed separation.","The Gomelez family's secret involves a pact with the Aun (story-beings), muhtasibs carry grafted qarin jinni from childhood, and Cassar confesses his family's worship of ancient narrative entities. This is completely alien.","Tawaddud, Cassar, Dunyazad, and the Aun all communicate, but the Aun require true stories as payment and speak in mythic register. Secret Names have literal power in their shared language.","Dragons rain from the sky consuming everything, the Aun say they are being eaten and are powerless, and the earth shakes from orbital forces. Earth itself is becoming uninhabitable.","The guberniya in orbit houses a civilization, and the broader System supports widespread habitation. Even as Earth is destroyed, space habitation continues as normal elsewhere.","The Gomelez family, other Council houses, the Aun, the Sobornost under Chen, and the arriving man in the dark suit (Jean le Flambeur) all represent separate factions in this crisis.","The chapter depicts an apocalyptic crisis as Dragons consume Earth, the Aun despair, and Tawaddud desperately bargains for her city's survival. Hot winds and falling meteors create an atmosphere of horror and urgency.","Tawaddud, Cassar, and Dunyazad go to the desert as civilians to negotiate with the Aun. The military threat (Chen's Dragons) is external and offstage while the focus is on civilian diplomacy.","The Aun exist as story-beings woven into wildcode networks, and their power operates through narrative and consciousness rather than physical force. The domain of conflict is fundamentally abstract.","A guberniya larger than the moon hangs in the sky, Dragons (von Neumann machines) rain down consuming matter, and the Aun manifest as story-beings visible in the air. The environment is apocalyptically alien."
Finland,The Fractal Prince,Chapter 30,Total war / constant conflict,Extensive territorial occupation (many settled worlds/regions held like states or empires),"Extreme / effectively unreachable (generational, completely separate, or one-way-feeling distance)",Radically different / alien social order,Shared lingua franca plus local variation,Nearly uninhabitable / lethal without major intervention,Normalized / widespread (space habitation is ordinary for humanity),"Highly fragmented political landscape (multipolar with many factions, corporations, colonies, microstates)",Adventure / exploration,Mixed civilian-military domain,Like cyberspace / networked or abstract domain,Radically non-Earth-like (physics/environment fundamentally unlike Earth experience),"Jean and Perhonen crash through wildcode and Hunter attacks, Chen's Dragons consume Earth, and the resolution involves launching the people of Sirr in a nuclear-propelled spacecraft to escape total destruction.","The conflict spans Earth's surface, orbit, and the broader System. Jean references the coming war between Sobornost and zokus, and the resolution involves fleeing towards Saturn, indicating System-wide occupation.",Jean launches the ship of stories towards Saturn via the Highway at ten times escape velocity. Mieli is lost somewhere in space. The distances are extreme and the journey feels one-way.,"The people of Sirr are transformed into stories compressed into narrative seeds, living inside a vir that is a bookshop within a nuclear-propelled projectile. Jean is revealed to be part Aun, born from a book and a desert god.","Jean communicates with Tawaddud and the Aun, but the Aun speak as his siblings in a mythic register. Perhonen's last words come through butterfly avatars. Multiple modes of communication coexist.","Perhonen burns up entering the atmosphere, wildcode twists Jean's hands into sapphire claws, and the only salvation is converting everyone into stories and launching them in a nuclear cannon. Earth is being consumed.","The resolution involves launching minds into space in a projectile, and Jean plans to seek help at Saturn. Space habitation and travel remain normalized even amid catastrophe.","Jean references the coming conflict between Sobornost and zokus, the Aun operate independently, Sirr's people become refugees, and Jean seeks friends elsewhere. The political landscape remains deeply fragmented.","The chapter resolves with Jean and little Matjek steering the ship of stories towards Saturn, seeking friends and planning to rescue Mieli. It ends on a note of adventure and forward momentum.","The destruction is military (Dragons, the Hunter) but the resolution is civilian: saving people by transforming them into stories and launching them to safety. Both domains are fully intertwined.","The people of Sirr are compressed into stories, a narrative form of existence. Jean is revealed as part of the Aun network of story-beings. The domain of action is fundamentally abstract and narrative.","Earth is consumed by Dragons, minds are compressed into narrative seeds, and the escape vessel is a 3000-ton nuclear-propelled projectile containing a vir bookshop. The physical environment is completely unlike Earth."
Finland,The Fractal Prince,Epilogue,High contestation (frequent conflict or strategic struggle),Extensive territorial occupation (many settled worlds/regions held like states or empires),"Extreme / effectively unreachable (generational, completely separate, or one-way-feeling distance)",Radically different / alien social order,Translation-mediated communication (universal translator / communication tech makes language difference irrelevant),Nearly uninhabitable / lethal without major intervention,Normalized / widespread (space habitation is ordinary for humanity),"Highly fragmented political landscape (multipolar with many factions, corporations, colonies, microstates)",Thriller / Horror / Survival,Mixed civilian-military domain,Like cyberspace / networked or abstract domain,Radically non-Earth-like (physics/environment fundamentally unlike Earth experience),"The All-Defector consumes Chen's identity, the Pellegrini is manipulated by Jean's hidden calling card, Chen's guberniya eats Earth, and Mieli is left stranded in space with the Pellegrini raging inside her head.","Chen's guberniya orbits Earth, its tidal forces tear the Gourd apart, and it rains von Neumann machines onto the planet. A dark shell spreads over Earth's surface. The Sobornost occupies territory on a planetary scale.","Mieli is alone in the dark vacuum of space watching Earth being consumed. She is rescued by a zoku ship that arrives after what feels like an eternity, emphasizing the vast, isolating distances.","The All-Defector wears Chen's childlike shape with infinite hunger, the Kaminari jewel is a zoku artifact of space-time, and Mieli is rescued by zoku beings described as glittering wheels with faces like angels or tarot figures.","Mieli communicates with the zoku jewel through thought alone, and the Pellegrini speaks inside her head. All communication is technology-mediated through neural interfaces and jewel technology.","Mieli floats alone in vacuum, Earth is being consumed by von Neumann machines, continents change shape, and survival requires rescue by an alien zoku ship. The environment is lethal without intervention.","The zoku ship arrives to rescue Mieli, indicating that space-faring civilizations operate routinely. The guberniya, Gourd, and zoku vessels all represent normalized space habitation.","The All-Defector, the Pellegrini, the zoku rescuers, and Chen's guberniya all represent distinct factions. Jean's calling card hints at his continued independence. The landscape remains deeply fragmented.","Mieli watches helplessly as Earth is consumed, the Pellegrini threatens eternal torment, and Mieli floats alone in vacuum facing death. The atmosphere is one of horror and desperate survival before the zoku rescue.",Chen's military destruction of Earth contrasts with Mieli's personal survival and the zoku's apparently civilian rescue. The Pellegrini threatens Mieli while the All-Defector pursues its own agenda.,"The Kaminari jewel operates as an abstract key to Planck locks, the All-Defector is a consciousness-consuming program, and Jean's calling card dissolves like a dream. Power operates in abstract, information-based domains.","A guberniya's tidal forces tear apart orbital infrastructure, von Neumann machines reshape continents, and the zoku appear as glittering wheels with faces like miniature solar systems. The environment is utterly alien."
