country,book,chapter,q1,q2,q3,q4,q5,q6,q7,q8,q9,q10,q11,q12,q1_justification,q2_justification,q3_justification,q4_justification,q5_justification,q6_justification,q7_justification,q8_justification,q9_justification,q10_justification,q11_justification,q12_justification
Finland,The Quantum Thief,Chapter 01 - The Thief and the Prisoners Dilemma,Moderate contestation (ongoing rivalry/disputes),Extensive territorial occupation (many settled worlds/regions held like states or empires),"Extreme / effectively unreachable (generational, completely separate, or one-way-feeling distance)",Radically different / alien social order,"Mostly same, with dialect/slang differences",Manageable but risky,Normalized / widespread (space habitation is ordinary for humanity),"Highly fragmented political landscape (multipolar with many factions, corporations, colonies, microstates)",Adventure / exploration,Mostly civilian with some military presence,Like cyberspace / networked or abstract domain,Very different (human bodies/technology constantly challenged),"The Sobornost controls the Inner Solar System and runs the Dilemma Prison through Archons. Mieli and the pellegrini break Jean out against the Archons' will, and Archon bladeships pursue them, indicating ongoing rivalry between factions rather than total war.","The Sobornost is described as the upload collective that rules the Inner Solar System. Mieli comes from the Oort Cloud, and the Prison is a diamondoid torus nearly a thousand kilometers in diameter, indicating widespread permanent occupation of space.","The story takes place in a far-future solar system where Earth is a distant memory. The Prison is in the Neptunian Trojan belt, and characters reference old Earth as a historical artifact. The solar system is vast and humanity is spread across it.","Society has transformed completely: minds are uploaded and copied, prisoners play iterated game theory simulations, the Sobornost is a collective of uploaded minds, and Oortian culture has its own deities like Kuutar, Ilmatar, and the Dark Man. Nothing resembles Earth society.","Characters communicate in what appears to be a common language with specialized terminology like gevulot, gogol, and Sobornost vocabulary. Jean and Mieli converse easily, though Oortian and Sobornost cultures have distinct jargon.","Space travel requires sophisticated ships like Perhonen with life support, and vacuum is lethal. However, technology makes survival routine for those with proper equipment. Jean's new body functions in the ship, and the spidership provides habitable conditions.","Humanity has fully dispersed across the solar system. The Highway is described as a constant torrent of ships. There are Oortian communities, Sobornost guberniya worlds near the sun, and the Prison houses millions of minds. Living in space is completely normal.","Multiple distinct factions are named: the Sobornost upload collective, the Oortian cultures, the zoku, and various independent entities. The Sobornost itself has multiple Founders. Mieli serves a specific Sobornost goddess (the pellegrini) with her own agenda.","The chapter is a heist/adventure narrative: Jean le Flambeur is broken out of a virtual prison by Mieli for a mysterious theft mission. The tone combines action, wit, and intrigue as Jean escapes and begins a new caper.","The chapter focuses on a prison break and civilian characters. Mieli has military background from the Protocol War and the Archon bladeships pursue them, but the primary activities are civilian: theft, escape, and personal relationships.",Space is deeply intertwined with digital reality. The Prison is a virtual environment running game theory simulations. Jean's body contains proteomic computers and computronium. The spimescape provides an augmented information layer over physical space.,"The physical environment requires artificial bodies, spiderships with q-dot sails, and zero-gravity habitation. Jean's new body has diamond machines in its bones and proteomic tech in its cells. Weightlessness, vacuum, and the need for smartmatter habitats dominate."
Finland,The Quantum Thief,Chapter 02 - The Thief and the Archons,High contestation (frequent conflict or strategic struggle),Extensive territorial occupation (many settled worlds/regions held like states or empires),"Extreme / effectively unreachable (generational, completely separate, or one-way-feeling distance)",Radically different / alien social order,"Mostly same, with dialect/slang differences",Harsh and resource-intensive,Normalized / widespread (space habitation is ordinary for humanity),"Highly fragmented political landscape (multipolar with many factions, corporations, colonies, microstates)",Adventure / exploration,Mostly civilian with some military presence,Like cyberspace / networked or abstract domain,Very different (human bodies/technology constantly challenged),"The Archon bladeships aggressively pursue Perhonen with nanomissiles, forcing Mieli to destroy an asteroid with a strangelet bomb to escape. The combat is intense and strategic, with adaptive weapons and countermeasures.","The Highway is described as a sea of ships including zoku generation ships, Sobornost thoughtwisps, and calmships with green biomes inside. Multiple factions occupy and control different regions of the solar system.","The chapter ends with Jean and Mieli heading toward Mars via the Highway, a gravitational artery for long-distance travel. Earth is a distant historical reference. The solar system's scale is emphasized by lightsecond measurements between objects.","The Archon thinks in terms of game theory and turning matter into Prisons. The Sobornost Founders are god-kings with a trillion subjects. Mieli performs Oortian rituals with fabbed food. Society is built around uploaded minds, copyclans, and posthuman collectives.","Jean and Mieli communicate naturally in a shared language, but specialized terms pervade their speech: spimescape, q-dots, quptlink, copyfather, copybrothers. The Archon thinks in its own conceptual language about games and patterns.",The ship is nearly destroyed by nanomissile infection that turns matter into Prison-substance. Mieli must use a strangelet bomb on an asteroid to create a particle wind for propulsion. Survival in space requires constant technological intervention.,"The Highway teems with diverse ships: overclocked zoku generation ships, whalelike calmships with miniature suns, Sobornost thoughtwisps like fireflies. Living in space across the solar system is entirely ordinary for posthumanity.","The Highway hosts ships from multiple factions: zoku generation ships, Sobornost thoughtwisps, calmships. The Sobornost Founders are seven distinct entities whose faces adorn their ships. The pellegrini operates semi-independently.","The chapter is dominated by a thrilling space chase and Jean's clever trick to neutralize the Archon nanomissile using misdirection. It ends with the duo toasting and setting course for Mars, advancing the heist adventure plot.","The Archon pursuit involves military-grade weapons like nanomissiles and strangelet bombs, and Mieli uses combat autism. However, the protagonists are civilians on a theft mission, and the Highway is full of civilian traffic.","Jean defeats the Archon by trapping it in a simulated spimescape, exploiting inattentional blindness in Sobornost minds. Combat involves information warfare: nanomissiles that convert matter into virtual prison environments. The digital and physical are inseparable.",The ship reconfigures itself into a hard cone for combat. Jean gains root access to his body's diamond machines and proteomic tech to navigate zero-g and extract a nanomissile. The physical environment of space demands radical technological adaptation.
Finland,The Quantum Thief,Chapter 03 - The Detective and the Chocolate Dress,"Low contestation (minor competition, little open conflict)",Habitable and governable (permanent settlements can hold territory),"Long-distance journey (years, major separation from Earth)",Radically different / alien social order,"Mostly same, with dialect/slang differences",Manageable but risky,Normalized / widespread (space habitation is ordinary for humanity),"Highly fragmented political landscape (multipolar with many factions, corporations, colonies, microstates)",Adventure / exploration,Entirely civilian,Like cyberspace / networked or abstract domain,Moderately different (regular adaptation needed),"The chapter focuses on a gogol piracy case in the Oubliette, a relatively peaceful walking city on Mars. The conflict is criminal rather than military: a daughter helped pirates steal her father's mind. The tzaddik vigilantes maintain order.","The Oubliette is a permanent, self-governing walking city on Mars with its own political system (the Voice), economy (Time-based), and culture. Citizens live full lives cycling between Noble and Quiet states.",Mars is clearly separated from Earth by significant distance. The Oubliette is an independent society with its own culture. Earth is referenced historically but plays no active role. Offworlders are tourists who arrive via beanstalk.,"The Oubliette operates on cryptographic privacy (gevulot), shared exomemory, Time-based economy, and mandatory cycling between human life and machine labor as Quiet. Citizens have privacy senses. This social order is completely unlike Earth.","Characters speak a common language but with Oubliette-specific terminology: gevulot, exomemory, co-memory, blink, tzaddik, Noble, Quiet, Time. The specialized vocabulary reflects their unique social structures.","Life inside the Oubliette is comfortable and civilized, with shops, parks, and cafes. However, Mars itself requires quicksuits for surface excursions, and the city must constantly defend against phoboi. The environment is managed but not benign.","The Oubliette is a thriving city with shops, restaurants, parks, and a complex society. Offworlders visit as tourists. Living on Mars in walking cities is completely normal; the chapter depicts everyday urban life.",The Oubliette is self-governing with its own Voice democracy system. The zoku colony operates independently within the city. Sobornost agents (vasilevs) infiltrate. The tzaddikim are independent vigilantes. Multiple powers coexist.,"The chapter follows detective Isidore solving a murder-mystery involving gogol pirates, a chocolate dress encoding stolen mind data, and a dramatic confrontation with the killer. It reads as a detective adventure.","The chapter is entirely civilian: a detective investigating a crime, a chocolate shop, a family apartment, tzaddik vigilantes. There is no military presence or military framing of space.","The Oubliette runs on cryptographic protocols (gevulot), shared digital exomemory, and privacy encryption. Crime involves stealing minds through optogenetic uploads and encoding data in chocolate crystals. The domain is defined by information architecture.","Mars has lower gravity that old-timers struggle with, requires terraforming, and the city walks on robotic legs. The environment is livable but distinctly non-Earth: pale Martian light, thin atmosphere, and cherry trees on walking platforms."
Finland,The Quantum Thief,Chapter 04 - The Thief and the Beggar,"Low contestation (minor competition, little open conflict)",Habitable and governable (permanent settlements can hold territory),"Long-distance journey (years, major separation from Earth)",Radically different / alien social order,"Mostly same, with dialect/slang differences",Manageable but risky,Normalized / widespread (space habitation is ordinary for humanity),"Highly fragmented political landscape (multipolar with many factions, corporations, colonies, microstates)",Adventure / exploration,Entirely civilian,Like cyberspace / networked or abstract domain,Moderately different (regular adaptation needed),"The chapter depicts daily life in the Oubliette with no military conflict. The main tensions are interpersonal: Jean escapes Mieli, encounters Time beggars in the agora, and searches for hidden memories. Competition is social rather than military.","The Oubliette is depicted as a well-governed walking city with shopping streets, public agoras, a Maze district, parks, and robust social institutions. The city maintains territory as it walks across Mars.","Jean and Mieli traveled from the Neptunian Trojan belt to Mars. Earth is a distant memory referenced only historically. The Oubliette is a fully independent society, completely separated from Earth.","The Oubliette has Time-based currency tied to Watches, cryptographic privacy, public agoras where all is remembered, Time beggars desperate for moments of Noble life, and a Maze that physically shifts. The social order is entirely alien to Earth norms.","Characters speak a shared language with heavy Oubliette jargon: gevulot, exomemory, co-memory, Time, Noble, Quiet, agora, the Maze. Jean uses French expressions. Communication is understandable but culturally loaded.","Life in the Oubliette is comfortable with cafes, shops, and parks, but the city walks across Mars requiring adaptation. Mieli suffers in the gravity with her enhancements suppressed. The environment is managed but requires adjustment for offworlders.","The Oubliette is a bustling city with shopping districts, restaurants, spidercab transport, parkroullers, and tourists from other worlds including Quick Ones and Ganymede-zoku polymorphs. Living on Mars is entirely ordinary.",The Oubliette governs itself via the Voice. The zoku colony exists within the city. Tourists arrive from Belt habitats and other worlds. Sobornost influence lurks in the background. Multiple independent polities coexist across the solar system.,"Jean chases a mysterious boy version of himself through the shifting Maze, discovers a hidden Watch in a robot garden, and evades Mieli. The chapter is a treasure-hunt adventure driven by mystery and personal discovery.","The chapter depicts entirely civilian activities: shopping, walking through parks and streets, chasing a boy through neighborhoods, finding a hidden object, and interacting with a gardener. No military elements appear.","Jean tricks Mieli using a gevulot co-memory hack, substituting a recorded memory for real interaction. The city runs on exomemory and cryptographic privacy. Space is navigated through information layers and digital protocols.","Mars has lower gravity that Mieli struggles with, requiring suppression of her Oortian enhancements. Jean notes the low-gravity loping gait of Martians. Bright Phobos serves as a star overhead. The environment is habitable but distinctly Martian."
Finland,The Quantum Thief,Chapter 05 - The Detective and the Zoku,"Low contestation (minor competition, little open conflict)",Habitable and governable (permanent settlements can hold territory),"Long-distance journey (years, major separation from Earth)",Radically different / alien social order,"Mostly same, with dialect/slang differences",Manageable but risky,Normalized / widespread (space habitation is ordinary for humanity),"Highly fragmented political landscape (multipolar with many factions, corporations, colonies, microstates)",Drama,Entirely civilian,Like cyberspace / networked or abstract domain,Moderately different (regular adaptation needed),"The chapter focuses on social dynamics at a zoku party. The only conflicts are interpersonal: Isidore's relationship tensions with Pixil, cultural friction between Oubliette and zoku, and an encounter with a journalist. No military or political conflict.","The zoku colony on Mars is a permanent settlement with diamond buildings, a vault of treasures, and its own social hierarchy. It exists alongside the Oubliette as an autonomous enclave with its own governance.","The zoku originally came from the outer planets and lost a war to Sobornost. Earth is referenced only as ancient history. The Eldest mentions building a city on Saturn. Humanity is spread across the solar system, far from Earth.","The zoku organize through quantum entanglement for perfect coordination, originating from gaming clans. They use resource optimization, entanglement rituals, and jewel-embedded identities. The Eldest reveals her true form as a shimmering entity of dust motes and jewels.","Characters communicate in a shared language but with extensive zoku-specific terminology: entanglement, Tangleparty, Epic Mount, Realm, qupting. Oubliette terms like gevulot and exomemory are also used. Gaming jargon pervades zoku speech.","The zoku colony is comfortable and the party is festive. Life on Mars is managed with technology. However, the Eldest mentions losing a war and being refugees. The environment within the colony is safe but Mars itself requires walking cities.",The zoku have built cities on Saturn and established colonies on Mars. The party is attended by posthuman beings in various forms. Living across the solar system is completely ordinary for these civilizations.,"The zoku colony is a distinct polity within the Oubliette. The Eldest describes surviving the Collapse, building on Saturn, and losing a war to Sobornost. Multiple factions with different governance models coexist on Mars alone.","The chapter centers on interpersonal drama: Isidore's relationship with Pixil, meeting her tanglemother who warns him away, being tricked by a journalist, and navigating cultural differences between Oubliette and zoku societies.","The entire chapter takes place at a costume party with drinking, socializing, gaming, and romantic relationships. There is no military presence or framing. The zoku's war history is mentioned only in passing.","The zoku colony manipulates reality with augmented layers and Realmspaces. Entanglement protocols enable quantum coordination. The vault stores digital creatures given physical form. Space is characterized by networked, game-like structures.","Inside the zoku colony, reality is overlaid with spimes and augmented reality. The physical environment shifts through portals and discontinuities. Mars requires walking cities and quicksuits for surface access. Regular adaptation to non-Earth conditions is needed."
Finland,The Quantum Thief,Interlude 1,High contestation (frequent conflict or strategic struggle),Habitable and governable (permanent settlements can hold territory),"Long-distance journey (years, major separation from Earth)",Radically different / alien social order,"Mostly same, with dialect/slang differences",Manageable but risky,Normalized / widespread (space habitation is ordinary for humanity),"Highly fragmented political landscape (multipolar with many factions, corporations, colonies, microstates)",Thriller / Horror / Survival,Mostly civilian with some military presence,Like cyberspace / networked or abstract domain,Moderately different (regular adaptation needed),"The King of Mars kills his old friend Andre for making deals with outside powers, indicating high-stakes political struggle. Andre warns that the Sobornost Founders will eventually consume them. The chapter depicts espionage and assassination.",The Oubliette has a spaceport with a beanstalk connecting to orbit. The King governs Mars through memory manipulation. The city receives visitors from across the solar system. Permanent governance of Martian territory is well-established.,"The King has a compulsion implanted in him that says he will never leave Mars. Visitors arrive from the Belt, Saturn, and the Realm. Earth is only referenced historically. The solar system's distances create fundamental separation.","The King controls Mars through memory manipulation and exomemory surveillance. He can look through others' eyes and erase people from existence with a q-gun. The social order is built on digital memory, hidden rulers, and posthuman power structures.","The King and Andre converse in a shared language with Oubliette-specific terms. The spaceport receives aliens from diverse backgrounds described with specialized vocabulary: Realm avatars, Belt people, Quick Ones, Saturnian zoku folk.","The spaceport is a functioning hub receiving diverse visitors. Life on Mars is managed, but the King's assassination of Andre shows that political dangers lurk beneath the surface. The physical environment is controlled.","The spaceport is full of diverse visitors from across the solar system: Realm avatars, Belt people, Quick Ones, Saturnian zoku. Interplanetary travel and habitation is completely normalized.","The King governs Mars secretly while the Oubliette has its own visible governance. Andre warns about the Founders growing stronger. Visitors come from the Belt, Realm, and Saturn. The political landscape is deeply fragmented with hidden power structures.","The interlude has a thriller tone: the King stalks an old friend through a spaceport, navigates a memory trap, and executes Andre with cold efficiency. The atmosphere is tense and conspiratorial.","The spaceport is a civilian facility, but the King uses a military-grade q-gun to assassinate Andre. The underlying power struggle hints at strategic military considerations, but the setting and most characters are civilian.","The King operates through memory manipulation, looking through others' eyes via exomemory. He detects a recursive memory trap. He erases Andre from exomemory entirely. Space is characterized as an information domain where memory is power.","The spaceport has a beanstalk reaching to orbit, and visitors from different gravity environments adapt to Martian conditions. Guest gevulot must be worn. The physical environment requires regular technological adaptation."
Finland,The Quantum Thief,Chapter 06 - The Thief and Paul Sernine,Moderate contestation (ongoing rivalry/disputes),Habitable and governable (permanent settlements can hold territory),"Long-distance journey (years, major separation from Earth)",Radically different / alien social order,"Mostly same, with dialect/slang differences",Manageable but risky,Normalized / widespread (space habitation is ordinary for humanity),"Highly fragmented political landscape (multipolar with many factions, corporations, colonies, microstates)",Adventure / exploration,Mostly civilian with some military presence,Like cyberspace / networked or abstract domain,Moderately different (regular adaptation needed),"The chapter depicts ongoing tensions between factions: Mieli is attacked by Time beggars and rescued by a tzaddik, while Jean works to contact Sobornost gogol pirates operating covertly on Mars. The pellegrini maneuvers carefully to avoid association with the mission.","The Oubliette is a fully functioning city with hotels, public avenues, fabbers, and a complex social order. The walking city holds and governs its territory on Mars with its own laws and institutions.",Mieli's journey from Oort to Mars required long preparation. Jean discusses the Oubliette's post-Collapse history and how someone brought a billion gogols from Earth. The pellegrini communicates through a mental temple on Venus. Earth is entirely historical.,"The chapter details the Oubliette's gevulot system: nested cryptographic privacy hierarchies, Time-based economy, exomemory, and co-remembering. Mieli visits the pellegrini in a virtual Venus temple. Society is built on privacy protocols and digital memory.","Jean explains Oubliette customs to Mieli using specialized terms: gevulot, exomemory, co-remembering, quantum cash, Watches. They converse easily in a shared language but the cultural vocabulary is extensive and unique.","Life in the Oubliette is comfortable with hotels and fabbers, but Mieli is attacked by desperate Time beggars. The pellegrini's virtual Venus temple sits above a crater where temperatures exceed 700 Kelvin. Space is survivable but carries risks.",Jean describes how the Oubliette was founded by someone who brought a billion gogols for terraforming. The Sobornost operates across the Inner Solar System. Living on Mars in the walking city is completely normal everyday life.,"The chapter reveals layers of competing interests: the Oubliette's government, the secret King, the tzaddikim, Sobornost vasilevs operating as gogol pirates, the pellegrini's copyclan, and the zoku colony. The political landscape is deeply multipolar.","Jean and Mieli investigate the Watch's clues, discover Paul Sernine's identity through a hidden mechanism referencing Arsene Lupin stories, and plan to contact gogol pirates. The chapter advances the heist plot with puzzle-solving and intrigue.","The chapter is primarily civilian: hotel rooms, street scenes, detective work on the Watch. The tzaddik uses combat utility fog, and Mieli has concealed military enhancements, but the setting and activities are civilian.",Jean explains how gevulot works as a cryptographic privacy hierarchy with nested public/private key pairs. The Watch stores quantum cash states. Mieli visits the pellegrini in a virtual mental temple. Space is defined by information architecture.,Mieli struggles with Martian gravity and must hide her Oortian enhancements. The hotel provides fabbers for material needs. Mars requires walking cities and technology sniffers monitor for prohibited tech. Regular adaptation to the Martian environment is needed.
Finland,The Quantum Thief,Interlude 2,"Low contestation (minor competition, little open conflict)",Habitable and governable (permanent settlements can hold territory),"Long-distance journey (years, major separation from Earth)",Radically different / alien social order,"Mostly same, with dialect/slang differences",Manageable but risky,Normalized / widespread (space habitation is ordinary for humanity),"Highly fragmented political landscape (multipolar with many factions, corporations, colonies, microstates)",Drama,Entirely civilian,Like cyberspace / networked or abstract domain,Moderately different (regular adaptation needed),"This quiet interlude depicts Xuexue smiling at a robot and having a peaceful conversation with Paul Sernine. There is no conflict in the present, though Xuexue's backstory involves pre-Collapse violence and exploitation.","The Oubliette is depicted as a stable, governed community where Xuexue works in a kindergarten and visits the robot garden weekly. The society has maintained itself since the Revolution, governing its Mars territory.",Xuexue was brought from Earth to Mars as one of the King's billion gogols. Earth is referenced only in her traumatic backstory of uploading children in China. Mars is a completely separate civilization from Earth.,Xuexue's backstory reveals how cheap gogol uploads from Earth were transported to Mars. The Oubliette's gevulot system allows people to make conversations that only the participants will remember. Cycling between Noble and Quiet is accepted as normal.,"Paul and Xuexue converse easily. Oubliette-specific terms like gevulot, Quiet, Noble, Kingdom, and Revolution are used naturally. The language is shared but carries the weight of a unique cultural context.","The robot garden in the Oubliette is peaceful and pleasant. Life in the city is comfortable for residents. However, Xuexue's backstory of being uploaded in China and the Kingdom era's exploitation show that conditions were once far harsher.","Xuexue has lived on Mars for over a century, working as a kindergarten teacher. The Oubliette is a fully normalized society. Paul is described as a visitor but living on Mars is completely ordinary for humanity.","Xuexue's backstory references competing pre-Collapse powers uploading minds. The Oubliette was founded as the Kingdom, then revolutionized. The zoku, Sobornost, and other factions exist across the solar system.","The interlude is an intimate character drama: Xuexue shares her dark past of selling children's minds to upload farms, and Paul carries unnamed guilt. The tone is reflective and emotional, focused on redemption and human connection.",The chapter depicts a kindergarten teacher smiling at a robot and having a personal conversation with a stranger. There is no military presence or framing. Even Xuexue's backstory is about civilian exploitation.,Xuexue's backstory describes the upload economy: scanning children's brains to create gogols for cloud software farms. The Kingdom robots may contain slow gogols running inside them. The domain is deeply intertwined with digital minds and virtual existence.,"The setting is a garden on Mars within a walking city. The environment is pleasant but clearly non-Earth: the red gladiator robots are Kingdom-era relics, and the city is carried on robotic legs. Regular adaptation to Martian conditions is part of life."
Finland,The Quantum Thief,Chapter 07 - The Detective and His Father,"Low contestation (minor competition, little open conflict)",Habitable and governable (permanent settlements can hold territory),"Long-distance journey (years, major separation from Earth)",Radically different / alien social order,"Mostly same, with dialect/slang differences",Harsh and resource-intensive,Normalized / widespread (space habitation is ordinary for humanity),"Highly fragmented political landscape (multipolar with many factions, corporations, colonies, microstates)",Drama,Entirely civilian,Like cyberspace / networked or abstract domain,Moderately different (regular adaptation needed),"The chapter focuses on Isidore's personal struggles: fallout from the newspaper article, visiting his Quiet father, and receiving a mysterious job offer. Conflict is social and emotional rather than military or political.","The Oubliette is depicted in rich detail as a permanent settlement: apartments, restaurants, the Maze, the Inverted Tower, and the surface below where Quiet build phoboi ramparts. The city governs and maintains its territory.",Earth is referenced only in the context of ancient history and the Kingdom era. Mars has its own fully independent civilization. Phobos has been converted into a star. The separation from Earth is complete and ancient.,"Isidore visits his father who is a ten-metre tall insect-bodied Quiet building walls on the Martian surface, communicating through tiny sand sculptures. The Noble/Quiet cycle, gevulot privacy, Time economy, and exomemory define a radically alien social order.","Characters speak a shared language with extensive Oubliette terminology. The newspaper article is readable, Isidore talks with his flatmate normally, and the mysterious woman uses standard speech with Oubliette concepts.","The surface of Mars requires quicksuits for visits. The Quiet labor beneath the city in orange dust, building phoboi walls. Atlas Quiet are skyscraper-sized machines maintaining the city. The Martian surface is hostile, requiring massive infrastructure.","The Oubliette is a fully functioning city with apartments, restaurants, newspapers, and universities. The surface below teems with diverse Quiet performing terraforming, construction, and defense. Living on Mars is completely normalized.","The chapter reveals more of the Oubliette's internal politics: the Voice system, tzaddikim, cryptarchs, newspapers, and the mysterious woman's unnamed employer. The zoku colony exists nearby. Multiple power structures compete within and around Mars.","The chapter is character-driven drama: Isidore deals with unwanted fame from the newspaper, visits his Quiet father in an emotionally wrenching scene, destroys his architectural models in frustration, and receives a mysterious offer involving Jean le Flambeur.","The chapter depicts entirely civilian life: apartments, restaurants, newspapers, university studies, family visits. The Quiet perform civilian labor. Even the mysterious job offer is civilian in nature.","Isidore's life is mediated by exomemory, gevulot, and co-memories. The newspaper exploits analog holes in the privacy system. The mysterious woman's gevulot is impenetrable. The domain is defined by information and privacy protocols.","The Martian surface requires quicksuits for visits. The city walks on giant legs, and Phobos is a converted star. Isidore's father is a ten-metre insect-bodied Quiet. The physical environment is distinctly non-Earth but managed through technology."
Finland,The Quantum Thief,Interlude 3,"Low contestation (minor competition, little open conflict)",Habitable and governable (permanent settlements can hold territory),"Long-distance journey (years, major separation from Earth)",Radically different / alien social order,"Mostly same, with dialect/slang differences",Manageable but risky,Normalized / widespread (space habitation is ordinary for humanity),"Highly fragmented political landscape (multipolar with many factions, corporations, colonies, microstates)",Drama,Entirely civilian,Like cyberspace / networked or abstract domain,Moderately different (regular adaptation needed),The interlude depicts a drunken conversation between Isaac and Paul in a synagogue. There is no conflict beyond personal struggles. Paul wrestles with an internal compulsion related to his nature as a thief.,"The Oubliette is stable enough that two men can break into a synagogue for a fourteen-hour drinking session. The city has religious buildings, bars, and a functioning civil society. It governs its territory on Mars.",Isaac references Earth history and religion carried to Mars. Paul is an offworlder living on Mars. The synagogue represents Earth cultural heritage transplanted to a completely separate Martian civilization.,"Paul describes having created something bigger than himself that compels him to take things, referencing embodied cognition and many minds and bodies. The Oubliette's Noble/Quiet cycle and gevulot system underpin a society unlike anything on Earth.","Isaac and Paul converse naturally in a shared language, discussing religion, relationships, and personal struggles. Oubliette-specific terms like Quiet, gevulot, and phoboi walls appear naturally in their dialogue.","The synagogue is a comfortable indoor space. The phoboi walls are mentioned as a dangerous frontier. Life within the city is manageable, but the broader Martian environment requires constant defense and infrastructure.",Isaac has lived through multiple cycles as a Quiet on Mars. Paul is an offworlder who has integrated into Oubliette society. Living on Mars is so normalized that people have religious communities and bars.,Isaac references Fedorovist propaganda and the Revolution. Paul is from offworld with connections to multiple factions. The Oubliette maintains its own governance alongside other solar system powers.,The interlude is an intimate dramatic conversation between two friends. Paul confesses his inner struggle with compulsion and theft. Isaac offers blunt advice about cutting out addiction. The tone is personal and reflective.,Two friends drink and talk in a synagogue. There is no military presence or framing. The phoboi walls are mentioned but the chapter is entirely about personal civilian life.,"Paul describes creating something bigger than himself that operates through multiple minds and bodies, referencing the digital/posthuman nature of identity. The synagogue's gevulot is manipulated to grant them entry. Information architecture underlies the physical world.","The synagogue is described with stained-glass windows and an eternal q-dot light, blending Earth cultural architecture with Martian technology. The phoboi walls outside defend against Martian threats. The environment is adapted but distinctly non-Earth."
Finland,The Quantum Thief,Chapter 08 - The Thief and the Pirates,Moderate contestation (ongoing rivalry/disputes),Extensive territorial occupation (many settled worlds/regions held like states or empires),"Extreme / effectively unreachable (generational, completely separate, or one-way-feeling distance)",Radically different / alien social order,"Mostly same, with dialect/slang differences",Manageable but risky,Normalized / widespread (space habitation is ordinary for humanity),"Highly fragmented political landscape (multipolar with many factions, corporations, colonies, microstates)",Adventure / exploration,Mostly civilian with some military presence,Like cyberspace / networked or abstract domain,Very different (human bodies/technology constantly challenged),"The chapter features a tense confrontation between Jean and Mieli and the vasilev gogol pirates in the museum, culminating in a violent battle where Mieli destroys all twenty pirates and Perhonen fires lasers from orbit. The Sobornost agents operate covertly within the Oubliette, indicating ongoing factional rivalry.","The Oubliette is a permanent walking city on Mars with complex governance, and references to Sobornost guberniya brains, orbital Quiet sentinels, and the Belt indicate widespread settled territories across the solar system.","Earth is referenced only as a distant memory from centuries ago. Jean recalls his human days on Earth as ancient history, and the setting is entirely within a far-future Mars with no connection to present-day Earth.","The Oubliette operates with cryptographic gevulot privacy protocols, exomemory systems, cycling between Noble and Quiet states, and the Sobornost are copy-clans with templates dictating behavior. These societies are fundamentally unlike anything on Earth.","Characters communicate in what appears to be a common language with specialized terminology like gevulot, vasilevs, copyclan, and the Great Common Task. The underlying language is recognizably Earth-derived but heavily inflected with future jargon.","The chapter takes place within the relatively safe walking city of the Oubliette, but Perhonen must dodge orbital Quiet sentinels, and combat involving ghostguns, q-dots, and disassembler tendrils shows the environment requires advanced technology to survive.","Living in space habitats, walking cities on Mars, and orbital environments is completely normal. The vasilev gogol pirates inhabit stolen Martian bodies as routine infiltrators, and Perhonen orbits Mars as a matter of course.","The chapter shows the Sobornost copyclans (vasilevs serving a Founder), the independent Oubliette with its own governance, Mieli serving a separate employer, and references to zoku colonies, all as distinct political entities competing for influence.","The chapter centers on Jean's heist-like scheme to bluff the gogol pirates into giving him identity tools, followed by an action-packed escape with Mieli. The tone is adventurous with elements of deception and daring.","The Oubliette is a civilian society with art museums and hotels, but Mieli possesses extensive military enhancements including ghostguns, q-dot weapons, fusion reactors, and combat wings. The vasilevs also carry hidden weapons.","Combat involves ghostgun bullets that take over minds, gogol warfare, identity hacking, and gevulot manipulation. The battlespace is as much about information warfare and digital identity as physical fighting.","Mars has different gravity, the city walks on legs across Hellas Basin, bodies are synthbio constructs that can be modified, and survival depends on advanced technology like q-dots, metacortex implants, and fusion reactors embedded in bones."
Finland,The Quantum Thief,Chapter 09 - The Detective and the Letter,"Low contestation (minor competition, little open conflict)",Extensive territorial occupation (many settled worlds/regions held like states or empires),"Extreme / effectively unreachable (generational, completely separate, or one-way-feeling distance)",Radically different / alien social order,"Mostly same, with dialect/slang differences",Manageable but risky,Normalized / widespread (space habitation is ordinary for humanity),"Highly fragmented political landscape (multipolar with many factions, corporations, colonies, microstates)",Thriller / Horror / Survival,Entirely civilian,Like cyberspace / networked or abstract domain,Moderately different (regular adaptation needed),"This chapter is primarily investigative, focused on Isidore meeting the millenniaire Unruh and examining a mysterious letter. There is no direct conflict, though the threat of an offworld criminal creates underlying tension.","References to offworlders, Fast London and Paris, the Sobornost, the Realm, and the broader System outside the Oubliette indicate many settled worlds and regions across the solar system functioning like distinct states.","Earth is only referenced through medieval texts and ancient history. The setting is entirely Mars-based, and the solar system civilization has evolved so far beyond Earth that it feels like a completely separate existence.","The Oubliette has a unique social order with gevulot-controlled privacy, exomemory recording everything, cycling between Noble and Quiet states, Time as currency, and millenniaires who choose when to die. This is fundamentally unlike Earth society.","Characters speak a recognizable language but use extensive specialized vocabulary like gevulot, exomemory, millenniaire, and carpe diem in culturally specific ways. Offworlders can communicate but find local customs confusing.","Within the Oubliette, life appears comfortable with gardens, tea, and libraries. However, Unruh mentions offworlders viewing them as a backwater playground, and the threat of gogol piracy and exomemory manipulation suggests underlying risks.",The entire population lives on Mars in the walking city. References to offworlders from various parts of the System suggest space habitation is completely ordinary across human civilization.,"The chapter references the Oubliette's own governance via the Voice, zoku colonies, the Sobornost, and various independent polities across the System including Fast London and Paris, indicating a highly fragmented political landscape.","The chapter has a mystery-thriller tone as Isidore investigates the impossible appearance of le Flambeur's letter in a locked room, with undertones of paranoia about compromised exomemory and unseen forces at work.","This chapter is entirely civilian in nature, focused on a wealthy collector, his detective hire, and the investigation of a mysterious letter. There is no military presence or activity whatsoever.","The mystery centers on the manipulation of exomemory, a distributed ubiquitous computing system that records everything. Isidore investigates using quantum public key cryptography concepts and distributed sensor networks, framing space as a networked domain.","Mars has 0.6g gravity and the Oubliette is a walking city, but within the city, life appears comfortable with gardens, libraries, and restaurants. The environment requires technological adaptation but is not hostile."
Finland,The Quantum Thief,Chapter 10 - The Thief and the Second First Date,Moderate contestation (ongoing rivalry/disputes),Extensive territorial occupation (many settled worlds/regions held like states or empires),"Extreme / effectively unreachable (generational, completely separate, or one-way-feeling distance)",Radically different / alien social order,"Mostly same, with dialect/slang differences",Manageable but risky,Normalized / widespread (space habitation is ordinary for humanity),"Highly fragmented political landscape (multipolar with many factions, corporations, colonies, microstates)",Adventure / exploration,Mostly civilian with some military presence,Like cyberspace / networked or abstract domain,Very different (human bodies/technology constantly challenged),"The chapter features Mieli interrogating a captured vasilev mind, revealing hidden power struggles between the Sobornost pirates and local forces. The chapter climaxes with a violent confrontation between Mieli and the tzaddik Raymonde over Jean.","Jean shares memories of an ice castle in Oort, Supra City with planet-sized buildings near Saturn, the Beltworlds, and guberniya brains of the Inner System, demonstrating extensive territorial occupation across the entire solar system.","Earth is never mentioned as a destination or point of reference. The characters inhabit a far-future solar system where locations like Oort, Saturn, and the Belt are the relevant reference points, making Earth effectively irrelevant.","The chapter reveals the Oubliette's gevulot system in intimate detail through Jean's date, shows the Quiet cycle as a transformative experience, and features the vasilev mind being surgically interrogated. These societies are radically unlike Earth.","Characters communicate fluently but with extensive specialized terminology. Raymonde explains Quiet existence and Oubliette culture using terms that require explanation even to the offworlder Jean, indicating dialect-level differences.","Daily life in the Oubliette involves restaurants, parks, and ice cream, but the vasilev interrogation reveals hidden dangers from gogol pirates and unseen power struggles. The combat between Mieli and Raymonde shows technology-dependent survival.","Living on Mars is completely normal for residents. Jean recalls visiting ice castles in Oort, Supra City near Saturn, and the Beltworlds as familiar places, indicating space habitation is universal.","The vasilev reveals hidden power struggles between cryptarchs who secretly rule the Oubliette, the zoku colony backing the tzaddikim, and Sobornost infiltrators. Multiple factions compete invisibly within and around the Oubliette.","The chapter blends a romantic date with espionage and action as Jean courts Raymonde while secretly hacking her gevulot, while Mieli interrogates a prisoner and then battles a tzaddik. The tone is adventurous with elements of intrigue.","Most of the chapter involves civilian activities like dating, dining, and walking in parks. However, Mieli's military interrogation of the vasilev and her combat with Raymonde's tzaddik persona introduce significant military elements.",Jean uses a gogol pirate engine to hack Raymonde's gevulot through shared memories during their date. Mieli fights the tzaddik's combat utility fog with Godel attacks and countermeasure gogols. The conflict is deeply information-based.,"Bodies are synthbio constructs that can be modified at will. The tzaddik uses combat utility fog as extensions of her body. Mieli has wings, fusion reactors in her bones, and q-dot weaponry. Physical existence is fundamentally technologically mediated."
Finland,The Quantum Thief,Chapter 11 - The Thief and the Tzaddikim,High contestation (frequent conflict or strategic struggle),Extensive territorial occupation (many settled worlds/regions held like states or empires),"Extreme / effectively unreachable (generational, completely separate, or one-way-feeling distance)",Radically different / alien social order,"Mostly same, with dialect/slang differences",Manageable but risky,Normalized / widespread (space habitation is ordinary for humanity),"Highly fragmented political landscape (multipolar with many factions, corporations, colonies, microstates)",Political / diplomatic,Mostly civilian with some military presence,Like cyberspace / networked or abstract domain,Moderately different (regular adaptation needed),"The chapter reveals deep strategic conflict: cryptarchs secretly manipulate exomemory and the Voice, gogol pirates infiltrate with help from hidden rulers, and the tzaddikim wage a covert war against both. Jean and Mieli offer to join this multi-sided struggle.","The tzaddikim discussion references offworld forces, the Sobornost's Great Common Task spanning the solar system, zoku backers, and the Oubliette as one polity among many, all indicating extensive territorial occupation.","Earth is not mentioned at all. The entire setting is the far-future Mars Oubliette, and the characters' concerns span solar system politics with no reference to Earth as a relevant location.","The chapter describes a society with masked vigilante groups, cryptographic privacy as a fundamental right, hidden rulers manipulating collective memory, and the pellegrini orchestrating events from behind the scenes. This is a radically different social order.","All characters communicate in the same language but use extensive specialized jargon including tzaddikim, cryptarchs, gevulot, copyclan terminology, and Sobornost religious language like the Great Common Task.","The Oubliette provides a comfortable urban existence, but the chapter reveals hidden dangers from cryptarchs manipulating minds and memories, gogol pirates targeting citizens, and the constant threat of having one's mind stolen.","Space habitation is completely normalized. The meeting in the Silence's kitchen in a zeppelin house, Mieli's Oort origins, and discussion of offworld influences all treat living across the solar system as entirely ordinary.","The chapter explicitly names multiple competing factions: the tzaddikim with zoku backers, the cryptarchs secretly ruling the Oubliette, the Sobornost with their copyclans, and the pellegrini manipulating everyone. The political landscape is deeply fragmented.","The chapter is dominated by political negotiation as Jean and Mieli seek alliance with the tzaddikim, followed by the pellegrini revealing her own manipulative agenda. The tone is one of political intrigue and diplomatic maneuvering.","The tzaddikim are civilian vigilantes rather than a military force. The discussion centers on political manipulation and covert operations rather than military conflict, though references to assassinations and combat capabilities provide a military undercurrent.","The central conflict involves manipulation of exomemory, a distributed computing network that records all thought and experience. The cryptarchs rule through information control, and the tzaddikim fight using technology-based identities.","The chapter is set within the Oubliette's comfortable urban environment including kitchens, streets, and balloon houses. While the underlying technology is radically different, the lived experience within the city requires only moderate adaptation."
Finland,The Quantum Thief,Interlude 4,"Low contestation (minor competition, little open conflict)",Habitable and governable (permanent settlements can hold territory),"Extreme / effectively unreachable (generational, completely separate, or one-way-feeling distance)",Radically different / alien social order,"Mostly same, with dialect/slang differences",Manageable but risky,Normalized / widespread (space habitation is ordinary for humanity),Multiple distinct space polities,Drama,Entirely civilian,Totally unique domain,Moderately different (regular adaptation needed),"The interlude is a quiet, personal story focused on Bathilde attending Paul Sernine's art installation and advising Raymonde about her relationship. There is minor interpersonal rivalry between Paul and Marcel but no real conflict.","The Oubliette is presented as a stable, permanent settlement with governance by the Voice, cultural institutions, and a functioning society. The interlude focuses on domestic life within this settled community.","Earth is only referenced through ancient art history like Noguchi's Hiroshima piece. The characters live entirely on Mars in the Oubliette, with Earth as a distant historical memory from which they are completely separated.","The interlude describes citizens who cycle through multiple bodies over centuries, the Quiet system, carpe diem parties marking voluntary death, and Resurrection Men. Bathilde has lived many lifetimes and thinks about her many deaths and births.","Characters speak recognizable language but use terms like Quiet, exomemory, gevulot, Resurrection Men, and Time (as currency) naturally, indicating a shared language with significant cultural vocabulary differences.","The art installation is built outside the phoboi wall near actual danger, deliberately adding risk to the experience. The phoboi threat looms but is manageable within the city. Life inside the Oubliette is comfortable.","Living on Mars is completely normal. The interlude focuses on everyday activities like art exhibitions, relationships, and conversations about children, with no sense that inhabiting Mars is unusual.","The interlude references the Voice as local governance, zoku machines that turn thoughts into things, and the Sobornost's upload claims, indicating multiple distinct polities, though the focus is on the Oubliette's internal society.","The interlude is a character-driven drama focused on Bathilde's reflections on aging, art, and relationships, and Raymonde seeking advice about having children with Paul Sernine. The tone is contemplative and emotional.","The interlude is entirely civilian, focused on an art installation, personal relationships, and social life. The only hint of danger is the phoboi wall visible in the distance.","The interlude presents space as a lived-in domestic environment with art exhibitions, gardens, and personal relationships. There are no military analogies; the setting is portrayed as a unique civilization.","The characters wear quicksuits outside the city near the phoboi wall, and the art installation simulates near-death experiences through architectural brain stimulation. Mars requires adaptation but the city environment is comfortable."
Finland,The Quantum Thief,Chapter 12 - The Detective and Carpe Diem,Moderate contestation (ongoing rivalry/disputes),Extensive territorial occupation (many settled worlds/regions held like states or empires),"Extreme / effectively unreachable (generational, completely separate, or one-way-feeling distance)",Radically different / alien social order,"Mostly same, with dialect/slang differences",Manageable but risky,Normalized / widespread (space habitation is ordinary for humanity),"Highly fragmented political landscape (multipolar with many factions, corporations, colonies, microstates)",Adventure / exploration,Mostly civilian with some military presence,Like cyberspace / networked or abstract domain,Very different (human bodies/technology constantly challenged),"The chapter centers on Jean executing his heist at Unruh's carpe diem party while Isidore tries to catch him. There is a cat-and-mouse dynamic with identity theft, optogenetic attacks, and covert Time-stealing, but no large-scale violence.","The party includes offworld guests, references to various parts of the System, and Perhonen orbiting above to assist with quantum teleportation. The broader solar system civilization is implied through the diversity of guests and technologies.","Earth is not mentioned. The entire setting is Mars, with the party and heist occurring within the Oubliette. The solar system civilization has long since moved beyond any connection to Earth.","The carpe diem party celebrates a millenniaire's voluntary death as he enters Quiet service. Time is currency, gevulot controls what can be remembered, and the party features Quiet orchestras playing instruments that are parts of their bodies.","Characters communicate freely but use culturally specific terms like carpe diem party, millenniaire, gevulot disclosure, and Sol Lunae/Sol Jovis calendar references that indicate significant dialect differences from any Earth language.","The party takes place in a luxurious garden setting, but the threat of the thief and the presence of war Quiet guards demonstrate underlying risks. Jean deploys an optogenetic virus that temporarily incapacitates all guests.","The elaborate party with offworld guests, Quiet servants, and a functioning society celebrating cultural rituals shows that space habitation on Mars is completely normalized and ordinary.","The chapter references offworld guests, the Sobornost origin of the optogenetic virus, Perhonen operating from orbit as an independent agent, and the tzaddikim working covertly, all indicating a fragmented political landscape.","The chapter is a classic heist sequence: Jean infiltrates the party, steals the detective's identity, plants a q-spider on Unruh's Watch, triggers fireworks to incapacitate guests, and escapes. The tone is thrilling and adventurous.","The carpe diem party is a civilian social event, but assault Quiet with specialized sensors and weapons provide military-grade security. Jean's heist relies on covert technology rather than military force.","Jean's heist involves identity theft through gevulot hacking, quantum teleportation of Time credits via a q-spider, and an optogenetic virus spread through fireworks. The crime is fundamentally information-based and networked.","Jean reshapes his physical appearance at will, plants quantum devices on targets, and deploys biological viruses through fireworks. The party features Quiet bodies that are musical instruments. Physical reality is deeply technologically mediated."
Finland,The Quantum Thief,Chapter 13 - The Thief in the Underworld,Moderate contestation (ongoing rivalry/disputes),Extensive territorial occupation (many settled worlds/regions held like states or empires),"Extreme / effectively unreachable (generational, completely separate, or one-way-feeling distance)",Radically different / alien social order,"Mostly same, with dialect/slang differences",Harsh and resource-intensive,Normalized / widespread (space habitation is ordinary for humanity),"Highly fragmented political landscape (multipolar with many factions, corporations, colonies, microstates)",Adventure / exploration,Mostly civilian with some military presence,Like cyberspace / networked or abstract domain,Very different (human bodies/technology constantly challenged),"Jean infiltrates the city's underworld to access Unruh's body, encountering Resurrection Men and war Quiet who pursue them. Unruh himself is briefly possessed by a hostile entity that attacks Jean, revealing deeper manipulation.","The chapter references a Ganymedean tourist, Perhonen in orbit assisting, and the broader context of offworld technologies and factions. The walking city itself is a massive permanent settlement with extensive infrastructure.","Earth is not mentioned. The entire action takes place within the walking city's underworld on Mars, with characters from the Oort Cloud and Belt. Earth is completely irrelevant to the narrative.","The chapter depicts the underworld resurrection system with coffin chambers, Resurrection Men in red robes, octopus-like Quiet morticians, and a ritual death-performance by Time beggars. Society fundamentally revolves around death and rebirth cycles.","Characters communicate in recognizable language with specialized vocabulary including Resurrection Men, Quiet, Decanters, exomemory, and Time beggars. The terminology reflects a deeply changed culture using familiar linguistic roots.","The underworld environment is hostile, with dark tunnels, synthbio fluids, beetle-sized Quiet swarms, and Atlas Quiet that reshape corridors. Jean crawls through maintenance shafts and nearly falls from great heights. Survival requires extensive technology.","Living on Mars is entirely normal. The chapter shows the elaborate infrastructure beneath the walking city including resurrection chambers, maintenance systems, and the artificial muscles that move the city legs.","The chapter features Resurrection Men as an independent underworld authority, the cryptarchs revealed through Unruh's possession, Perhonen operating from orbit, and Mieli serving her own employer. Multiple factions operate within the same city.","The chapter is a heist-adventure as Jean fakes his death, infiltrates the city's underworld, navigates dangerous tunnels, resurrects Unruh to scan his mind, and escapes through a dramatic city-splitting exit. The celebratory aftermath cements the adventure tone.","The Resurrection Men and their Quiet are civilian authorities, but war Quiet pursue the intruders, and Mieli uses her ghostgun to hijack a Quiet and later splits an Atlas Quiet to escape. Military technology enables the civilian heist.",The heist's purpose is to scan Unruh's mind for evidence of exomemory manipulation. Time is stolen and returned via quantum teleportation. The q-spider and upload helmet are information-warfare tools. The conflict is fundamentally about data.,"The walking city has massive artificial muscles, the underworld features coffin-grid chambers and octopus Quiet, and Jean must reconfigure his skin to climb walls. The physical environment is fundamentally unlike anything on Earth."
Finland,The Quantum Thief,Interlude 5,"Low contestation (minor competition, little open conflict)",Extensive territorial occupation (many settled worlds/regions held like states or empires),"Extreme / effectively unreachable (generational, completely separate, or one-way-feeling distance)",Radically different / alien social order,"Mostly same, with dialect/slang differences",Harsh and resource-intensive,Normalized / widespread (space habitation is ordinary for humanity),"Highly fragmented political landscape (multipolar with many factions, corporations, colonies, microstates)",Drama,Entirely civilian,Totally unique domain,Very different (human bodies/technology constantly challenged),"The interlude describes the aftermath of the Spike, a cosmic catastrophe that destroyed Jupiter. While there is talk of war between Sobornost and zokus, the chapter focuses on Marcel's personal loss and his deal with Sernine, not active conflict.","References to Jupiter (now destroyed), the Sobornost offering upload asylum, Supra City where zokus are mobilizing, and the Oubliette itself all indicate extensive occupation across the solar system.","Earth is not mentioned. Marcel considers leaving Mars for space, discussing zoku machines and Sobornost preservation as alternatives. The setting is entirely within a far-future solar system with no Earth connection.",Marcel's lover has a permanent quantum coherent state in his brain after the Spike. The Sobornost offers upload asylum. Resurrection Men rebuild broken bodies. Marcel sells his creative ideas to a rival for Time currency. This is a radically different society.,"Characters speak recognizable language with terms like the Spike, Quiet, Resurrection Men, exomemory, and gevulot representing culturally specific vocabulary that differs from any Earth language.",The Spike destroyed Jupiter and damaged the Oubliette's exomemory. Marcel and Owl Boy crash in a glider over the phoboi-infested Noctis Labyrinthus. Owl Boy suffers permanent brain damage that Resurrection Men cannot fix. Space is dangerous.,"Living on Mars is completely normal. Marcel casually considers moving to space to join zokus or Sobornost as a lifestyle choice, indicating that space habitation across the solar system is ordinary.","The interlude references the Sobornost containing a cosmic threat and offering upload asylum, zokus in Supra City mobilizing, and the Oubliette as an independent polity. These are distinct factions with separate agendas.","The interlude is an emotional drama about Marcel caring for his brain-damaged lover after the Spike catastrophe, giving up his artistic ambitions, and selling his ideas to his rival Sernine in exchange for Time to care for Owl Boy.","The interlude focuses entirely on civilian life: artists, personal relationships, and coping with catastrophe. While the Spike and talk of war are mentioned in passing, the chapter itself contains no military activity.","The interlude presents space as a lived-in environment where artists create, lovers fly gliders, and people cope with cosmic catastrophes. There are no military domain analogies; it is portrayed as a unique civilization.",The Spike causes a quantum coherent state in Owl Boy's brain that cannot be treated. Jupiter is destroyed by a singularity. Gliders fly over phoboi-infested canyons. The physical environment is fundamentally different from Earth.
Finland,The Quantum Thief,Chapter 14 - The Detective and the Architect,High contestation (frequent conflict or strategic struggle),Extensive territorial occupation (many settled worlds/regions held like states or empires),"Extreme / effectively unreachable (generational, completely separate, or one-way-feeling distance)",Radically different / alien social order,"Mostly same, with dialect/slang differences",Harsh and resource-intensive,Normalized / widespread (space habitation is ordinary for humanity),"Highly fragmented political landscape (multipolar with many factions, corporations, colonies, microstates)",Thriller / Horror / Survival,Mostly civilian with some military presence,Like cyberspace / networked or abstract domain,Very different (human bodies/technology constantly challenged),"Isidore is attacked by four Sebastian gogol pirates who try to upload his mind, saved only by the Gentleman tzaddik. The chapter also reveals the cryptarchs set the Sebastians to guard the memory palaces, indicating active strategic conflict between factions.","The Watchmaker identifies the q-spider as Sobornost technology, references to offworld tech and Perhonen's quantum teleportation receiver possibly being in space indicate extensive occupation across the solar system.","Earth is referenced only through 13th-century Raymond Lull texts and Giordano Bruno's memory palaces. The setting is entirely within Mars, with Earth as ancient intellectual history rather than a real place.","The chapter features Resurrection Men who guard the underworld, Watchmakers who understand quantum Time-theft, memory palaces made of molecular-scale q-matter architecture, and gogol pirates who try to steal minds. The social order is alien.","Characters communicate in recognizable language. Isidore visits craftspeople who speak naturally but use terms like EPR states, ion traps, and gevulot. The Watchmaker's slang and the Sebastians' Sobornost religious language show dialect variation.","Isidore is physically attacked by four gogol pirates in a dead-end alley, nearly having his mind uploaded. He suffers a double dose of optogenetic weapon exposure. The half-finished Maze district is dangerous and deserted.","The chapter shows Mars civilization with specialized craftspeople, active neighborhoods, and cultural life. Space habitation is so normalized that the focus is entirely on the local detective story.","The chapter reveals cryptarchs ordering Sebastians to guard specific locations, Sobornost technology used by pirates, tzaddikim operating as vigilantes with zoku backing, and the Resurrection Men as an independent authority. Multiple factions compete.","Isidore is stalked through deserted streets by four synchronized attackers who pin him down and begin a forced upload of his mind, creating genuine horror. The scene of upload tendrils dancing above his face like snakes is viscerally threatening.","Isidore's investigation is civilian detective work visiting shops and examining Watches, but the Sebastian attack is paramilitary violence, and the Gentleman's combat fog rescue demonstrates military-grade technology in a civilian context.","The central mystery involves nine memory palaces made of molecular-scale computing material, quantum Time-theft via EPR states, and identity theft through gevulot manipulation. The conflict is fundamentally about information and memory.",The memory palace structures extend to molecular-scale complexity with zoku q-matter denser than anything recognized. The Sebastians use upload tendrils to steal minds. The Watchmaker examines molecular-level spiders. Physical reality is deeply technological.
Finland,The Quantum Thief,Chapter 15 - The Thief and the Goddess,Moderate contestation (ongoing rivalry/disputes),Habitable and governable (permanent settlements can hold territory),"Extreme / effectively unreachable (generational, completely separate, or one-way-feeling distance)",Radically different / alien social order,"Mostly same, with dialect/slang differences",Manageable but risky,Normalized / widespread (space habitation is ordinary for humanity),"Highly fragmented political landscape (multipolar with many factions, corporations, colonies, microstates)",Thriller / Horror / Survival,Mostly civilian with some military presence,Like cyberspace / networked or abstract domain,Very different (human bodies/technology constantly challenged),"The chapter centers on a tense negotiation between Jean, Mieli, and the cryptarch Robert, who represents a powerful faction controlling the Oubliette. There is ongoing rivalry between the cryptarchs, the tzaddikim, and the zoku colony, with each faction maneuvering for advantage.","The Oubliette is a permanent, governed settlement on Mars with its own immigration system, civil servants, and political factions. The cryptarchs maintain territorial control through their master key over the exomemory system.","The characters operate in a far-future solar system where Earth is a distant memory. Jean was in the Dilemma Prison for an eternity, and the Sobornost guberniyas are described as vast, separate domains. The separation from Earth is essentially total.","The Oubliette's society is built on cryptographic privacy protocols (gevulot), citizens cycling between embodied life and serving as Quiet machines, and exomemory systems. The cryptarchs secretly control all memories through a panopticon system, which is fundamentally unlike any Earth society.","Characters communicate in what appears to be a shared language with specialized terminology like gevulot, tzaddikim, cryptarchs, gogols, and co-memories. The underlying language is recognizable but heavily inflected with unique space-culture vocabulary.","The chapter takes place within the controlled environment of the Oubliette, where survival is not a primary concern. However, the temporary Watch system can shut down visitors who run out of Time, as demonstrated when Jean tricks the Pellegrini into becoming a black statue.","The Oubliette is a functioning city on Mars with a full civilian population. Multiple factions (Sobornost, zoku, Oort Cloud dwellers) inhabit various parts of the solar system. Living in space is completely ordinary for this civilization.","The chapter reveals multiple competing power structures: the cryptarchs who secretly rule the Oubliette, the tzaddikim resistance, the zoku colony, the Sobornost (represented by Mieli's employer the Pellegrini), and Oort Cloud factions. Each has distinct governance and goals.","The chapter is driven by intrigue, betrayal, and suspense. Jean discovers the Oubliette is a panopticon, is physically controlled by Mieli, negotiates under duress with the cryptarch, and ultimately outmaneuvers the Pellegrini through a time-stealing trick in a tense confrontation.","The setting is primarily civilian, involving political negotiations, personal relationships, and espionage. Mieli has military capabilities and the Pellegrini controls her body, but the chapter focuses on civilian power dynamics, cryptographic systems, and political maneuvering.","Space and power in the Oubliette are characterized through digital and cryptographic metaphors. The cryptarchs control territory through master encryption keys, gevulot trees, and exomemory manipulation. Perhonen discovers the panopticon through data analysis of encryption hierarchies, making this a networked domain.","The physical environment features bodies that can be appropriated by cryptarchs, temporary Watches that can turn visitors into statues, Sobornost bodies with enhanced capabilities, Oortian wings and q-dot enhancements, and a complete merging of digital and physical existence."
Finland,The Quantum Thief,Chapter 16 - The Thief and Memory,Moderate contestation (ongoing rivalry/disputes),Habitable and governable (permanent settlements can hold territory),"Extreme / effectively unreachable (generational, completely separate, or one-way-feeling distance)",Radically different / alien social order,"Mostly same, with dialect/slang differences",Manageable but risky,Normalized / widespread (space habitation is ordinary for humanity),"Highly fragmented political landscape (multipolar with many factions, corporations, colonies, microstates)",Drama,Entirely civilian,Like cyberspace / networked or abstract domain,Very different (human bodies/technology constantly challenged),"Jean works against both the cryptarchs and Mieli's employer by sharing anti-cryptarch co-memories with Raymonde. The tzaddikim are preparing to challenge cryptarch control, and Jean races to recover his secrets before Mieli shuts him down, reflecting ongoing multi-faction rivalry.","The Oubliette is depicted as a permanent, livable settlement with parks, apartments, neighborhoods like Montgolfiersville and the Maze, and a full social life. Jean's flashback shows him living there for years, designing buildings and growing flowers.","Jean's memories reveal he has lived across the solar system for hundreds of years, as a man, gogol, zoku member, and copyfamily, in many bodies and forms. Earth is never referenced as a reachable destination. The separation is total and multi-generational.","The chapter reveals a society where memories can be shared through co-memories, identities can be locked behind gevulot, people cycle through Quiet service, and Jean hid secrets inside friends' exomemories using custom Watches and picotech assemblers. This social order is completely unlike Earth.","Characters speak a shared language but use specialized terms like gevulot, co-memory, exomemory, Quiet, and tzaddik freely. Isaac references the Torah, suggesting cultural linguistic continuity, but the vocabulary is heavily modified by space-culture concepts.","Life in the Oubliette appears comfortable, with parks, apartments, fabbers, and social life. However, risks exist from the cryptarch surveillance system and the cycling through Quiet. The environment itself is managed but the social-technological systems pose dangers.","The chapter depicts everyday life on Mars: friends meeting in parks, drinking vodka, visiting apartments, having relationships. Jean's flashback shows him living as an ordinary citizen for years. Space habitation is completely normalized.","Jean's memories reference stealing from the Sobornost and zokus, living as different faction members, and the Oubliette having its own independent governance. The tzaddikim, cryptarchs, and zoku colony all represent distinct political entities within the city alone.","The chapter is deeply emotional and character-driven. Jean recovers lost memories of his relationship with Raymonde, visits his old friend Isaac knowing he may sacrifice their friendship, and confronts the painful price of reclaiming his past. The tone is melancholic and intimate.","The chapter is entirely focused on personal relationships, memory recovery, and emotional decisions. Jean meets Raymonde in a park, visits Isaac for vodka, and retrieves a key-gun. There is no military presence or action in this chapter.","Jean's memory palace is constructed from buildings, people, and entangled qubits, with secrets stored in friends' exomemories protected by cryptography. The entire concept of hiding treasures in a networked digital-physical memory system characterizes space as a cyberspace-like domain.","Jean recalls existing as a man, gogol, zoku member, copyfamily, and in particles of thinking dust. The physical environment includes bodies that can be remade, exomemories that extend consciousness beyond the body, and picotech assemblers embedded in buildings."
Finland,The Quantum Thief,Chapter 17 - The Detective and the Gordian Knot,High contestation (frequent conflict or strategic struggle),Habitable and governable (permanent settlements can hold territory),"Extreme / effectively unreachable (generational, completely separate, or one-way-feeling distance)",Radically different / alien social order,"Mostly same, with dialect/slang differences",Manageable but risky,Normalized / widespread (space habitation is ordinary for humanity),"Highly fragmented political landscape (multipolar with many factions, corporations, colonies, microstates)",Thriller / Horror / Survival,Mixed civilian-military domain,Like cyberspace / networked or abstract domain,Very different (human bodies/technology constantly challenged),"The chapter depicts escalating conflict: the cryptarchs use the Voice to manipulate citizens into attacking zoku members, the tzaddikim publicly challenge cryptarch authority, violent mobs form, and Jean's machine causes an earthquake that reshapes the city. Multiple factions are in open strategic struggle.","The Oubliette is a governed city with distinct districts (Dust District, the Maze), public squares, transportation (spidercabs), and political institutions (the Voice). The zoku colony maintains its own defended territory within the city behind a q-dot bubble.","The Eldest reveals that the Oubliette was originally a prison where criminals were placed inside terraforming machines, and the zoku came after the Protocol War to hide from the Sobornost. Earth is a distant historical reference, completely separate from the current civilization.","The Eldest reveals the Oubliette was originally a prison, that its entire history including the Revolution was fabricated by the cryptarchs with zoku help, and that the Voice can implant violent false memories directly into citizens' minds. The social order is built on manufactured reality.","Characters communicate in a shared language with extensive specialized vocabulary: gevulot, exomemory, tzaddikim, cryptarchs, phoboi, Realmspace. The underlying language structure is recognizable but heavily inflected with unique terms from this far-future culture.",The city environment is normally comfortable but becomes dangerous as the cryptarchs incite mob violence and Jean's machine causes an earthquake. The zoku colony protects itself behind a q-dot bubble. The physical environment is managed but social-political conditions create real danger.,"The Oubliette contains a massive civilian population filling streets, agoras, and districts. The zoku colony is a separate community within the city. Multiple factions spanning the solar system are referenced. Space habitation is entirely ordinary.","The chapter reveals the full political complexity: cryptarchs secretly ruling, tzaddikim challenging them publicly, the zoku colony as an autonomous enclave that helped create the system, the Sobornost as an external threat, and the Voice as a mind-control tool. The Eldest confirms the zoku made a deal with cryptarchs after the Protocol War.","The chapter builds intense suspense as Isidore races through a city descending into chaos. The Voice implants violent false memories, mobs attack zoku members, an earthquake reshapes the city, and the revelation that the Oubliette was originally a prison creates a sense of horror about the constructed reality.","The chapter shows civilian life disrupted by militarized forces: the cryptarchs deploy the Voice as a weapon, military Quiet are referenced as enforceable threats, tzaddikim use foglet technology in combat roles, and mobs form as proxy forces. The civilian domain is becoming militarized.","The conflict is waged through digital means: the Voice implants memories directly into minds, the cryptarchs use their master key to manipulate the exomemory network, and the tzaddikim distribute viral co-memories as counter-weapons. The battlefield is fundamentally a networked information space.","The physical environment features a walking city that stops moving, buildings with smart-matter skeletons that reshape during an earthquake, a zoku colony that folds and changes shape like origami, and a black needle emerging from the city. The physical reality is fundamentally mutable."
Finland,The Quantum Thief,Interlude 6,Moderate contestation (ongoing rivalry/disputes),Habitable and governable (permanent settlements can hold territory),"Extreme / effectively unreachable (generational, completely separate, or one-way-feeling distance)",Radically different / alien social order,"Mostly same, with dialect/slang differences",Manageable but risky,Normalized / widespread (space habitation is ordinary for humanity),"Highly fragmented political landscape (multipolar with many factions, corporations, colonies, microstates)",Drama,Entirely civilian,Like cyberspace / networked or abstract domain,Very different (human bodies/technology constantly challenged),"The interlude shows Paul Sernine (Jean's past identity) secretly placing stolen artifacts and a trapped god into Gilbertine's exomemory against her will, while fleeing the Oubliette. The rivalry between Jean's ambitions and the settled community he is exploiting represents ongoing personal and factional disputes.","Gilbertine lives in a Montgolfiersville apartment in the Oubliette, a permanent settlement with established social life, relationships, and governance systems. The city is depicted as a stable, livable environment.","Paul is leaving the Oubliette for offworld destinations, described as going to steal the fire of the gods. The separation from Earth is total; the story takes place entirely within the far-future solar system where Earth is never mentioned as reachable.","Gilbertine's society features gevulot contracts that erase lovers' identities after encounters, exomemory that can be severed and manipulated, Watches that control identity, and the ability to place alien data structures directly into someone's mind. This is a radically different social order.","Characters speak a common language but use terms like gevulot, exomemory, Quiet, and co-memory as everyday vocabulary. Gilbertine references the word Virtus on her Watch, suggesting Latin cultural traces, but the language is heavily modified by posthuman concepts.","Life in the Oubliette is comfortable, with apartments, lovers, and social routines. However, Paul demonstrates the risk of someone with advanced technology cutting off exomemory links and inserting alien data structures into a person's mind, showing hidden dangers beneath the surface comfort.","The interlude depicts ordinary domestic life in the Oubliette: Gilbertine wakes up with a lover, showers, meets friends. Living on Mars is completely unremarkable to the characters.","Paul wears zoku-style clothing and uses technology stolen from the zoku colony, while operating within the Oubliette's governance system. He references going offworld, implying multiple distinct political entities across the solar system. The Sobornost is referenced as a separate faction.","The interlude is an emotional character piece centered on Gilbertine confronting Paul about abandoning Raymonde and their child. It explores themes of loss, betrayal, and the cost of ambition through intimate personal conflict rather than action or thriller elements.",The interlude is entirely focused on personal relationships and civilian life. Gilbertine confronts Paul about his abandonment of Raymonde. There is no military presence or conflict; the drama is entirely interpersonal.,"Paul manipulates Gilbertine's exomemory link, plants a data structure like a vast metallic snowflake in her mind, and uses gevulot to erase her memories of the encounter. Space and power are characterized through digital manipulation of networked memory systems.","The physical environment features exomemory links that extend consciousness, gevulot contracts that selectively erase memories, Watches that control identity, and the ability to plant alien cognitive structures directly into someone's mind. The boundary between physical and digital existence is dissolved."
Finland,The Quantum Thief,Chapter 18 - The Thief and the King,High contestation (frequent conflict or strategic struggle),Habitable and governable (permanent settlements can hold territory),"Extreme / effectively unreachable (generational, completely separate, or one-way-feeling distance)",Radically different / alien social order,"Mostly same, with dialect/slang differences",Harsh and resource-intensive,Normalized / widespread (space habitation is ordinary for humanity),"Highly fragmented political landscape (multipolar with many factions, corporations, colonies, microstates)",Thriller / Horror / Survival,Mostly civilian with some military presence,Like cyberspace / networked or abstract domain,Very different (human bodies/technology constantly challenged),"Jean confronts le Roi, the cryptarch who has been secretly ruling the Oubliette. Le Roi shoots Jean with a q-gun, fires the revolver to activate the memory palace machine, and the tzaddikim are simultaneously battling for control of the city. This is direct, violent strategic struggle.","Le Roi reveals that the Oubliette was originally a prison-turned-terraforming-colony, and that the cryptarchs hacked the panopticon system to create the exomemory and govern the city. The settlement is permanent and has been governed for centuries by le Roi and the cryptarchs.","Le Roi describes the Oubliette's founding as a pre-Collapse penal colony where criminals terraformed Mars. He mentions being unable to leave Mars due to embedded restrictions. Earth is referenced only as ancient history, with the Collapse separating the current civilization completely.","Le Roi reveals the Oubliette was a prison whose inmates hacked the panopticon into the exomemory, fabricated a false history with zoku help, and created a society where one man secretly controls all citizens' memories. The social order is built entirely on manufactured reality and hidden control.","Jean and le Roi communicate in a shared language peppered with specialized terms like gevulot, gogol, q-gun, Sobornost, and Quiet. Le Roi references Sante Prison on Earth, showing linguistic continuity with the past, but the vocabulary is heavily modified.","Le Roi describes the original colonists processing regolith, lighting Phobos with nukes, and melting the ice cap to terraform Mars. Even in the present, Jean's leg is blown off by a q-gun and buildings collapse as the memory palace machine activates. The environment becomes actively hostile.","The chapter references multiple settled locations across the solar system: the Oubliette on Mars, Sante Prison on Earth, the zoku colony, and Sobornost domains. Le Roi has lived on Mars for centuries. Space habitation is entirely normalized.","Le Roi reveals himself as a competing cryptarch who eliminated other cryptarchs, while the tzaddikim, zoku, and Sobornost represent additional independent factions. The pre-Collapse government that created the prison colony represents yet another historical political entity.","The chapter is a tense confrontation between Jean and the armed cryptarch le Roi, who shoots Jean's leg off, fires the revolver to activate a devastating machine, and kicks Jean in the face. Buildings collapse around them as the memory palaces converge violently.","Le Roi wields military-grade weapons (a zoku q-gun) and the memory palace machine causes massive destruction, but the conflict is fundamentally between civilian power brokers. Le Roi describes himself as a gardener, not a military figure, though he uses extreme violence.","Le Roi's power comes from controlling the exomemory panopticon system. The conflict centers on who controls the digital memory infrastructure. The memory palace machine is activated through quantum-entangled Watches linked to people's exomemories, making this a networked domain conflict.","Jean has a Sobornost body that provides anaesthesia when his leg is blown off. Le Roi uses a q-gun and zoku jewels. The memory palaces are picotech machines embedded in buildings that physically converge, disassembling matter. The physical environment is fundamentally alien."
Finland,The Quantum Thief,Chapter 19 - The Detective and the Ring,High contestation (frequent conflict or strategic struggle),Habitable and governable (permanent settlements can hold territory),"Extreme / effectively unreachable (generational, completely separate, or one-way-feeling distance)",Radically different / alien social order,"Mostly same, with dialect/slang differences",Extremely hostile (constant survival pressure),Normalized / widespread (space habitation is ordinary for humanity),"Highly fragmented political landscape (multipolar with many factions, corporations, colonies, microstates)",Military / war,Mixed civilian-military domain,Like cyberspace / networked or abstract domain,Radically non-Earth-like (physics/environment fundamentally unlike Earth experience),"The chapter depicts full-scale military conflict: Mieli battles assault Quiet over the burning city, phoboi swarm toward the Oubliette, the cryptarch-controlled citizens execute memory-inoculated survivors, and the zoku colony debates whether to intervene or flee. Multiple factions are in open warfare.","The Oubliette is a permanent settlement under siege from both internal conflict and external phoboi attack. Mieli observes the stopped city from orbit, the zoku colony maintains its autonomous territory, and orbital control manages traffic. Territory is held but contested.","Mieli operates from orbit around Mars, communicating with her ship Perhonen. The Pellegrini controls things from within the Sobornost network. Earth is never referenced. The characters exist entirely within a far-future solar system completely separated from Earth.","The chapter features a warrior from the Oort Cloud negotiating with a goddess who possesses her body, offering a gogol copy of herself as bargaining currency. The zoku debate abandoning the city through silver portals, while Pixil tears out her zoku jewel to leave her collective. This is an utterly alien social order.","Characters communicate in a shared language with heavy use of specialized terms: gevulot, phoboi, q-dot, metacortex, Realmgate, gogol. The language is recognizable but saturated with far-future technological and cultural vocabulary.","The chapter depicts a city under simultaneous attack from phoboi (hybrid biological weapons breeding through billions of virtual generations), internal civil war, and cryptarch mind-control. Mieli fires antimatter weapons and nano-missiles. Survival is actively threatened from multiple directions.","The chapter shows multiple populated locations: the Oubliette with its massive civilian population, orbital stations with sentry fleets, the Oort Cloud civilization Mieli comes from, and the Sobornost guberniyas. Space habitation is completely ordinary.","The chapter features at least five distinct political entities in active conflict or negotiation: the Oubliette cryptarchs, the tzaddikim resistance, the zoku colony (debating flight vs. engagement), the Sobornost (represented by the Pellegrini), and the phoboi as autonomous biological threats.","The chapter is dominated by military action: Mieli makes a combat insertion from orbit, fires antimatter weapons and nano-missiles, battles assault Quiet, and coordinates with Perhonen against the phoboi invasion. Raymonde fights with foglet weaponry. This is a full-scale war chapter.","Military and civilian elements are deeply intertwined. Mieli conducts military operations while Raymonde leads civilian resistance. The Quiet fleet provides military defense, but the city itself is a civilian settlement. Isidore negotiates as a civilian while military conflict rages around him.",Isidore uses a stolen entanglement ring to enter the Realmspace inside the needle. Pixil uses zoku technology to project them into a virtual space. The conflict resolution involves accessing digital/quantum infrastructure rather than purely physical combat. Even the phoboi breed through virtual generations.,"The chapter features a walking city that has stopped moving, a black needle made of pseudomatter (quark matter or spacetime foam), phoboi that breed through billions of virtual generations, Mieli being fired at Mars in a q-dot bubble, and Pixil tearing out a biological zoku jewel. The physics and environment are fundamentally alien."
Finland,The Quantum Thief,Chapter 20 - Two Thieves and a Detective,Total war / constant conflict,Habitable and governable (permanent settlements can hold territory),"Extreme / effectively unreachable (generational, completely separate, or one-way-feeling distance)",Radically different / alien social order,"Mostly same, with dialect/slang differences",Extremely hostile (constant survival pressure),Normalized / widespread (space habitation is ordinary for humanity),"Highly fragmented political landscape (multipolar with many factions, corporations, colonies, microstates)",Military / war,Mixed civilian-military domain,Like cyberspace / networked or abstract domain,Radically non-Earth-like (physics/environment fundamentally unlike Earth experience),"The chapter depicts simultaneous conflicts on multiple fronts: Jean fights le Roi inside the memory palace Realmspace, Mieli and Raymonde battle cryptarch-controlled Quiet and phoboi outside, the zoku rides out against the phoboi horde, and Isidore and Pixil confront le Roi who kills Pixil. This is total, multi-front war.","The Oubliette is a permanent settlement fighting to survive. The chapter ends with Isidore using the Voice to restore order, getting the city moving again. Despite the crisis, the settlement's governance infrastructure (the Voice, the Quiet) ultimately reasserts control.","The action takes place entirely on Mars, within a post-singularity solar system. Perhonen operates in orbit while Mieli fights on the surface. Earth is referenced only through ancient history in the memory palace's automata. The separation from Earth is absolute.","The chapter features consciousness transferred into a virtual Realmspace, wax automata serving as memory constructs, Jean releasing a Dilemma Prison Archon from inside his own virtual body, and Isidore inheriting control of the Voice to command an entire city. This is a completely alien social order.","Characters communicate in a recognizable language but use extensive specialized vocabulary: Realmspace, q-gun, foglet, Archon, phoboi, metacortex. The underlying communication is comprehensible but laden with far-future terminology.","The chapter depicts constant lethal threats: le Roi shoots Jean and has him dragged to a wax-making workshop, Pixil is killed by le Roi's swordcane, phoboi breach the city walls, and Mieli fights through cryptarch-controlled assault Quiet. Survival pressure is extreme on all fronts.","Multiple populations inhabit space: the Oubliette's citizens, the zoku colony riding out on quantum mounts, the Sobornost-affiliated Perhonen in orbit, and the phoboi as Mars-native organisms. Space habitation is completely normalized across many forms.","The chapter features at least six distinct factions in active conflict: le Roi's cryptarch forces, the tzaddikim, the zoku (who ride out to fight phoboi), the phoboi, the Sobornost (Mieli/Pellegrini), and Jean as an independent actor. Isidore emerges as a new power center.","The chapter is dominated by combat across multiple fronts: swordfighting in Realmspace, Mieli cutting through Quiet with q-blades, Perhonen lobbing antimatter warheads at phoboi, zoku ghost-riders unleashing nanotech weaponry. This is a full-scale war chapter with constant action.","Military and civilian elements are inseparable. Mieli uses Sobornost military weapons, Raymonde fights with foglet technology, the zoku deploys combat riders, but Isidore resolves the conflict through civilian governance by speaking with the Voice. The domain is thoroughly mixed.",Much of the chapter takes place inside a Realmspace virtual world where Jean releases a software construct (the Archon) to create a Dilemma Prison. The climax occurs when Isidore uses the exomemory network and the Voice to pacify the entire city. The decisive actions are digital/networked.,"The chapter features a virtual palace where consciousness exists as software, a needle made of pseudomatter that converts people to data, an Archon that turns walls to glass as it creates a prison, zoku ghost-riders made of shimmer and diamond, and phoboi that are hybrid biot/biological weapons. The physics are fundamentally alien."
Finland,The Quantum Thief,Chapter 21 - The Thief and the Stolen Goodbye,"Low contestation (minor competition, little open conflict)",Habitable and governable (permanent settlements can hold territory),"Extreme / effectively unreachable (generational, completely separate, or one-way-feeling distance)",Radically different / alien social order,"Mostly same, with dialect/slang differences",Manageable but risky,Normalized / widespread (space habitation is ordinary for humanity),"Highly fragmented political landscape (multipolar with many factions, corporations, colonies, microstates)",Drama,Entirely civilian,Like cyberspace / networked or abstract domain,Very different (human bodies/technology constantly challenged),"The chapter is a denouement after the crisis. Jean says goodbye to Isidore and Raymonde peacefully. While Jean mentions the Sobornost will come after the Oubliette, the chapter itself depicts reconciliation and departure rather than active conflict.","The Oubliette is healing and resuming normal function. Isidore has inherited the cryptarch key and plans to give the Voice back to the people. Perhonen sits near the city walls, and the city continues to move. The settlement remains permanent and governable.","Jean departs Mars heading for Earth, indicating a long journey. The characters exist in a far-future solar system where travel between planets requires significant effort. Jean asks Perhonen to take her time so he can watch the scenery, suggesting a long voyage.",Isidore is now a Cryptarch controlling the Voice and exomemory of the entire Oubliette. Jean departs in a sentient ship with an Oort Cloud warrior. The Oubliette's governance is being restructured from hidden authoritarian control to something new. The social order remains radically different from Earth.,"Characters communicate naturally in a shared language with familiar terms like revolution, opera, and detective, alongside specialized vocabulary like gevulot, Quiet, and koto brother. The language is recognizable but inflected with unique cultural terms.","The immediate crisis has passed and the city is healing, but Jean warns Isidore that the Sobornost will come hard and fast. The environment is currently manageable but faces future existential threats. The Diamond Prison needle remains visible above the rooftops.","The chapter depicts multiple civilizations across the solar system as ordinary: the Oubliette on Mars, Jean heading to Earth, the zoku colony, and Mieli from the Oort Cloud. Jean casually says he is going to Earth as if it were a normal destination.","Jean warns about the Sobornost threatening the Oubliette, mentions the zoku will help defend it, and Raymonde wears her Gentleman outfit representing the tzaddikim. Multiple independent political entities continue to exist and interact across the solar system.","The chapter is an emotional farewell. Jean says goodbye to Isidore (who may be his son), has a wordless parting with Raymonde on the red sand, and departs with Mieli. The tone is bittersweet and reflective, focused on character relationships and emotional resolution.","The chapter is entirely focused on civilian farewells and departures. Jean visits Isidore in his kitchen, exchanges goodbyes with Raymonde, and boards Perhonen. There is no military action or military presence in this concluding chapter.","Isidore now controls the exomemory and the Voice, a networked system that governs the entire Oubliette. Jean holds the Schrodinger Box containing unknown quantum data. The Diamond Prison needle is visible as a permanent reminder that space is characterized by digital-quantum infrastructure.","The chapter features a sentient ship (Perhonen), a walking city with a diamond prison needle visible above rooftops, zoku transport bubbles, foglet halos worn as clothing, and reliefs on city walls that sing inside Mieli's mind. The physical environment remains very different from Earth."
Finland,The Quantum Thief,Interlude 7,High contestation (frequent conflict or strategic struggle),Extensive territorial occupation (many settled worlds/regions held like states or empires),"Extreme / effectively unreachable (generational, completely separate, or one-way-feeling distance)",Radically different / alien social order,"Mostly same, with dialect/slang differences",Benign / easily survivable,Normalized / widespread (space habitation is ordinary for humanity),"Highly fragmented political landscape (multipolar with many factions, corporations, colonies, microstates)",Political / diplomatic,Mostly civilian with some military presence,Like cyberspace / networked or abstract domain,Radically non-Earth-like (physics/environment fundamentally unlike Earth experience),"The interlude reveals intense political conflict among the Sobornost Founders. The Pellegrini is being threatened with gogolcide by other Founders, Chen demands weapons against rivals, and the Engineer is manipulated into creating a Hunter to pursue the escaped prisoners. This is high-level strategic struggle.","The Engineer's guberniya is described as a diamond sphere the size of old Earth, containing trillion gogols. The Sobornost spans vast guberniyas, oblasts, and raions. Chen is described as the most powerful Founder with voice stretching across all Sobornost territories. This is empire-scale occupation.",The Engineer's guberniya is a Dyson-scale structure eating matter and energy from the sun. The Sobornost spans the solar system with vast guberniyas. The Engineer references centuries of history since Minsk University. Earth is a distant memory; the scale of separation is extreme.,"The Engineer exists as a billion-handed entity tending a garden of growing minds, with gogol copies serving as workers. The Founders are posthuman entities who can split into countless copies. The Pellegrini manipulates through centuries-old relationships. This is a completely alien social order.","The Founders communicate in a recognizable language, using names like Sasha and Josephine, referencing Minsk University and the Great Common Task. However, their vocabulary includes gogol, guberniya, virscape, and Founder codes, reflecting significant linguistic evolution.","The Engineer's machine garden is a paradise of his own design, where he cultivates minds in perfect conditions. The natural environment poses no survival challenge; the threats are entirely political, from other Founders. The virscape is designed for comfort and productivity.","The Sobornost Founders inhabit structures the size of planets, containing trillions of gogol copies. The Engineer's guberniya is a diamond sphere the size of Earth orbiting the sun. Living in space at massive scales is completely normalized for this civilization.","The interlude reveals internal Sobornost politics: Chen, the Pellegrini, Anton, Hsien, Chitragupta, and the Engineer are all distinct power centers within the Sobornost alone. Combined with the Oubliette, zoku, and Oort Cloud civilizations, the political landscape is highly fragmented.","The interlude is entirely focused on political maneuvering among the Sobornost Founders. The Pellegrini manipulates the Engineer through their old romantic connection, Chen demands cooperation through political pressure, and the Engineer is drawn into factional politics. This is pure political drama.","The Engineer's work is primarily civilian (cultivating minds, creating gogols for various purposes). However, the creation of the Hunter is a military act, Chen's warminds are referenced, and the Founders' political conflict has military implications. The domain is mostly civilian with military undercurrents.","The entire interlude takes place in a virscape (virtual reality space). The Engineer manipulates cognitive modules and neural pathways as if tending a garden. The Hunter is created from abstract cognitive architectures. Space is characterized as a fundamentally digital, networked domain.",The Engineer exists in a virscape inside a diamond sphere the size of Earth. He has a billion hands to tend growing minds made of cogwheels. The Pellegrini appears as a creature of spun silver. The Hunter is assembled from cognitive modules and neural pathway atlases. The physics and environment are completely unlike Earth.
