country,book,chapter,q1,q2,q3,q4,q5,q6,q7,q8,q9,q10,q11,q12,q1_justification,q2_justification,q3_justification,q4_justification,q5_justification,q6_justification,q7_justification,q8_justification,q9_justification,q10_justification,q11_justification,q12_justification
France,Off on a Comet,Book 1 - Chapter 1,"Low contestation (minor competition, little open conflict)",Other / Unsure,Other / Unsure,Other / Unsure,Same languages as Earth,Other / Unsure,Other / Unsure,Other / Unsure,Adventure / exploration,Mostly civilian with some military presence,Other / Unsure,Other / Unsure,"Captain Servadac and Count Timascheff arrange a duel over a romantic rivalry involving a young widow, representing a personal dispute rather than large-scale conflict. The challenge is handled with punctilious courtesy and formality.","This chapter takes place entirely on Earth, on the Algerian coast near Mostaganem. There is no depiction of space habitation or territory in space.","No journey to space occurs in this chapter. The setting is entirely terrestrial, focused on the Algerian coast and the town of Mostaganem.",Space culture is not yet depicted. The chapter establishes an Earth-based setting with French colonial Algeria and Russian aristocratic characters.,"The characters speak French as their common language. Servadac is a French officer and Timascheff is a Russian count, and they communicate directly without any translation technology.","No space environment is depicted yet. The only mention of unusual conditions is a dense fog that has hung over the world for two months, but this is terrestrial.",No one is living in space in this chapter. The story has not yet moved beyond its terrestrial setting.,"No political order in space is depicted. The chapter shows Earth nation-states (France, Russia) operating in colonial Algeria.","The chapter establishes an adventure tone with the duel arrangement between a dashing French officer and a Russian count, set against an exotic Algerian backdrop with hints of mysterious atmospheric phenomena.","Servadac is a military staff officer and the setting includes a military garrison at Mostaganem, but the chapter's main concerns are personal (romance, poetry, a duel of honor) rather than military operations.","Space is not yet characterized as any domain in this chapter, as the story remains entirely on Earth.",No space environment is depicted yet. The only hint of something unusual is the persistent global fog mentioned briefly.
France,Off on a Comet,Book 1 - Chapter 2,No contestation,Other / Unsure,Other / Unsure,Other / Unsure,Same languages as Earth,Other / Unsure,Other / Unsure,Other / Unsure,Adventure / exploration,Mostly civilian with some military presence,Other / Unsure,Other / Unsure,"This chapter is a character study of Captain Servadac and his orderly Ben Zoof, detailing their backgrounds and loyal bond. There is no conflict related to space.","The chapter is entirely Earth-based, providing biographical details of Servadac and Ben Zoof. No space territory or habitation is discussed.","No space journey is mentioned. The chapter describes Servadac's military career and his orderly's devotion, all within terrestrial settings.",No space culture is depicted. The chapter focuses on French military culture in colonial Algeria and Ben Zoof's love of Montmartre.,All communication is in French between the French officer and his French orderly. No space-related language differences exist.,No space environment or survival conditions are depicted in this character introduction chapter.,No one is in space. The chapter is entirely a backstory chapter set on Earth.,"No space political order exists yet. The chapter references Earth nations (France, Russia) and colonial Algeria.","The chapter builds the adventure genre through its characterization of Servadac as a brave, dashing officer who once filled a breach with his own body, and Ben Zoof as his devoted, colorful companion.","Servadac is a military officer and Ben Zoof a soldier, but their activities are personal and domestic rather than military in nature. Servadac's current duty is topographical surveying.",Space has not yet been introduced as a setting or domain in the narrative.,No space environment is depicted. The chapter is entirely terrestrial character exposition.
France,Off on a Comet,Book 1 - Chapter 3,No contestation,Other / Unsure,Other / Unsure,Other / Unsure,Same languages as Earth,Other / Unsure,Other / Unsure,Other / Unsure,Adventure / exploration,Mostly civilian with some military presence,Other / Unsure,Other / Unsure,"The chapter focuses on Servadac composing a love poem in his gourbi while Ben Zoof tries to sleep. The only tension is Servadac's frustration with rhyming, ending abruptly when both men are thrown to the ground by a violent unknown force.","No space habitation is depicted. The chapter takes place in the gourbi on the Algerian coast, though it ends with the cataclysmic event that will propel them into space.","No space journey has begun yet, though the catastrophic event at the chapter's end is the moment of transition. The characters are still on Earth's surface.",No space culture is yet evident. The setting remains terrestrial French colonial Algeria.,Servadac composes poetry in French and converses with Ben Zoof in French. No alternative languages or translation are present.,"The catastrophic event at the end hints at dangerous conditions to come, but no space survival conditions are yet depicted.",No one is yet living in space. The cataclysm occurs at the very end of the chapter.,No political order in space is depicted yet.,"The chapter mixes light comedy of Servadac's poetic struggles with a dramatic cliffhanger as an unutterable violent force throws both men to the ground, establishing the adventure-disaster tone.","Servadac is a military officer, but the chapter's content is entirely personal and domestic, focused on poetry composition and the gourbi dwelling.",Space is not yet introduced as a domain.,The cataclysm occurs but no space environment is yet observed or described.
France,Off on a Comet,Book 1 - Chapter 4,No contestation,Other / Unsure,Other / Unsure,Other / Unsure,Same languages as Earth,Extremely hostile (constant survival pressure),Other / Unsure,Other / Unsure,Thriller / Horror / Survival,Entirely civilian,Other / Unsure,Radically non-Earth-like (physics/environment fundamentally unlike Earth experience),The chapter describes a massive natural cataclysm through a series of rhetorical questions. There is no human conflict; the only force at work is the mysterious convulsion of nature itself.,"The chapter describes the cataclysmic moment but does not depict any habitation in space. The perspective remains terrestrial, questioning what phenomenon caused the upheaval.",The cataclysm is described but no journey through space is yet depicted. The chapter poses questions about the event rather than showing travel.,"No space culture is depicted in this brief, dramatic chapter focused entirely on the moment of catastrophe.",No dialogue occurs in this chapter; it is pure narrative description of the cataclysm. Language differences are irrelevant.,"The chapter depicts an extraordinarily violent natural convulsion: the earth groans, waters roar, air shrieks, the Mediterranean empties and refloods, and the moon's disc grows enormously. The question of whether any human could survive is explicitly raised.",No one is depicted as living in space; the chapter describes the catastrophic transition moment.,No political order in space is depicted.,"The chapter is a pure depiction of catastrophe and terror: billows rage to unprecedented heights, elements unite in deafening crash, earth groans, and the chapter ends asking if any human could have survived.",The cataclysm is a natural event with no military dimension. No military response or domain is depicted.,Space is not characterized as any particular domain in this chapter.,"The chapter describes physics going haywire: the Mediterranean empties and refloods in seconds, the moon appears at ten times its normal size, a new blazing spheroid appears, and the entire framework of the globe seems ruptured."
France,Off on a Comet,Book 1 - Chapter 5,No contestation,Cannot inhabit or hold territory,Other / Unsure,Basically Earth society in space,Same languages as Earth,Manageable but risky,Exceptionally rare (few astronauts/explorers),No political order / ungoverned,Adventure / exploration,Entirely civilian,Like the frontier / colonial expansion,Very different (human bodies/technology constantly challenged),Servadac and Ben Zoof discover strange physical changes after the cataclysm but face no human conflict. They attempt to reach their duel appointment but find the landscape drastically altered.,"The characters are unknowingly on a fragment carried into space, but they cannot yet comprehend or control their situation. The western part of Algeria has been swallowed by the sea, and they are stranded on what remains.","The characters do not yet know they are in space. They experience altered gravity, reversed cardinal points, and a six-hour day, but believe they are still on Earth.","Servadac and Ben Zoof continue behaving exactly as they did on Earth, maintaining their military roles and social customs. Servadac still wants to keep his duel appointment despite the upheaval.",Servadac and Ben Zoof communicate in French throughout. No language changes result from the cataclysm.,"The reduced atmospheric pressure causes labored breathing and thin voices, gravity is diminished allowing enormous leaps, and the sun rises in the west. However, the immediate environment remains survivable with food and shelter available.",Only Servadac and Ben Zoof appear to have survived on their fragment of land. They find no other people during the chapter.,"Mostaganem and the western part of Algeria have been swallowed by the sea. Servadac and Ben Zoof are alone, with no government or political structure remaining.","The chapter is driven by discovery and exploration as Servadac and Ben Zoof experience reduced gravity, reversed compass directions, and a dramatically shortened day, all while trying to understand their transformed world.","Although Servadac is a military officer, all activity in this chapter is survival and exploration. There is no military operation or domain.","The characters are effectively stranded on an unknown frontier, exploring unfamiliar terrain where the rules of nature have changed, much like explorers in uncharted colonial territory.","Gravity is drastically reduced, allowing 30-40 foot leaps. The sun rises in the west and sets in the east. Days last only six hours. The horizon is dramatically contracted. Atmospheric pressure is severely diminished."
France,Off on a Comet,Book 1 - Chapter 6,No contestation,"Visiting / Temporary presence only (stations, missions, outposts)",Other / Unsure,Basically Earth society in space,Same languages as Earth,Manageable but risky,Exceptionally rare (few astronauts/explorers),No political order / ungoverned,Adventure / exploration,Entirely civilian,Like the frontier / colonial expansion,Very different (human bodies/technology constantly challenged),"Servadac and Ben Zoof explore their island domain, finding no other humans and no conflict. Their only struggle is against the mystery of their situation and the altered natural conditions.","Servadac and Ben Zoof inhabit what they name Gourbi Island, a fragment of Algeria. They are stranded survivors, not deliberate settlers, and their presence feels temporary as they hope for rescue.","The characters still do not realize they are in space. They explore their island and discover it is surrounded by ocean, but cannot determine how far from Earth they are.","Servadac declares himself Governor General of Algeria and Ben Zoof calls himself the population, maintaining Earth social hierarchies and humor. Their behavior is entirely Earth-like.",All communication remains in French between the two characters. No language changes are depicted.,"The island has ample food, water, and livestock, but the drastically altered physical conditions (six-hour days, reduced gravity, compressed atmosphere) create ongoing risk. The shortened day and unknown luminous body in the sky add uncertainty.","After circumnavigating their island in five days, Servadac and Ben Zoof confirm they are the sole human inhabitants of Gourbi Island, a territory of about 900 square miles.",Servadac jokingly calls himself Governor General with not a soul to govern. The island is a tiny domain with two inhabitants and no functioning political structure.,"The chapter is structured as an exploration narrative as the two men systematically survey their island by horseback, mapping its quadrilateral shape and 171-mile circumference.","Despite Servadac's military rank, all activities are civilian exploration and survival. There are no military operations or objectives.","Servadac names the territory Gourbi Island and declares himself its governor, directly paralleling colonial expansion. They survey and map the land like frontier explorers.","Days and nights are six hours each. An unknown luminous body appears in the sky with an irregular orbit. The horizon is severely contracted. Gravity remains drastically reduced, allowing superhuman physical feats."
France,Off on a Comet,Book 1 - Chapter 7,No contestation,"Visiting / Temporary presence only (stations, missions, outposts)",Other / Unsure,Basically Earth society in space,Same languages as Earth,Harsh and resource-intensive,Exceptionally rare (few astronauts/explorers),No political order / ungoverned,Adventure / exploration,Entirely civilian,Like the frontier / colonial expansion,Very different (human bodies/technology constantly challenged),"No conflict occurs. Servadac and Ben Zoof wait for rescue, observe astronomical phenomena, and try to understand their situation. Ben Zoof keeps faithful watch on the cliff.","The two men remain stranded on Gourbi Island, hoping for rescue. Their habitation is makeshift and they explicitly plan to leave when a ship arrives. Servadac considers building a boat if none comes.","The characters still do not realize they have left Earth. They observe that the pole star has been displaced and Vega has become the new pole, but attribute this to Earth's axis shifting rather than space travel.","Servadac maintains his calendar by his watch, refuses to adopt the new day length, and the two men live exactly as they would on Earth. Ben Zoof compares them to Robinson Crusoe and Friday.",All dialogue remains in French. No language changes or communication difficulties beyond the thin atmosphere affecting voice volume.,"Water boils at 66 degrees centigrade due to reduced atmospheric pressure, requiring adjusted cooking times. Storms rage with tremendous fury for days. The temperature steadily increases as they apparently approach the sun. Vegetation grows precociously from the heat.",Only Servadac and Ben Zoof are known to be in this situation. No other humans have been sighted despite weeks of watching.,"The two men are alone on the island with no government, communication with any authority, or political structure. They hope for rescue from the governor general but none comes.","The chapter combines survival narrative with scientific mystery as Servadac observes displaced constellations, a strange planet with a satellite, and tries to deduce what has happened to the Earth's axis and rotation.",All activities are civilian survival and astronomical observation. There is no military dimension to the chapter.,"The Robinson Crusoe comparison is made explicitly. The men are stranded on an island frontier, surveying resources, keeping watch for passing ships, and contemplating building a boat.",Water boils at 66 degrees instead of 100. The pole star is displaced and Vega appears as the new pole. A strange planet with a satellite appears where no planet should be. The constellation patterns are altered dramatically.
France,Off on a Comet,Book 1 - Chapter 8,No contestation,"Visiting / Temporary presence only (stations, missions, outposts)",Moderate journey (months/meaningful separation),Basically Earth society in space,Same languages as Earth,Harsh and resource-intensive,Exceptionally rare (few astronauts/explorers),No political order / ungoverned,Adventure / exploration,Entirely civilian,Like the frontier / colonial expansion,Very different (human bodies/technology constantly challenged),No human conflict occurs. The chapter focuses on the approaching threat of Venus and the astronomical mystery. The only tension is between humans and the forces of nature.,Servadac and Ben Zoof remain on Gourbi Island as castaways. They cannot leave and are at the mercy of orbital mechanics. Their situation is temporary and involuntary.,"Though the characters do not fully understand it yet, they have been carried to Venus's orbital distance from the sun, about 66 million miles. They have been separated from Earth for nearly a month with no communication.",Servadac and Ben Zoof continue their Earth routines. Ben Zoof insists Montmartre is as hot as the tropics. Their social dynamic and cultural references remain entirely Earth-based.,All communication remains in French between the two characters.,Temperature reaches 50 degrees centigrade in the shade as Earth approaches the sun. The heat surpasses equatorial Senegal. Vegetation threatens to be scorched. Ben Zoof must construct a parasol to avoid being roasted alive on the cliff.,Still only Servadac and Ben Zoof are known survivors. No ship has appeared despite weeks of watching. A ship is finally spotted at the very end of the chapter.,"The two men remain isolated with no governance. Servadac speculates about crowds flocking to churches and newspapers publishing sensational articles, but has no contact with any authority.","The chapter builds tension through the approaching near-collision with Venus, with Servadac calculating distances and debating the danger with Ben Zoof, culminating in relief when collision is averted and excitement when a ship appears.",The chapter is entirely about astronomical observation and survival. No military activity occurs.,"The castaways remain on their island frontier, watching for ships like colonial settlers hoping for supply vessels, while the alien astronomical phenomena unfold around them.","The sun's diameter appears twice its normal size, consistent with Venus's orbital distance. Venus approaches to within 6 million miles, showing mountains and atmospheric details. Earth appears to be on a completely new orbit approaching Mercury."
France,Off on a Comet,Book 1 - Chapter 9,No contestation,"Visiting / Temporary presence only (stations, missions, outposts)",Moderate journey (months/meaningful separation),Basically Earth society in space,Same languages as Earth,Manageable but risky,Exceptionally rare (few astronauts/explorers),No political order / ungoverned,Adventure / exploration,Mostly civilian with some military presence,Like the ocean / naval,Very different (human bodies/technology constantly challenged),"Servadac and Count Timascheff reunite with courtesy rather than hostility, their previous duel rivalry forgotten in the face of the catastrophe. They cooperate to investigate the disaster.","The Dobryna arrives at Gourbi Island and anchors in a creek. The characters plan a maritime expedition to explore the Mediterranean, treating their situation as a temporary crisis requiring investigation.","The Dobryna has been sailing for 27 days without finding any land other than Gourbi Island. The count confirms the sun's reversed motion, shortened days, and diminished gravity, indicating they are far from normal Earth conditions.",The reunion follows Earth social customs with formal introductions and punctilious courtesy. The count offers his yacht for exploration. They plan to contact Algiers or European ports as if normal civilization still exists.,"Servadac and Timascheff communicate directly in French. The Russian count speaks French fluently, as is customary for Russian aristocrats.","The immediate environment is survivable with ample resources on the island, and the Dobryna provides transportation. However, the wider situation is dangerous with flooded coastlines, abnormal tides, and no known route to civilization.","Only Servadac, Ben Zoof, and the crew of the Dobryna are known survivors. The count confirms that Gourbi Island is the first land they have seen in nearly a month of sailing.","No functional government exists. Servadac leaves Ben Zoof as governor of Gourbi Island, a tongue-in-cheek title. They plan to seek out any remaining authority in Algiers or Europe.","The chapter is structured around preparation for a voyage of discovery. The Dobryna's engine is repaired, provisions are secured, and the expedition sets off to map their new domain.",Servadac is a military officer but acts in a civilian explorer capacity. The Dobryna is a private yacht with a civilian crew. Ben Zoof is left behind with quasi-military governor duties.,"The chapter is centered on naval activity: the Dobryna anchors, a boat is lowered, the harbor is scouted, the engine is repaired, and the expedition sails forth to explore unknown seas.","Abnormal tides are observed in the normally tideless Mediterranean. The temperature is steadily decreasing after its extreme rise. The earth's convexity has visibly changed, limiting the horizon to six miles."
France,Off on a Comet,Book 1 - Chapter 10,No contestation,"Visiting / Temporary presence only (stations, missions, outposts)",Moderate journey (months/meaningful separation),Basically Earth society in space,Same languages as Earth,Harsh and resource-intensive,Exceptionally rare (few astronauts/explorers),No political order / ungoverned,Adventure / exploration,Entirely civilian,Like the ocean / naval,Very different (human bodies/technology constantly challenged),"No conflict between characters or factions. The chapter focuses on the Dobryna's voyage searching for Algeria, with the crew cooperating to investigate the disappearance of the coastline.","The Dobryna explores the sea where Algeria should be, finding only uniform shallow water. The characters are nomadic explorers on their ship, with no permanent settlement beyond Gourbi Island.","Lieutenant Procope explains they have crossed Venus's orbit and are now receding from the sun. The Earth has been displaced from its 91-million-mile orbit, confirming a vast separation from normal conditions.","The crew of the Dobryna maintains Earth-like social structure: Lieutenant Procope commands the sailors, the count is the patron, and they use nautical instruments and customs. Servadac mourns his lost friends in Algiers.","Lieutenant Procope speaks French fluently, as do the Russian crew members. Conversations between the French captain, Russian count, and Russian lieutenant all occur in French.","The seas run abnormally high due to reduced gravity, with waves reaching 50-60 feet. The sea bottom has been replaced by a strange metallic dust. Algeria has completely vanished, and the sounding line finds only 4-5 fathoms where cities once stood.","The Dobryna finds no trace of Algeria's 15,000-inhabitant towns. Not a single material object floats on the surface. The small crew appears increasingly isolated as sole survivors.","Algeria, including its capital, has completely disappeared. No government, no authority, no other human presence can be found. The explorers are entirely on their own.","The chapter follows the Dobryna's systematic exploration using compass, log, and sounding line to investigate where Algeria once was. It is pure exploration narrative as they chart their new world.","The Dobryna is a private yacht on an exploratory mission. All activities are scientific investigation and navigation, with no military purpose.","The entire chapter takes place at sea on the Dobryna. Navigation, sounding, charts, and seamanship dominate the narrative. The exploration is fundamentally a naval expedition.","The sea bottom is composed of unknown metallic dust. Waves reach 50-60 feet due to reduced gravity. Planets have shifted positions, rendering sextants useless. The entire coastline of Algeria has been replaced by shallow, uniform ocean floor."
France,Off on a Comet,Book 1 - Chapter 11,No contestation,"Visiting / Temporary presence only (stations, missions, outposts)",Moderate journey (months/meaningful separation),Basically Earth society in space,Same languages as Earth,Harsh and resource-intensive,Exceptionally rare (few astronauts/explorers),No political order / ungoverned,Adventure / exploration,Entirely civilian,Like the ocean / naval,Very different (human bodies/technology constantly challenged),"No human conflict occurs. The Dobryna continues its search, finding only devastation. The crew discovers the tomb of St. Louis on a small surviving island fragment, treating it with reverence.","The crew briefly visits the tiny island tomb of St. Louis, finding it deserted except for cormorants. It is a fleeting stop during their exploratory voyage, not a settlement.",The Dobryna has now traveled extensively and confirmed that the entire North African coast from Algeria to Tunisia has vanished. They are deeply separated from any known civilization.,"The discovery of St. Louis's tomb evokes deep cultural reverence. Servadac recognizes the French prayer book and the historical significance, and all make a reverential obeisance. Earth cultural and religious traditions persist.",Communication remains in French. The old French prayer book found in the mosque is readable by the characters.,"The entire African coastline has been annihilated. Towns, mountains reaching 7,000 feet, and entire civilizations have vanished beneath a uniform shallow sea. The isolation is extreme.","The crew finds no survivors anywhere. The tomb of St. Louis is deserted, its custodian presumably perished. The Dobryna appears to carry the only living humans, compared to Noah's ark.",The complete destruction of the African coast means no political structure survives. The only human structure found is an ancient tomb with a guttering lamp.,"The chapter follows the Dobryna's ongoing exploration, culminating in the atmospheric discovery of the lamp-lit island tomb of St. Louis rising from the devastated sea.",The exploration is conducted by a civilian yacht. The discovery of the tomb has religious and historical rather than military significance.,"The chapter is entirely a naval voyage, with the Dobryna sailing at full steam, taking soundings, and making shore landings by boat. The sea dominates the narrative.",The sea bottom is uniformly flat with unknown metallic dust instead of normal marine formations. Former mountain ranges and cities have been completely leveled. No trace of normal Mediterranean marine life remains.
France,Off on a Comet,Book 1 - Chapter 12,No contestation,"Visiting / Temporary presence only (stations, missions, outposts)",Moderate journey (months/meaningful separation),Basically Earth society in space,Same languages as Earth,Extremely hostile (constant survival pressure),Exceptionally rare (few astronauts/explorers),No political order / ungoverned,Thriller / Horror / Survival,Entirely civilian,Like the ocean / naval,Radically non-Earth-like (physics/environment fundamentally unlike Earth experience),"No human conflict occurs. The crew discovers new land to the south, then sails eastward along an entirely new coastline of strange geological formation, finding it utterly barren and inhospitable.","The Dobryna is purely in transit, exploring the new coastline. No habitation is possible on the barren, precipitous new land they discover, which is described as naked and devoid of all life.","Temperature has dropped to 20 degrees as the Earth recedes from the sun, now apparently approaching Mars's orbit. The sun's disc matches what Mars observers would see, confirming great distance from Earth's normal position.",The crew maintains Earth naval customs and social hierarchy. Servadac longs for Algeria and wants to take Ben Zoof to Gibraltar. European national identities remain paramount.,Communication continues in French among the multilingual crew. No new languages or communication methods are introduced.,"The new coastline is utterly barren: no vegetation, no soil, no marine life, rising 200-300 feet in sheer precipice. Sea birds desperately seek refuge on the schooner, finding no sustenance on the sterile land. A furious tempest threatens to destroy the Dobryna.","The sea remains completely deserted. No other vessels, no coastal settlements, no signs of human life anywhere. Malta has vanished. The Dobryna's crew feels increasingly conscious of their isolation.",Malta has disappeared entirely. No functioning political authority exists anywhere they have explored. The crew is alone in an ungoverned wasteland.,"The chapter builds to a desperate survival climax as the Dobryna is driven by a hurricane toward sheer cliffs with no harbor of refuge. Lieutenant Procope declares their case desperate, and only a miraculous narrow opening in the rock saves them.","The Dobryna remains a civilian exploration vessel. The survival crisis is a natural disaster, not a military engagement.","The chapter is dominated by naval exploration and seamanship: charting coastlines, battling storms, navigating dangerous waters, and finding a narrow channel to escape destruction.",The new land is composed of unknown metallic material with crystallizations rising like pyramids and obelisks. It glitters with pyrites-like brilliance and is completely devoid of all life. The geological formation is entirely alien to Earth experience.
France,Off on a Comet,Book 1 - Chapter 13,"Low contestation (minor competition, little open conflict)","Visiting / Temporary presence only (stations, missions, outposts)",Moderate journey (months/meaningful separation),Basically Earth society in space,Same languages as Earth,Manageable but risky,Uncommon (small specialist population),Earth nation-states extend into space,Comedy / satire,Mixed civilian-military domain,Like the frontier / colonial expansion,Somewhat different (manageable environmental differences),The chapter introduces British soldiers on Gibraltar who are unperturbed by the catastrophe. The only hint of contest is the cannon ball that accidentally damages the Dobryna and nearly hits the Russian sailor Panofka.,"The British garrison occupies a tiny island remnant of Gibraltar, a military outpost with 13 men and subterranean stores. Their presence is characterized as holding a post while awaiting rescue from England.","The British garrison has been completely cut off from England since the catastrophe, with no ships or telegraph communication. They are separated by unknown distances from their homeland.","The British officers maintain rigid military protocol, proper uniforms, pay schedules, four meals a day, and their chess game. They are quintessentially Earth society transplanted unchanged, even insisting England will surely send for them.",The British soldiers speak English among themselves. No new languages or translation technology is present.,"The British garrison has ample preserved food, ale, and brandy for five years. However, their island is a tiny fragment, the telegraph cable is broken, and they have only one small boat. They note the shortened days and reduced gravity.","The discovery of 13 British survivors on Gibraltar adds to the known population. Combined with Servadac, Ben Zoof, and the Dobryna crew, a small community of survivors is emerging.","The British officers emphatically maintain that Gibraltar is English territory, citing the Treaty of Utrecht. They fly the British standard and maintain military discipline as representatives of England.","The chapter is satirical comedy, lampooning British phlegmatism. The officers play chess through a catastrophe, debate pay scales for six-hour days, fire a royal salute for the Queen's anniversary, and show no surprise at world-altering events.","The Gibraltar outpost is explicitly military: uniformed soldiers, a colonel and major in command, artillery pieces, regimental discipline, and a royal salute. But the activities are garrison life, not combat.","The British outpost on Gibraltar is explicitly described as a colonial enterprise. The narrative notes the English faculty of colonization, saying they would establish a colony on the moon if they planted their flag there.","The British notice the shortened days, reduced gravity (chess pieces losing weight, cannon ball flying beyond the horizon), and reversed compass points, but adapt without much concern. The changes are manageable if perplexing."
France,Off on a Comet,Book 1 - Chapter 14,Moderate contestation (ongoing rivalry/disputes),"Visiting / Temporary presence only (stations, missions, outposts)",Moderate journey (months/meaningful separation),Basically Earth society in space,Same languages as Earth,Manageable but risky,Uncommon (small specialist population),Earth nation-states extend into space,Comedy / satire,Mixed civilian-military domain,Like the frontier / colonial expansion,Somewhat different (manageable environmental differences),"Sharp national rivalry erupts between the French captain and British officers. Servadac and Colonel Murphy nearly come to blows over national honor, with Servadac claiming neutral ground and Murphy asserting English sovereignty. The Russian sailor Panofka's injury sparks a near-brawl between crews.","The Dobryna visits the British outpost on Gibraltar. Both groups are stranded on tiny island fragments, maintaining presence but unable to expand or permanently settle. The visit is brief and contentious.","The revelation that they have reached Gibraltar after sailing east from Algeria demonstrates the world has shrunk dramatically. The characters are profoundly separated from normal Earth, though they do not yet fully understand why.","Earth national rivalries are reproduced exactly. French and British pride clash over territorial claims and national honor. The formal introduction ceremony, the colonial attitudes, and the nationalism are all purely Earth cultural patterns.","The conversation is carried on in French, described as a language generally known by both Russians and Englishmen. The narrative notes Frenchmen's refusal to learn Russian or English.","Both groups have food and shelter, but their wider situation is dire. The telegraph cable is broken, no ships pass, Malta has vanished, and the extent of destruction remains unknown. The geographical confusion adds to the risk.","The combined group of French, Russian, and British survivors numbers roughly 20 people across two locations. This is a small but growing known population of survivors.",The territorial dispute is explicitly about Earth nation-states asserting sovereignty. Colonel Murphy claims Gibraltar as English by the Treaty of Utrecht. Servadac considers the Ionian Islands as under English protection but not sovereignty. National flags fly prominently.,"The chapter is sharp satire of national rivalries. The absurdity of French and British officers arguing over territorial claims while stranded on fragments of a shattered world is played for comic effect, with the stiff formalities and wounded pride being lampooned.","Both military officers (Servadac, Murphy, Oliphant) and civilian elements (Timascheff's yacht) are present. The dispute mixes military protocol with diplomatic posturing.","The territorial dispute over Gibraltar directly mirrors colonial expansion dynamics. Murphy asserts conquest rights, Servadac challenges sovereignty, and the island is treated as colonial territory to be claimed and defended.","The major revelation is geographic: sailing east from Algeria has brought them to Gibraltar, meaning the Mediterranean has shrunk enormously. The physical environment on Gibraltar remains manageable with its underground stores."
France,Off on a Comet,Book 1 - Chapter 15,No contestation,"Limited settlement (small colonies, hard to sustain/control)","Long-distance journey (years, major separation from Earth)",Basically Earth society in space,Same languages as Earth,Harsh and resource-intensive,Uncommon (small specialist population),No political order / ungoverned,Adventure / exploration,Entirely civilian,Like the ocean / naval,Radically non-Earth-like (physics/environment fundamentally unlike Earth experience),"After the contentious departure from Gibraltar, the chapter focuses on intellectual investigation. Servadac, Timascheff, and Procope cooperate to analyze their situation and decipher a mysterious message from the sea.","Lieutenant Procope proposes that a fragment of Earth has become a new asteroid called Gallia. The surviving settlements on Gourbi Island and Gibraltar represent small colonies on a tiny new world, difficult to sustain and impossible to govern normally.","The message in the telescope case reveals they are 59 million leagues from the sun and have traveled 82 million leagues. Procope confirms they crossed Mars's orbit. They are on a new asteroid with an unknown orbital period, possibly never to return to Earth.","The characters maintain Earth identities completely. Servadac hopes France is carried along, Timascheff adds Russia. They use Earth scientific methods and cultural references to understand their situation.","The mysterious note is written in a mix of French, English, Italian, and Latin. The characters communicate in French. All languages are Earth languages with no space-specific variation.",They are on a tiny new asteroid whose orbit is unknown and potentially dangerous. The geological composition is alien. Resources are limited to what the fragment carried from Earth. The Spanish coast has vanished entirely.,"The message in the sea proves at least one other person is alive and aware of the situation. Combined with the Gourbi and Gibraltar survivors, a small population exists on the new world.","Despite the British claiming Gibraltar, there is no functional political order on Gallia. The new asteroid has no government, no law, and no communication infrastructure. The survivors are effectively ungoverned.","The chapter combines scientific deduction with adventure as the crew pieces together that they are on a new asteroid, finds a mysterious message in a telescope case, and continues exploring the altered Mediterranean.","The activities are entirely scientific investigation and exploration. The crew analyzes orbits, deciphers messages, and charts coastlines, with no military dimension.","The chapter takes place aboard the Dobryna, navigating unknown seas, finding a message in a floating telescope case, and charting vanished coastlines. The exploration remains fundamentally maritime.","The Earth's circumference has been reduced to 1,400 miles, meaning the diameter shrank by fifteen-sixteenths. The new asteroid has alien geological composition. They orbit the sun on an elongated ellipse crossing multiple planetary orbits. Spain has been replaced by barren metallic cliffs."
France,Off on a Comet,Book 1 - Chapter 16,No contestation,"Visiting / Temporary presence only (stations, missions, outposts)","Long-distance journey (years, major separation from Earth)",Basically Earth society in space,Same languages as Earth,Harsh and resource-intensive,Exceptionally rare (few astronauts/explorers),No political order / ungoverned,Adventure / exploration,Mostly civilian with some military presence,Like the ocean / naval,Very different (human bodies/technology constantly challenged),"There is no conflict or contestation over space in this chapter. The crew of the Dobryna explores the coastline searching for France, finding only barren rock and ice where Provence once stood.","The voyagers are transient explorers on the comet Gallia, unable even to disembark for most of the chapter. When they finally land near Cap Antibes, they find only desolate, uninhabitable rock with no vegetation or animal life.","Gallia is receding rapidly from the sun, with Jupiter growing brighter and Mars fading. The chapter notes that the planet is traveling far away across the planetary regions, and the explorers find only a marble fragment inscribed 'Vil' as a remnant of Earth civilization.","The characters retain their French, Russian, and other national identities and customs entirely. Servadac mourns France, and Count Timascheff quotes Latin mottos. There is no distinct space culture forming.","The characters speak French as their primary language, with no linguistic changes due to being in space. Count Timascheff quotes Latin and the crew communicates normally.","The temperature is falling steadily, the air is rarefied at higher elevations making respiration difficult, and the landscape is utterly barren with no vegetation or animal life. Snow and ice cover the summit they climb.","Only a handful of people are aboard the Dobryna exploring the comet. The chapter focuses on Servadac, Timascheff, and Procope as the sole known human presence in this part of Gallia.",There is no formal political structure on Gallia at this point. The small crew of the Dobryna operates informally under the leadership of Servadac and Timascheff without any governmental framework.,"The entire chapter is devoted to the Dobryna's voyage of exploration along the transformed coastline, searching for remnants of France. The discovery of the narrow rift and the climb to the summit are classic adventure elements.","Captain Servadac is a military officer and Lieutenant Procope commands the yacht, giving a military flavor, but the expedition is fundamentally a civilian exploration mission aboard a private yacht.","The entire chapter is structured around naval exploration aboard the schooner Dobryna, navigating coastlines, seeking anchorages, and using maritime terminology throughout.","The environment is radically altered: the sun appears diminished, temperatures are dropping, the air is rarefied at altitude, and the entire landscape is composed of alien hexagonal crystallized rock with no vegetation or life whatsoever."
France,Off on a Comet,Book 1 - Chapter 17,No contestation,"Visiting / Temporary presence only (stations, missions, outposts)","Long-distance journey (years, major separation from Earth)",Basically Earth society in space,Same languages as Earth,Harsh and resource-intensive,Exceptionally rare (few astronauts/explorers),No political order / ungoverned,Adventure / exploration,Mostly civilian with some military presence,Like the ocean / naval,Very different (human bodies/technology constantly challenged),"There is no conflict over space. The characters debate whether to continue exploring or return to Gourbi Island, but this is cooperative decision-making, not contestation.","The explorers visit a small island remnant of Sardinia where they find Nina and her goat, but these are temporary refuges. The Dobryna continues its survey without establishing permanent settlements.",A second mysterious document confirms Gallia is 78 million leagues from the sun and receding. The journey is described as an extraordinary excursion through space with diminishing prospects of return.,"The characters retain their national identities completely. They discuss nationality explicitly, with Servadac declaring that nationality should be extinct but Count Timascheff remarking that an Englishman will always be an Englishman.","Nina speaks Italian, the crew speaks French, and there is no change in language. The second mysterious document mixes French, Italian, and Latin phrases.","The temperature continues to drop, the sea threatens to freeze, and coal supplies are running low. Lieutenant Procope warns that navigation will soon be impossible due to freezing conditions.","The known population is extremely small: the Dobryna crew plus Nina, a lone child survivor found on a tiny remnant of Sardinia with only her goat for company.","No formal governance exists. The explorers cooperate informally, and the discovery of Nina shows isolated survivors without any political structure.","The chapter continues the maritime exploration of Gallia's coastline, features the discovery of the child Nina on a remnant of Sardinia, and includes the finding of a second mysterious astronomical document.","The expedition remains primarily civilian in nature aboard a private yacht, though led by military officers Servadac and Procope. The rescue of Nina is a humanitarian act.","The chapter is entirely structured around naval exploration: the Dobryna follows coastlines, navigates straits, discovers islands, and uses nautical terminology throughout.","The physical environment features a magnificent but alien meteor shower, diminished sunlight, falling temperatures, and a completely transformed geography where Italy and Sicily have vanished, replaced by unknown mineral formations."
France,Off on a Comet,Book 1 - Chapter 18,"Low contestation (minor competition, little open conflict)","Limited settlement (small colonies, hard to sustain/control)","Long-distance journey (years, major separation from Earth)",Basically Earth society in space,Shared lingua franca plus local variation,Manageable but risky,Uncommon (small specialist population),Single unified authority,Adventure / exploration,Mostly civilian with some military presence,Like the frontier / colonial expansion,Somewhat different (manageable environmental differences),"There is minor conflict between Ben Zoof and the birds devastating the crops, and tension around the Spaniards and the Jewish merchant Isaac Hakkabut over debts, but no serious contestation over space itself.","Gourbi Island now hosts a colony of twenty-two people who are harvesting crops and managing livestock, but the settlement is fragile and dependent on limited resources.","The chapter states they are more than eighty million leagues from Earth, with Servadac telling Ben Zoof they may never see Europe, France, or Paris again.","The population represents multiple European nations (French, Russian, Italian, Spanish, German-Jewish) maintaining their Earth identities, customs, and social dynamics completely. The Spaniards dance fandangos and play castanets.","Multiple languages are in active use: French as the administrative language, Spanish among the majos, Italian by Nina, and Isaac Hakkabut speaks French, Russian, Spanish, German, and Italian. Servadac uses Gascon to understand the Spanish song.","The island has crops, livestock, and fresh water, making survival manageable. However, the birds threaten the harvest, fuel is scarce, and the approaching winter on a comet heading away from the sun poses real danger.","The total population of Gallia has grown to twenty-two on Gourbi Island plus thirteen English at Gibraltar, a small but established community rather than just a few explorers.","Ben Zoof has introduced Servadac as the governor general, and the Spaniards accept his authority. The chapter shows the beginning of a unified colonial administration under Servadac's leadership.","The chapter features the return to Gourbi Island, the discovery of new inhabitants (Spaniards and Hakkabut), and the colorful scene of the fandango dance with reduced gravity sending dancers thirty feet into the air.","Servadac acts as governor general with military authority, but the community is fundamentally civilian, consisting of farmers, sailors, a merchant, and children engaged in agricultural work.","The chapter reads like a colonial frontier narrative: a governor overseeing settlers from various nations, managing harvests, dealing with a merchant trader, and establishing order on an isolated territory.","Gourbi Island retains Earth-like qualities with crops, livestock, and breathable air. The key differences are reduced gravity (dancers leap thirty feet high) and the shrinking sun, but conditions are currently manageable."
France,Off on a Comet,Book 1 - Chapter 19,"Low contestation (minor competition, little open conflict)","Limited settlement (small colonies, hard to sustain/control)","Long-distance journey (years, major separation from Earth)",Basically Earth society in space,Shared lingua franca plus local variation,Manageable but risky,Uncommon (small specialist population),Single unified authority,Adventure / exploration,Mostly civilian with some military presence,Like the frontier / colonial expansion,Somewhat different (manageable environmental differences),"There is minor social tension between Isaac Hakkabut demanding payment from the Spaniards and Servadac trying to maintain order, but no real conflict over territory or resources in space.","The colony of twenty-two on Gourbi Island is formally organizing under Servadac's governorship, with resources from the Dobryna, the Hansa's cargo, and the island's produce, but sustainability remains uncertain.","Servadac tells the assembled population that they are cut off from every country of Europe and that they have left the Old World entirely, with the old globe far away and little chance of return.","The chapter explicitly catalogs the European nationalities represented on Gallia: French, Russian, Italian, Spanish, and German. Social hierarchies and commerce disputes mirror Earth society exactly.","Servadac addresses the Spaniards in Spanish, Hakkabut speaks French, Russian, Spanish, German, and Italian. Multiple Earth languages coexist with French serving as the administrative language.","Resources are adequate for now with the Dobryna's provisions, the Hansa's cargo, and island produce. However, the duration of winter is unknown and the colony must carefully manage food and fuel supplies.",The population stands at thirty-six including the English at Gibraltar and a possible anonymous writer elsewhere. This is a small but established multi-national community.,"Servadac formally accepts the position of governor general at Count Timascheff's suggestion, with the count pledging his Russian crew's obedience. A single unified authority is now established.","The chapter focuses on organizing the colony, inspecting the Hansa's rich cargo, and Servadac's formal assumption of leadership. The tone mixes adventure with the drama of community-building on an alien world.","While Servadac is a military captain now serving as governor, the community is overwhelmingly civilian: Spanish laborers, Russian sailors, a merchant, and children, engaged in farming and trade.","The chapter strongly resembles a colonial narrative: a governor is formally appointed over a multi-national settlement, resources are inventoried, and the challenge of governing diverse peoples on an isolated frontier is the central theme.","The physical differences from Earth are noted but manageable: reduced gravity allows the Hansa to be worked easily, and Gourbi Island retains productive soil. The key concern is the approaching cold as Gallia recedes from the sun."
France,Off on a Comet,Book 1 - Chapter 20,No contestation,"Limited settlement (small colonies, hard to sustain/control)","Long-distance journey (years, major separation from Earth)",Basically Earth society in space,Same languages as Earth,Extremely hostile (constant survival pressure),Uncommon (small specialist population),Single unified authority,Thriller / Horror / Survival,Mostly civilian with some military presence,Like the frontier / colonial expansion,Very different (human bodies/technology constantly challenged),"There is no conflict or contestation in this chapter. The colonists cooperate in preparing winter quarters, and even Hakkabut's resistance to moving is passive and self-interested rather than conflictual.","The colony faces a survival crisis: their attempts to dig underground shelters are thwarted by an impenetrable rock substratum, and the surface buildings cannot withstand the intensifying cold. The discovery of the volcano offers a potential solution.","Gallia is now a hundred million leagues from the sun, nearly three times Earth's distance, with the sun visibly diminishing and temperatures dropping toward dangerous levels.","The colonists maintain their Earth social structures completely. Ben Zoof dreams of Montmartre's stone quarries, the community works together in familiar patterns, and national identities persist unchanged.","No language changes are noted. Characters communicate in French as before, with no distinct space language developing.","The chapter depicts escalating survival pressure: temperatures have dropped to 8 degrees below zero, the impenetrable substratum prevents underground shelter, fuel is running out, and death from exposure seems imminent until the volcano is spotted.",The same small colony continues its existence on Gallia. The chapter focuses on the collective survival challenge of the roughly two dozen inhabitants.,"Servadac continues to govern, making decisions about winter preparations, directing work crews, and ordering the Hansa to be moved. His authority is accepted by all except the reluctant Hakkabut.","The chapter is dominated by survival tension: the colonists face certain death from cold, their shelter plans fail, and desperation mounts until the dramatic discovery of the volcanic light on the horizon provides hope.","The community is engaged in civilian survival activities: digging shelters, chopping wood, managing animals. Servadac and Procope provide military-style leadership but the domain is entirely civilian.","The chapter reads like a frontier survival narrative: settlers facing harsh wilderness conditions, attempting to build shelters, running low on fuel, and searching desperately for a habitable refuge.","The environment is extremely hostile: temperatures plummeting toward 60 below zero, an alien impenetrable rock substratum preventing shelter construction, and the sun shrinking to provide only faint shadows. The colonists' technology is inadequate against these alien conditions."
France,Off on a Comet,Book 1 - Chapter 21,No contestation,"Limited settlement (small colonies, hard to sustain/control)","Long-distance journey (years, major separation from Earth)",Basically Earth society in space,Same languages as Earth,Harsh and resource-intensive,Uncommon (small specialist population),Single unified authority,Adventure / exploration,Mostly civilian with some military presence,Like the frontier / colonial expansion,Very different (human bodies/technology constantly challenged),"The chapter depicts harmonious cooperation as the colony moves into the volcanic cavern. Even the Spaniards and Russians work together amicably. The only discord is Hakkabut's refusal to join, which is passive resistance rather than contestation.","The colony establishes Nina's Hive, a permanent settlement inside the volcanic mountain with organized living quarters, a kitchen, a drawing room, and animal stalls. It is a small but functioning colony sustained by the volcano's heat.","The colony is preparing for a winter during which Gallia might reach Jupiter's orbit, where temperatures would be one twenty-fifth of Earth's normal winter temperature, indicating extreme distance from Earth.","The settlers recreate Earth domestic life in the cavern: a drawing room with furniture and books, a proper kitchen, sleeping quarters, and social entertainment including Spanish fandangos, Russian dances, and Ben Zoof's Zouave songs.","The colonists communicate in their Earth languages. The entertainment includes Spanish songs, French military refrains, and normal multilingual interaction.","While Nina's Hive provides warmth from the volcanic lava, the environment outside is increasingly hostile. The colony depends entirely on the volcano for survival, and the sea is beginning to freeze. Livestock must be carefully rationed.","The colony of roughly twenty-two people is now established in Nina's Hive, a small but organized community with distinct roles and social structure.","Servadac governs as the acknowledged leader, organizing the move, directing the settlement layout, and being toasted as governor general at the celebratory supper.","The chapter combines adventure with domestic drama as the colonists explore and settle the volcanic cavern system, culminating in a celebratory feast and the surprise appearance of an apparent new moon.","The activities are entirely civilian: moving supplies, setting up living quarters, cooking, and social entertainment. Military presence is limited to Servadac's leadership title.","The chapter is a classic frontier settlement narrative: colonists establishing a new home in a wilderness, organizing communal spaces, slaughtering livestock for winter stores, and celebrating their new dwelling.","The physical environment is radically different from Earth: the colony survives inside a volcano on an alien comet, with a curtain of lava for warmth and light, a frozen sea outside, and temperatures approaching extremes unknown on Earth."
France,Off on a Comet,Book 1 - Chapter 22,No contestation,"Limited settlement (small colonies, hard to sustain/control)","Long-distance journey (years, major separation from Earth)",Basically Earth society in space,Shared lingua franca plus local variation,Harsh and resource-intensive,Uncommon (small specialist population),Single unified authority,Adventure / exploration,Mostly civilian with some military presence,Like the frontier / colonial expansion,Very different (human bodies/technology constantly challenged),"There is no conflict in this chapter. The colonists debate whether a new celestial body is the moon, engage in scientific discussion, and organize daily life cooperatively.","The colony at Nina's Hive is now established with a regular scheme of life: animal care, food preservation, fishing, and gallery excavation. It is a functioning small colony adapting to its environment.","The colonists confirm that the new celestial body is not the moon but a captured asteroid, reinforcing their extreme distance from Earth. They are in the zone of minor planets between Mars and Jupiter.","Russians and Spaniards amalgamate while learning French as the official language. Servadac teaches the children, and Ben Zoof tells stories about Montmartre. Earth social patterns are fully maintained.","French is established as the official language of the colony, with Russians and Spaniards picking up scraps of it, while maintaining their own languages as well.","The country outside Nina's Hive is utterly barren: rocky, without vegetation, and covered in snow and ice. The colony survives only through the volcano's warmth and carefully managed supplies.","The small colony continues its organized existence. The chapter describes a settled community with assigned duties and daily routines, but still numbering only about two dozen.","Servadac governs as the acknowledged authority, organizing daily work schedules and education. Ben Zoof maintains the title of aide-de-camp to the governor general.","The chapter features scientific discovery (the new satellite is not the moon but a captured asteroid), exploration of the surrounding landscape, and the dramatic freezing of the entire Gallian Sea when Nina throws a piece of ice.","Daily life is entirely civilian: farming, fishing, teaching children, and skating. The military hierarchy exists only in titles and organizational structure.","The chapter describes frontier life: a small settlement establishing routines, exploring surroundings, and adapting to an alien landscape. The freezing of the sea recalls polar exploration narratives.","The environment is dramatically different: the horizon is visibly curtailed by the comet's small size, the landscape is entirely barren hexagonal rock, an asteroid has been captured as a satellite, and the entire sea freezes instantly from a single thrown ice fragment."
France,Off on a Comet,Book 1 - Chapter 23,No contestation,"Limited settlement (small colonies, hard to sustain/control)","Long-distance journey (years, major separation from Earth)",Basically Earth society in space,Same languages as Earth,Extremely hostile (constant survival pressure),Uncommon (small specialist population),Single unified authority,Adventure / exploration,Mostly civilian with some military presence,Like the frontier / colonial expansion,Very different (human bodies/technology constantly challenged),"There is no conflict in this chapter. The colonists observe the new satellite, endure the deepening cold, manage the bird invasion cooperatively, and receive the carrier pigeon message.","The colony at Nina's Hive is settled but faces ongoing challenges: bird invasions threaten their food, the cold intensifies, and the carrier pigeon message reveals another survivor in distress at Formentera.","The pigeon's message confirms Gallia is now 110 million leagues from the sun. The distance from Earth continues to grow, and the pigeon message hints that the unknown correspondent's provisions are failing.","The community maintains Earth patterns: skating as recreation, managing birds as pests, and anxiously reading messages from fellow survivors. Depression from the alien environment affects morale in familiar human ways.",The pigeon message is in French. The word 'Formentera' on the pigeon's wing identifies an Earth location. No new languages have developed.,"The thermometer reads 16 degrees below zero, ice covers everything, birds invade the hive in desperation, and the overhanging gloom induces depression. The pigeon message reveals another survivor's food is running out.","The colony continues as a small population. The pigeon message reveals at least one more survivor at Formentera, but the total population of Gallia remains very small.","Servadac continues to govern, directing the colony's response to the bird invasion and interpreting the pigeon message. His authority is unquestioned.","The chapter features the mystery of the carrier pigeon and its partially destroyed message from Formentera, the battle with invading birds, and the tantalizing clue of a fellow survivor in distress.","The colony's activities are civilian: skating, managing pest birds, and caring for children. Nina's rescue of the pigeon and Pablo's defense of her are domestic rather than military events.","The chapter depicts frontier survival: battling wildlife pests, receiving messages from distant outposts, and the isolated community dealing with environmental challenges reminiscent of polar expeditions.","The physical environment is extremely alien: the satellite Nerina orbits with a sixteen-day lunation, temperatures are far below zero, the frozen sea extends to the horizon, and the diminished sun provides insufficient warmth and light."
France,Off on a Comet,Book 1 - Chapter 24,No contestation,"Limited settlement (small colonies, hard to sustain/control)","Long-distance journey (years, major separation from Earth)",Basically Earth society in space,Same languages as Earth,Extremely hostile (constant survival pressure),Uncommon (small specialist population),Single unified authority,Adventure / exploration,Mostly civilian with some military presence,Like the frontier / colonial expansion,Very different (human bodies/technology constantly challenged),"There is no contestation. The chapter depicts a cooperative rescue mission to Formentera, with the entire colony supporting the expedition to save a fellow survivor.","The rescue expedition to Formentera finds a tiny fragment of the island with a single shed housing a nearly dead astronomer. This is the most marginal of human presences, barely surviving.","Gallia is deep in the zone of telescopic planets. The 120-league sledge journey across frozen wasteland emphasizes the vast, empty distances even within the comet's small world, let alone the immense distance from Earth.","The rescue mission reflects Earth values of humanitarianism. Servadac insists on saving a fellow countryman, the French flag flies from the pylone on Formentera, and the emotional farewell from the colony mirrors Earth social bonds.","The rescued astronomer's first word is 'Gallia' and then 'My comet,' spoken in French. No new languages have developed on the comet.",The temperature is over 20 degrees below zero with cutting southern winds. The astronomer on Formentera is found nearly dead from cold and starvation. The sledge journey across 120 leagues of frozen sea is perilous.,"The rescue of the astronomer from Formentera brings the known population to thirty-six. He is found alone on a tiny rock fragment, barely alive.",Servadac commands the rescue mission and directs the colony's resources. Count Timascheff stays behind to govern in his absence. The authority structure is clear and unified.,"The chapter is pure adventure: a daring sledge expedition across a frozen sea at incredible speed, racing against cold and time to rescue a dying man on a tiny fragment of rock at the edge of their world.","The rescue mission is humanitarian, not military. Servadac and Procope use a sail-sledge converted from a yacht's yawl, and the goal is to save a civilian astronomer.","The chapter strongly evokes frontier rescue narratives: a perilous overland journey to save a stranded settler, using improvised transport (a sail-sledge), across a vast frozen wilderness.","The frozen sea extends as a boundless white desert, the diminished sun casts oblique rays, the temperature is brutally cold, and the rescued astronomer is nearly dead from the extreme conditions. The reduced gravity assists the sledge's incredible speed."
France,Off on a Comet,Book 2 - Chapter 1,No contestation,"Limited settlement (small colonies, hard to sustain/control)","Long-distance journey (years, major separation from Earth)",Basically Earth society in space,Same languages as Earth,Harsh and resource-intensive,Uncommon (small specialist population),Single unified authority,Adventure / exploration,Mostly civilian with some military presence,Like the frontier / colonial expansion,Very different (human bodies/technology constantly challenged),There is no conflict in this chapter. The colonists cooperate in nursing the astronomer back to health and eagerly discuss the scientific implications of his presence and his papers.,The colony at Nina's Hive now numbers thirty-six. They are settled but entirely dependent on the volcano for warmth and their stored provisions for food.,"The chapter confirms that Gallia has been traveling through remote interplanetary regions since January 1st, and the colonists are aware they may be millions of leagues from Earth with uncertain prospects of return.","Servadac recognizes his old schoolteacher from the Lycee Charlemagne. The chapter is full of references to Earth institutions, memories, and social relationships. The colonists form an 'Academy of Sciences' in imitation of Earth learned societies.","Professor Rosette speaks French, calls out for his servant Joseph by name, and scolds Servadac with 'five hundred lines tomorrow' just as he did at the Lycee. No new languages have emerged.","The astronomer is found nearly dead from cold and starvation on Formentera, requiring vigorous rubbing and strong cordials to revive. The colony survives only through the volcanic heat of Nina's Hive.","The total known population of Gallia is now thirty-six. Professor Rosette is the sole survivor from Formentera, adding specialized astronomical expertise to the small community.",Servadac continues as governor general. The chapter references his authority and the organized structure of the colony at Nina's Hive.,"The chapter combines adventure with scientific mystery as the colonists nurse the astronomer back to health, examine his papers covered with cometary orbit calculations, and form wild conjectures about their situation.","The focus is entirely civilian: nursing a sick man, examining scientific papers, and intellectual discussion. Servadac's military rank is incidental to his role as colony leader.","The rescue and revival of a stranded intellectual, the small community gathering to discuss their predicament, and the frontier setting of Nina's Hive all evoke colonial frontier narratives.","The professor was nearly killed by the extreme conditions on Formentera. The chapter discusses the comet's orbit through interplanetary space, cometary physics, and the fundamental difference of living on an alien body traveling through the solar system."
France,Off on a Comet,Book 2 - Chapter 2,No contestation,"Limited settlement (small colonies, hard to sustain/control)","Long-distance journey (years, major separation from Earth)",Basically Earth society in space,Same languages as Earth,Harsh and resource-intensive,Uncommon (small specialist population),Single unified authority,Adventure / exploration,Mostly civilian with some military presence,Like the frontier / colonial expansion,Very different (human bodies/technology constantly challenged),"There is no conflict over space. The chapter focuses on Hakkabut's desperate attempt to get news of Europe and Rosette's dramatic revelation that they are on his comet, three million leagues from Europe.",The colony continues at Nina's Hive. The revelation that they are on a comet rather than a fragment of Earth does not change their settled but precarious existence.,"Rosette announces they are three million leagues from Europe as of mid-April, and this distance continues to grow. The earth is far away and receding.",Hakkabut desperately seeks news of Europe for trade purposes. Rosette behaves exactly as he did as a schoolmaster. Social dynamics from Earth persist entirely unchanged.,"Rosette speaks French, Hakkabut communicates in multiple Earth languages, and Ben Zoof uses colorful Hebrew-sounding nicknames for the Jew. No space languages exist.","The colony is sustained only by the volcano's heat and stored provisions. Rosette was nearly dead when rescued, demonstrating the extreme hostility of conditions outside Nina's Hive.","The population remains at thirty-six. The Spaniards and Russians go about their routines indifferently, while the leaders anxiously seek information from the astronomer.","Servadac exercises clear authority, ordering Hakkabut to be silent and controlling access to the professor. His governance is unquestioned.","The chapter builds dramatic tension as the colonists await Rosette's awakening, culminating in his electrifying revelation that they are not on a fragment of Earth but on his comet Gallia itself.","The chapter is entirely civilian in focus: nursing a patient, seeking information, and intellectual revelation. Military elements are absent except for Servadac's rank.",The isolated colony receiving crucial information from a newly arrived expert mirrors frontier narratives where knowledge from the outside world transforms the settlers' understanding of their situation.,The revelation that they are on a comet rather than a fragment of Earth underscores the radical physical difference of their environment. They inhabit an alien body hurtling through space millions of leagues from home.
France,Off on a Comet,Book 2 - Chapter 3,No contestation,"Limited settlement (small colonies, hard to sustain/control)","Long-distance journey (years, major separation from Earth)",Basically Earth society in space,Same languages as Earth,Harsh and resource-intensive,Uncommon (small specialist population),Single unified authority,Adventure / exploration,Mostly civilian with some military presence,Like the frontier / colonial expansion,Very different (human bodies/technology constantly challenged),"There is no conflict over space. The chapter is devoted to Rosette's scientific account of the comet's collision with Earth and its orbital mechanics, delivered in a lecture-like format.",The colony remains established at Nina's Hive. Rosette confirms their situation: they are on a comet with an elliptical orbit that will return to Earth in two years.,"Rosette details Gallia's trajectory: it crossed Venus's orbit, passed perihelion, crossed Mars's orbit, entered the zone of telescopic planets, and is continuing outward. The journey will last two full years before return.",The colonists form a mock 'Academy of Sciences' to discuss their situation. Rosette insists on formal introductions. Ben Zoof defends Montmartre's honor. Earth social conventions persist entirely.,All communication is in French and other Earth languages. Scientific terminology is standard terrestrial astronomical language. No new vocabulary has developed.,"Rosette confirms they are on a comet heading far from the sun. While Nina's Hive provides shelter, the external environment is increasingly hostile, and the colony's survival depends on finite resources and the volcano's continued activity.",The total population remains thirty-six. Rosette is a specialist astronomer whose knowledge is crucial to understanding their situation.,"Servadac leads the discussion, controls Ben Zoof's outbursts, and manages the interview with the professor. His authority as governor is maintained.","The chapter is driven by scientific revelation and exploration of knowledge: Rosette reveals the truth about Gallia, describes the collision mechanics, and announces that the comet has an elliptical orbit promising eventual return to Earth.",The chapter is a scientific lecture and discussion. Military presence is limited to Servadac's rank and Procope's navigational knowledge. The tone is academic and civilian.,"The chapter resembles frontier settlers receiving a scientific explanation of their new territory from an expert, with the community gathered to learn about the nature and future of their isolated world.","Rosette explains the radical physics: the comet struck Earth at 86,000 leagues per hour, gravity is diminished, cardinal points are displaced, and they inhabit a comet with entirely different physical properties than Earth."
France,Off on a Comet,Book 2 - Chapter 4,No contestation,"Limited settlement (small colonies, hard to sustain/control)","Long-distance journey (years, major separation from Earth)",Basically Earth society in space,Shared lingua franca plus local variation,Harsh and resource-intensive,Uncommon (small specialist population),Single unified authority,Adventure / exploration,Mostly civilian with some military presence,Like the frontier / colonial expansion,Very different (human bodies/technology constantly challenged),"There is no conflict over space. The chapter focuses on Rosette's calendar reform, Hakkabut's scheming to profit from the situation, and the daily routine of the colony.","The colony is settled in Nina's Hive with organized daily routines including outdoor exercise, children's education, and scientific observations. It functions as a small but stable settlement.","Rosette's orbital diagram shows Gallia's path extending beyond Jupiter's orbit, with the comet reaching 155 million leagues from the sun by June. The two-year journey timeline is confirmed.","The chapter depicts thoroughly Earth-like social dynamics: Rosette insists on a revised calendar like a pedantic schoolmaster, Hakkabut plots commercial schemes, Pablo and Nina are educated like children on Earth, and daily life follows familiar patterns.","French remains the official language, with Russians and Spaniards learning it. Rosette uses standard astronomical terminology. The multilingual community continues to function with French as the common language.","The thermometer registers 30 degrees below zero, with steady further decline expected. However, the still atmosphere makes the cold endurable, and the colony is well-provisioned with food and fur clothing.","The small colony continues with its thirty-six members. Daily life is described with organized routines, and the children Pablo and Nina are highlighted as happy members of the community.","Servadac governs as the authority figure, ensuring everyone exercises outdoors, overseeing the children's education, and managing interactions with Rosette and Hakkabut.","The chapter blends scientific adventure with domestic life as Rosette presents his orbital calculations and insists on a revised Gallian calendar, while the colony settles into its routine for the long journey.","Daily life is entirely civilian: children playing and studying, astronomical observations, commercial scheming by Hakkabut, and domestic routines. Military presence is nominal.","The chapter depicts frontier settlement life: managing provisions, educating children, adapting to the environment, and dealing with an eccentric scientist and a scheming merchant in an isolated community.","Gallia's days are half the length of Earth days, requiring a revised calendar with 120-day months. The temperature is 30 below zero and dropping, the sun is visibly smaller, and the comet is approaching Jupiter's distance from the sun."
France,Off on a Comet,Book 2 - Chapter 5,"Low contestation (minor competition, little open conflict)","Limited settlement (small colonies, hard to sustain/control)","Long-distance journey (years, major separation from Earth)",Basically Earth society in space,Same languages as Earth,Harsh and resource-intensive,Uncommon (small specialist population),Single unified authority,Adventure / exploration,Mostly civilian with some military presence,Like the frontier / colonial expansion,Very different (human bodies/technology constantly challenged),"There is minor tension when Servadac's group visits Hakkabut to borrow a steelyard, with the Jew reluctant to part with his property. Ben Zoof and Rosette also spar verbally over the comet's small size.","The colony is well-established at Nina's Hive with organized routines, but concerns about the ice pressure on the ships and the limited resources of their small world are noted.","Gallia is now 172 million leagues from the sun, about four and a half times Earth's distance. The comet continues outward with the colonists fully committed to a two-year journey.","The chapter depicts utterly Earth-like social dynamics: Pablo and Nina play like any Earth children, Servadac acts as a surrogate parent, and Rosette conducts a classroom-style scientific lesson with the captain doing calculations at his direction.","All communication remains in Earth languages, primarily French. Pablo and Nina converse naturally, and the scientific discussion uses standard terminology.","The temperature is described as low beyond previous experience. Breath freezes instantly into ice crystals on faces. The ice is forcing the ships upward, threatening their destruction. The sun is extremely remote and feeble.","The population is fixed at thirty-six. The chapter emphasizes the smallness of Gallia itself: only 1,400 miles in circumference, 292 times less surface area than Earth.","Servadac governs as the acknowledged authority, managing relations between the colonists, directing visits to Hakkabut, and maintaining order during the professor's scientific sessions.",The chapter combines scientific exploration (calculating Gallia's dimensions) with the adventure of visiting Hakkabut's ice-bound tartan and the children's idyllic life on an alien comet.,"The focus is on civilian activities: children playing, scientific calculations, visiting a merchant's ship, and daily routines. Military elements are background context only.","The isolated community visiting a hermit merchant on his ice-bound ship, conducting frontier science, and children growing up on the edge of the unknown all evoke frontier colonial narratives.","Gallia's dimensions are quantified as tiny: 450 miles in diameter, 630,000 square miles of surface. Gravity is significantly reduced, the ice is forcing ships upward by fifteen feet, and the sun is a distant dwarf providing minimal warmth."
France,Off on a Comet,Book 2 - Chapter 6,No contestation,"Limited settlement (small colonies, hard to sustain/control)","Extreme / effectively unreachable (generational, completely separate, or one-way-feeling distance)",Basically Earth society in space,Same languages as Earth,Extremely hostile (constant survival pressure),Uncommon (small specialist population),Single unified authority,Adventure / exploration,Mostly civilian with some military presence,Like the frontier / colonial expansion,Radically non-Earth-like (physics/environment fundamentally unlike Earth experience),"There is no conflict over space in this chapter. The narrative describes Gallia's continued journey past Jupiter toward Saturn, with the colonists contemplating their situation philosophically.","The colony at Nina's Hive continues its settled existence, planning for future agricultural seasons and contemplating whether the volcano will continue to sustain them through the long winter.","Gallia is now 276 million leagues from the sun, approaching Saturn's orbit. The chapter discusses distances of fixed stars in the hundreds of millions of millions of miles, emphasizing the cosmic scale of their separation from Earth.","The colonists read from the Dobryna's library about Saturn, plan future agricultural activities as they would on Earth, and maintain completely Earth-like social patterns. Rosette's astronomical passion mirrors any Earth scientist's dedication.",The colonists read French and Russian books from the yacht's library. All communication continues in Earth languages with no linguistic evolution.,"The chapter notes temperatures approaching 60 degrees below zero, the threat that the volcano might cease erupting, and the possibility of a winter lasting years or centuries. The colonists depend entirely on the lava stream for survival.","The thirty-six colonists continue their existence. The chapter notes the isolation and the uncertainty of their fate, with the sole vice being Hakkabut's greed.","Servadac continues to govern, though his authority is mentioned only in passing as the colonists settle into routine. The community functions under his leadership without dispute.","The chapter describes the awe-inspiring passage near Saturn, with detailed astronomical descriptions of the planet's rings and satellites, combined with philosophical reflections on the voyage through the cosmos.","The chapter is entirely contemplative and civilian in nature, focused on astronomical observations, reading, and philosophical speculation about their voyage through the solar system.","The colonists planning future farming seasons while traveling through deep space parallels frontier settlers adapting to cycles of nature in an alien environment, with uncertainty about the land's continued habitability.","Gallia is now near Saturn, receiving one hundredth of Earth's sunlight, at temperatures approaching absolute cold. The chapter discusses the vast cosmic distances, Saturn's alien ring system, and the possibility that the comet's internal fires might die, making survival impossible."
France,Off on a Comet,Book 2 - Chapter 7,No contestation,"Limited settlement (small colonies, hard to sustain/control)","Long-distance journey (years, major separation from Earth)",Mostly Earth-like with minor adaptations,Same languages as Earth,Nearly uninhabitable / lethal without major intervention,Exceptionally rare (few astronauts/explorers),Single unified authority,Adventure / exploration,Mostly civilian with some military presence,Like the frontier / colonial expansion,Very different (human bodies/technology constantly challenged),The chapter focuses on the New Year celebration and community bonding among the Gallians. There is no conflict or rivalry depicted; even the Jew Hakkabut is treated with consideration by Servadac.,"The colony of 36 people at Nina's Hive represents a small settlement that is hard to sustain, as shown by the extreme cold (53 degrees below zero) and the dependence on volcanic heat, which fails at the chapter's end when the volcano goes out.","The Gallians are on a comet far from the sun, and the chapter describes Gallia as invisible to the naked eye from Earth. They hope to return but are deeply separated, with the lieutenant discussing how Earth astronomers must be tracking their comet.","The community celebrates New Year's Day with a feast, toasts to their respective countries, and follows Earth customs. The main adaptation is wearing thick clothing against the cold and skating on the frozen Gallian Sea.","The French, Russian, and Spanish colonists all communicate in their Earth languages. The chapter mentions French wines, Russian kummel, and toasts to their respective countries, with no indication of any new language.","The temperature is 53 degrees below zero and dropping. The volcano, their sole heat source, extinguishes at the end of the chapter, leaving the community facing death from cold. The spirit thermometer replaces the frozen mercurial one.","Only 36 people were carried off by the comet, and the chapter notes that not one of them is missing. This is an involuntary, freak occurrence, not a deliberate space habitation effort.","Captain Servadac acts as the undisputed governor of the small community. He organizes the New Year's celebration, makes decisions about Hakkabut's cargo, and issues orders that everyone follows.",The chapter combines the adventure of surviving on a comet with festive celebration. The dramatic ending where the volcano goes out creates a cliffhanger typical of adventure narratives.,"Captain Servadac and Lieutenant Procope are military officers who lead the community, but the population consists mainly of civilians including sailors, Spaniards, children, and a merchant. The governance is practical rather than military.","The Gallian community resembles a frontier settlement, with a small group of diverse colonists surviving in a harsh environment, relying on stored provisions, and maintaining social order under a single leader.","The extreme cold of 53 degrees below zero requires spirit thermometers, the frozen sea allows skating for travel, the sun sets rapidly in the east, and the reduced gravity and contracted horizon create an utterly alien physical environment."
France,Off on a Comet,Book 2 - Chapter 8,No contestation,"Limited settlement (small colonies, hard to sustain/control)","Long-distance journey (years, major separation from Earth)",Mostly Earth-like with minor adaptations,Same languages as Earth,Nearly uninhabitable / lethal without major intervention,Exceptionally rare (few astronauts/explorers),Single unified authority,Thriller / Horror / Survival,Mostly civilian with some military presence,Like the frontier / colonial expansion,Very different (human bodies/technology constantly challenged),"The chapter focuses entirely on the community's survival effort after the volcano goes out. Everyone cooperates to bore into the mountain depths and relocate the colony underground. Even Hakkabut cooperates, though reluctantly.","The colony must urgently relocate 900 feet underground into a single cavern to survive. The settlement is precarious, entirely dependent on residual volcanic heat, and described as reducing them from rabbits in a warren to the existence of moles.","By January 15th the comet is 220 million leagues from the sun and has reached its aphelion, the farthest point from Earth. The colonists are profoundly separated from their home world.","The community maintains Earth social structures, with Servadac giving speeches and organizing the move. They compare their situation to Arctic whalers and Hudson's Bay Company establishments, adapting Earth survival strategies to their predicament.","French, Russian, and other Earth languages continue to be spoken. Dialogue between Servadac, Ben Zoof, Count Timascheff, and the child Nina all occur in their native tongues with no language barriers mentioned.","The volcano has stopped erupting, the temperature is 60 degrees below zero, and without descending into the mountain the colony would certainly freeze to death. They must blast through rock with gunpowder to reach warmer depths.",The same tiny group of 36 people remains the only population on the comet. The chapter emphasizes every living creature must take refuge in the crater to survive.,"Servadac leads the community with speeches and decisions, Procope directs the engineering work, and all hands cooperate under their authority. Even Hakkabut, though protesting, submits to having his cargo inventoried and moved.","The chapter is dominated by survival urgency as the colony faces death from cold after the volcano extinguishes. They must bore into the mountain, descend into darkness, and find warmth or perish. The tone is tense throughout.","Military officers Servadac and Procope lead, but the actual labor is performed by Russian sailors and the community at large. The focus is on civilian survival rather than military operations.","The forced migration deeper underground mirrors frontier survival narratives, with the community carving out new living space in hostile territory, carrying provisions, and establishing a new home in a cavern.","The environment is 60 degrees below zero, they must live 900 feet underground in a volcanic crater, and the physical conditions are so extreme that mercury freezes. The aneroid barometer and thermometer readings emphasize the alien conditions."
France,Off on a Comet,Book 2 - Chapter 9,No contestation,"Limited settlement (small colonies, hard to sustain/control)","Long-distance journey (years, major separation from Earth)",Mostly Earth-like with minor adaptations,Same languages as Earth,Nearly uninhabitable / lethal without major intervention,Exceptionally rare (few astronauts/explorers),Single unified authority,Adventure / exploration,Entirely civilian,Like the frontier / colonial expansion,Very different (human bodies/technology constantly challenged),"The chapter describes months of dreary monotony with no conflict. The community lives in torpor underground, with Servadac and leaders trying to maintain morale through readings and debates. The only tension is the general lethargy.","The colony is buried 900 feet underground in near-hibernation, with most inhabitants barely able to eat or stay awake. They survive but are physically and mentally depleted, with only little Nina keeping spirits alive.","Gallia remains at enormous distance, 197 million leagues from the sun during the first half of the year. The months pass in isolation, and the Earth is only a distant speck of light visible to Ben Zoof at night.","The community maintains Earth customs with readings, debates, and intellectual pursuits around a long table. Russians, Spaniards, and French retain their cultural identities. Hakkabut counts his money in his corner as he would on Earth.","All communication occurs in the colonists' native Earth languages. Nina sings Italian songs, Ben Zoof speaks French, and the readings and debates are conducted in familiar tongues.","The community is trapped underground for months, with temperatures so extreme that excursions to the surface are nearly impossible. The population falls into physical torpor and mental depression from lack of air and exercise, nearly vegetating rather than living.",The same small group of fewer than 36 people plus the 13 Englishmen at Gibraltar are the only humans in space. The chapter opens by noting every living creature has taken refuge underground.,"Servadac, the count, and Procope continue to lead as a unified command, organizing readings and trying to combat the general torpor. Professor Rosette pursues his studies independently but does not challenge their authority.","Despite the dreary tone, the chapter maintains an adventure framework as the comet journeys through space, with Professor Rosette studying the satellite Nerina and the narrative tracking Gallia's orbital progress back toward the sun.","The chapter describes purely civilian life: readings, debates, sleeping, eating, and intellectual pursuits. The military backgrounds of the leaders are irrelevant as they focus entirely on domestic survival and community wellbeing.","The community's long winter underground mirrors frontier or polar expedition narratives, with settlers enduring harsh isolation, maintaining morale, and waiting for conditions to improve before resuming normal life.","The population experiences months of physical torpor from lack of air and exercise underground. The ice on the sea rises 150 feet, the ships are inaccessible, and the physical environment is so extreme that humans can barely function."
France,Off on a Comet,Book 2 - Chapter 10,"Low contestation (minor competition, little open conflict)","Limited settlement (small colonies, hard to sustain/control)","Long-distance journey (years, major separation from Earth)",Mostly Earth-like with minor adaptations,Same languages as Earth,Extremely hostile (constant survival pressure),Exceptionally rare (few astronauts/explorers),Single unified authority,Comedy / satire,Entirely civilian,Like the frontier / colonial expansion,Very different (human bodies/technology constantly challenged),"The chapter features a physical confrontation when Professor Rosette attacks Hakkabut upon discovering his false steelyard. This is personal conflict rather than strategic, but it is a notable physical altercation requiring Servadac to separate the combatants.","The colony remains in its underground cavern, still unable to return to the Hive above due to cold. By October the temperature moderates to 35 below zero, allowing daily visits to the surface but not full habitation.",The comet is still about three times as far from the sun as Earth. The colonists discuss the anticipated collision with Earth and worry about whether they will survive the return journey.,"Earth social customs persist: commerce with Hakkabut, academic discovery by Rosette, and hierarchical governance by Servadac. The professor's obsession with astronomical calculations mirrors Earth academic culture.","All dialogue is in Earth languages. Rosette exclaims Eureka in Greek tradition, Hakkabut invokes Hebrew expressions, and the French characters speak French throughout.","Though the temperature has moderated to 35 below zero, conditions remain extremely hostile. The colony is still confined underground for months, and the chapter opens noting they cannot yet leave the subterranean retreat.",The same small population remains the only inhabitants of the comet. The chapter focuses on interpersonal dynamics within this tiny group.,"Servadac governs the community, intervening to separate Rosette and Hakkabut and demanding explanations. He controls the distribution of provisions, requiring Hakkabut to purchase coffee rather than take it freely.","The chapter is dominated by comedic scenes: the professor physically attacking the Jew over a steelyard, Ben Zoof's witty remarks about Hakkabut, the farcical coffee transaction, and Rosette's Eureka moment. The tone is satirical throughout.","The chapter focuses entirely on civilian matters: commercial transactions, scientific discovery, and personal disputes. There is no military activity or discussion of military matters.","The chapter depicts frontier-style commerce and governance, with the community's leader mediating disputes and controlling trade. Hakkabut's false weights and the bartering economy resemble a frontier trading post.","The altered gravity affects the steelyard measurements, causing Rosette's astronomical calculations to be wrong. The reduced gravity means objects weigh differently than on Earth, fundamentally challenging measurement and science."
France,Off on a Comet,Book 2 - Chapter 11,"Low contestation (minor competition, little open conflict)","Limited settlement (small colonies, hard to sustain/control)","Long-distance journey (years, major separation from Earth)",Mostly Earth-like with minor adaptations,Same languages as Earth,Extremely hostile (constant survival pressure),Exceptionally rare (few astronauts/explorers),Earth nation-states extend into space,Adventure / exploration,Mostly civilian with some military presence,Like the frontier / colonial expansion,Very different (human bodies/technology constantly challenged),"Servadac secretly attempts to annex Ceuta for France but finds the English have already occupied it. There is a diplomatic standoff with Major Oliphant, and the Spaniards had previously sold Ceuta to Britain. This is minor political rivalry rather than open conflict.",Two small garrisons exist: Nina's Hive and the English at Gibraltar/Ceuta. Servadac's 240-mile skating journey across frozen sea to Ceuta shows how isolated and hard to sustain these settlements are.,"The comet has re-entered the zone of telescopic planets but is still enormously distant from Earth. Major Oliphant refuses to believe they are on a comet, expecting England to reclaim them, showing the disorienting separation from Earth.","National rivalries persist: Servadac tries to plant a French tricolor on Ceuta, the English maintain their garrison and semaphore communications, and the Spaniards sold territory for British gold. Earth political behavior continues unchanged in space.","Servadac and Major Oliphant converse in their respective languages. The English sentinel challenges with Who goes there, and Servadac responds Vive la France. No new languages have developed.","The temperature is still 12 degrees below zero, the frozen sea must be crossed on skates for 240 miles, and the ships have been raised 150 feet by ice and are inaccessible. Survival remains a constant challenge.",The total population on the comet numbers fewer than 50 people spread between two tiny settlements. The chapter emphasizes the extreme smallness of the human presence.,"The English maintain their garrison at Gibraltar and Ceuta, the French try to claim Ceuta, and Major Oliphant insists the posts command the entrance of the Mediterranean. Earth national politics directly extend into space.","Servadac undertakes a bold 240-mile skating expedition across a frozen alien sea, secretly carrying a French flag to plant on Ceuta. The chapter has the spirit of exploration and imperial adventure.","The English maintain a formal military garrison at Ceuta and Gibraltar with a commanding officer, semaphore communications, and sentinels. Servadac approaches in a quasi-military diplomatic capacity. However, the overall context remains largely civilian.","Servadac's secret mission to plant a French flag on unclaimed territory directly parallels colonial expansion. The English have similarly staked territorial claims, established garrisons, and built communications infrastructure.","The frozen sea stretches hundreds of miles, the comet's surface is alien rock, and the ships are perched 150 feet above sea level on ice pedestals. The professor's satellite Nerina has disappeared, captured by another body in the asteroid belt."
France,Off on a Comet,Book 2 - Chapter 12,No contestation,"Limited settlement (small colonies, hard to sustain/control)",Moderate journey (months/meaningful separation),Mostly Earth-like with minor adaptations,Same languages as Earth,Nearly uninhabitable / lethal without major intervention,Exceptionally rare (few astronauts/explorers),Single unified authority,Thriller / Horror / Survival,Mostly civilian with some military presence,Like the frontier / colonial expansion,Very different (human bodies/technology constantly challenged),"The chapter is entirely focused on the community's cooperative effort to survive the coming collision with Earth. Servadac, Timascheff, and Procope work together to devise a balloon plan, with no conflict between parties.",The small colony must now plan to evacuate the comet entirely. The English at Gibraltar remain separate. The settlement is temporary and about to be abandoned as the comet approaches Earth.,"Gallia is now approaching Earth, within months of collision. The return is imminent but dangerous, reducing the sense of extreme distance. The discussion focuses on the mechanics of the upcoming impact.","The community's discussion of the collision uses Earth scientific knowledge and reasoning. The social dynamics remain entirely Earth-like, with Ben Zoof's humor and the formal deliberations between officers.","All discussion occurs in Earth languages. The formal deliberation between Servadac, Timascheff, and Procope uses standard European dialogue conventions with no alien or space-specific terminology.","Procope details how the collision could kill them all through crushing, suffocation, incineration, or drowning. The combined velocity of 21,000 miles per hour makes every scenario potentially lethal, requiring the extreme intervention of a balloon escape.",The 23 residents of the volcano and 13 Englishmen remain the only humans in space. The balloon is designed to carry all 23 of the main community.,Servadac presides over the planning meeting with Timascheff and Procope. The English have excluded themselves by refusing to cooperate. The community operates under Servadac's unified command.,"The chapter is dominated by Procope's terrifying enumeration of all the ways they could die in the collision: crushed, suffocated, roasted alive, or drowned. The survival tension drives the entire narrative.","The military officers lead the planning discussion, but the plan itself is a civilian evacuation by balloon. The focus is on saving all lives rather than any military objective.",The use of a montgolfier balloon to escape the comet evokes frontier-era exploration technology. The community's resourcefulness in constructing an escape vehicle from ship sails parallels frontier ingenuity.,"The discussion centers on how the comet's physical properties make survival nearly impossible during collision: combined velocity of 21,000 mph, the risk of atmospheric mixing, and temperatures reaching millions of degrees from kinetic energy conversion."
France,Off on a Comet,Book 2 - Chapter 13,"Low contestation (minor competition, little open conflict)","Limited settlement (small colonies, hard to sustain/control)",Moderate journey (months/meaningful separation),Mostly Earth-like with minor adaptations,Same languages as Earth,Nearly uninhabitable / lethal without major intervention,Exceptionally rare (few astronauts/explorers),Single unified authority,Adventure / exploration,Mostly civilian with some military presence,Like the frontier / colonial expansion,Very different (human bodies/technology constantly challenged),"A growing coolness develops between Servadac and Count Timascheff as they approach Earth, driven by their old romantic rivalry over Madame de L. The professor must be tricked into revealing the collision time through a staged argument.","The comet splits in two from internal convulsion, carrying away Ceuta and Gibraltar with the English garrisons. The remaining settlement is even more precarious, with ships destroyed and only a balloon for escape.","The comet is now within 78 million leagues of the sun and approaching Earth rapidly. The collision is expected on January 1st, only weeks away. The journey home is nearly complete.","Earth social dynamics reassert themselves as Servadac and Timascheff's romantic rivalry resurfaces. Servadac works on his unfinished rondo, and the community celebrates Christmas with solemnity. Cultural life remains fundamentally Earth-like.","All dialogue is in Earth languages. Servadac tricks Rosette by provoking him in French, and the professor reveals the collision time in standard Earth time notation (42 minutes 35.6 seconds past two).","The comet splits apart in a violent internal convulsion, destroying the telescope and severing a huge fragment. The ships are destroyed by thaw, and the volcano trembles dangerously. Only the balloon offers hope of survival.","After the comet splits, 13 Englishmen are carried away on the severed fragment. The remaining 23 people represent an even tinier population preparing to abandon the comet entirely.","Servadac continues to govern, threatening to put Hakkabut in irons and organizing the balloon construction. Rosette claims Gallia is his comet, but Servadac asserts his authority as Governor-General.","The chapter builds dramatic excitement with the comet splitting, the ingenious extraction of the collision time from the stubborn professor, and preparations for the balloon launch. The tone is high adventure.","Servadac uses his military authority to threaten Hakkabut and organize operations, but the primary activities are civilian: balloon construction, scientific observation, and community management.","The balloon construction from ship sails, the use of hay for fuel, and the improvised escape plan all evoke frontier resourcefulness. The comet splitting mirrors the unpredictable dangers of frontier existence.","The comet's rotation period halves after splitting, creating six-hour days. Gravity diminishes further, the comet travels at 138,000 miles per hour, and the physical environment is in constant dangerous flux."
France,Off on a Comet,Book 2 - Chapter 14,No contestation,"Visiting / Temporary presence only (stations, missions, outposts)",Near-Earth / very short journey,Basically Earth society in space,Same languages as Earth,Nearly uninhabitable / lethal without major intervention,Exceptionally rare (few astronauts/explorers),Single unified authority,Thriller / Horror / Survival,Entirely civilian,Like the air / airpower,Very different (human bodies/technology constantly challenged),"The chapter depicts the balloon ascent with all passengers cooperating. The only tensions are Hakkabut reluctantly discarding his money and Rosette being forced into the balloon, but these are minor personal resistances, not contestation.","The colonists are in a balloon above the comet, in transit between the comet and Earth. Their presence in space is now purely temporary as they are minutes from returning to Earth.","The balloon is ascending as the comet approaches Earth at enormous speed. Within minutes they are only thousands of miles from Earth, and the chapter ends with them landing back on the terrestrial surface.","In the balloon, the passengers maintain their Earth identities completely. Ben Zoof claims to see Montmartre, Servadac sends a message via carrier pigeon in Earth fashion, and they shout the names of Europe, Russia, and France as they see Earth.","Procope, the count, and Servadac shout out Europe, Russia, France in their native tongues. Ben Zoof exclaims about Montmartre. All communication remains in Earth languages.","The balloon passengers face potential death from the collision's heat, atmospheric fusion, or the balloon being torn apart. The combined velocity is enormous, and only luck and the balloon's design prevent destruction.","Twenty-three people float in a balloon between a comet and Earth, an utterly unique situation. This is the rarest possible human presence in space.","Servadac remains in command, being the last to board the balloon. Procope manages the technical aspects. The small group operates under unified leadership throughout the transit.","The chapter is pure suspense as the balloon hurtles toward Earth at inconceivable speed. Procope counts down the minutes, everyone clings to the car, and the atmospheres amalgamate in clouds and lurid flame before they lose consciousness.",The balloon escape is an entirely civilian operation. There is no military dimension; the focus is purely on survival of all passengers regardless of background.,"The montgolfier balloon ascent dominates the chapter, making air travel the central metaphor. The aeronauts float between worlds, navigating atmospheric conditions and altitude, in a distinctly airborne experience.","The passengers travel at 70 miles per second between two celestial bodies, seeing Earth's disc expand below them. The atmospheres amalgamate violently with clouds, flame, and vibration. They lose consciousness during the transfer."
France,Off on a Comet,Book 2 - Chapter 15,No contestation,Cannot inhabit or hold territory,Near-Earth / very short journey,Basically Earth society in space,Same languages as Earth,Benign / easily survivable,Exceptionally rare (few astronauts/explorers),Earth nation-states extend into space,Adventure / exploration,Entirely civilian,Like the frontier / colonial expansion,Almost Earth-like,"The chapter depicts the peaceful aftermath of the return. Servadac and Timascheff resolve their rivalry as Madame de L has married someone else. The community disperses amicably, and even the Englishmen are mentioned without rancor.","The comet has passed on into space again, and all the Gallians are back on Earth. Space is no longer inhabited; the comet traverses space far away with no human presence except the 13 Englishmen on the severed fragment.","The chapter opens with everyone back on Earth near Mostaganem in Algeria, exactly where they departed. The comet merely grazed the earth and continued on, depositing them at their original location.","Upon return, Earth society has continued unchanged. The population of Mostaganem is perfectly calm, cattle browse on pastures, and no one noticed anything unusual. The Gallians' space experience was completely invisible to Earth.",Servadac immediately converses with his old friends at the Mascara gate in French. The colonel greets him familiarly. All communication is in standard Earth languages with no residue of any space adaptation.,"Back on Earth, conditions are perfectly normal: an ordinary January morning with dew on the pastures, the sun rising, and people going about their business. The hostile environment of the comet is entirely behind them.","The Gallians' experience was so rare that no one on Earth even believes it happened. Rosette publishes a treatise but is ridiculed, and Servadac himself keeps silent about the whole adventure.","The chapter references how the Dobryna crew returns to Russia, the Spaniards to Spain, and the Englishmen remain on the fragment of Gibraltar. Earth national identities persist unchanged through the space experience.","The chapter wraps up the adventure with a satisfying epilogue: Servadac becomes a colonel, Pablo and Nina marry, and the mystery of the comet remains unsolved. The tone is that of a completed adventure tale.","The return to Earth is entirely peaceful and civilian. The community disperses to their respective countries, Pablo and Nina are adopted, and life resumes its normal civilian course.","The epilogue mirrors the return from a frontier expedition: the explorers come home, disperse, and try to resume normal life. Rosette's published account parallels exploration narratives, though no one believes him.",The chapter takes place entirely on Earth after the return. The physical environment is perfectly normal: an ordinary January morning in Algeria with no trace of the comet's passage.
France,Off on a Comet,Book 2 - Chapter 16,No contestation,"Limited settlement (small colonies, hard to sustain/control)",Moderate journey (months/meaningful separation),Mostly Earth-like with minor adaptations,Same languages as Earth,Nearly uninhabitable / lethal without major intervention,Exceptionally rare (few astronauts/explorers),Single unified authority,Thriller / Horror / Survival,Mostly civilian with some military presence,Like the air / airpower,Very different (human bodies/technology constantly challenged),"Servadac, Timascheff, and Procope meet cooperatively to discuss survival. Despite a secret personal rivalry between Servadac and Timascheff, they scrupulously conceal it and apply their best energies to the universal crisis. Ben Zoof contributes cheerfully.","The 23 residents of the volcano face imminent loss of their settlement. The ships Dobryna and Hansa are destroyed when the ice pedestal collapses, and the comet itself violently splits in two, severing Ceuta and Gibraltar with the English garrisons into a separate fragment launched into space.","Servadac states they have 51 days until the predicted recurrence of collision with Earth. The comet traveled 50 million leagues during the month and is now 78 million leagues from the sun, still meaningfully separated from Earth.","The council proceeds with Earth-style formality: Timascheff invokes Providence, Servadac quotes the proverb about Heaven helping those who help themselves, and Procope delivers a systematic scientific briefing. Ben Zoof provides comic relief in his usual Montmartre manner.","All discussion between the French captain, Russian count, and their companions takes place in standard European languages. No space-specific vocabulary or translation technology is mentioned.","Lieutenant Procope systematically describes how every collision scenario leads to death: crushed by direct impact, suffocated on a 450-mile mountain without atmosphere, roasted alive as velocity converts to millions of degrees of heat, or drowned in the Atlantic. The balloon is their only desperate hope.","Only 23 people reside in the volcano, and the balloon must carry all of them. After the comet splits, 13 Englishmen are carried away on the severed fragment, leaving only this tiny community on Gallia.","Servadac presides as de facto leader, Procope proposes the balloon plan, and Timascheff pledges cooperation. The English have excluded themselves by refusing to leave their posts. Servadac later threatens Hakkabut with irons to maintain order.","Procope's chilling enumeration of lethal collision scenarios dominates the chapter: being crushed to atoms, suffocated, burnt alive at millions of degrees, or drowned. The desperate balloon plan and the violent splitting of the comet intensify the survival drama.","Military officers Servadac and Procope lead the discussion, but the plan is a civilian evacuation. Construction of the montgolfier involves all hands including Russians, Spaniards, and even little Nina sewing the casing.","The central solution is explicitly aerial: Procope proposes a montgolfier hot-air balloon made from the Dobryna's sails, using heated air for an hour's journey between atmospheres. The concept of launching from one atmosphere into another defines the chapter's approach to space.","The combined velocity of 21,000 miles per hour, the risk of heat generation in the millions of degrees upon impact, the possibility of being stranded 450 miles above Earth's surface, and the violent splitting of the comet demonstrate fundamentally non-Earth-like physical conditions."
France,Off on a Comet,Book 2 - Chapter 17,"Low contestation (minor competition, little open conflict)","Limited settlement (small colonies, hard to sustain/control)",Moderate journey (months/meaningful separation),Mostly Earth-like with minor adaptations,Same languages as Earth,Nearly uninhabitable / lethal without major intervention,Exceptionally rare (few astronauts/explorers),Single unified authority,Adventure / exploration,Mostly civilian with some military presence,Like the air / airpower,Very different (human bodies/technology constantly challenged),"The personal rivalry between Servadac and Timascheff resurfaces as they near Earth, driven by their old competition over Madame de L. Servadac stages a fierce argument with Rosette to trick him into revealing the collision time. Hakkabut is threatened with being left behind if he complains.","The comet violently splits, its rotation period halves, and muscular power increases while gravity diminishes. The ships are already destroyed. The remaining 23 settlers must rely entirely on the untested balloon to evacuate before collision.","Thirteen days remain until the collision on January 1st at 2:42:35.6 AM. The comet is within 4 million miles of Earth, closing at 208,000 miles per hour. The journey is nearly over but the transit itself is extremely dangerous.","Christmas is celebrated solemnly, Servadac obsesses over finishing his rondo, Hakkabut frets over his 66 pounds of money, and the old romantic rivalry resurfaces. Earth social customs and personal concerns persist intact on the comet.","Servadac's staged argument with Rosette is conducted entirely in French, with the professor revealing the precise collision time in standard notation. All communication uses Earth languages throughout.","The comet splits apart with violent volcanic convulsions, shattering Rosette's telescope. The colony's survival depends entirely on the untested montgolfier balloon, and Procope warns that the slightest check in their progress will result in instantaneous combustion.","After the split, 13 Englishmen are carried away on the severed fragment into unknown space. Only 23 people remain on the main comet, all of whom must fit in the balloon car for evacuation.","Servadac exercises authority as Governor-General, claiming ownership of Gallia in his staged argument. He organizes the balloon preparations, threatens Hakkabut with irons, and orders sailors to physically carry Rosette into the car against his will.","The chapter features the clever trick to extract the collision time, the dramatic comet splitting, Christmas preparations, Hakkabut forced to abandon his money belt, Rosette bodily carried into the car, and the climactic balloon launch as Servadac insists on being the last to leave.","Servadac uses military authority to command the operation, but the endeavor itself is a civilian evacuation: constructing a hot-air balloon from ship sails, inflating it with hay, and launching with all 23 community members including women, children, and a carrier pigeon.","The montgolfier balloon dominates the chapter: its construction from the Dobryna's sails, the network from rigging, the wicker car from the Hansa, inflation with hay combustion, and the dramatic launch from masts erected on the shore. Air travel is the defining concept.","The comet's rotation period halves to six-hour days after splitting, gravity diminishes noticeably, the comet travels at nearly 138,000 miles per hour while Earth approaches at 70,000, and volcanic convulsions shake the mountain. Physical conditions are in dangerous flux."
France,Off on a Comet,Book 2 - Chapter 18,No contestation,"Visiting / Temporary presence only (stations, missions, outposts)",Near-Earth / very short journey,Basically Earth society in space,Same languages as Earth,Nearly uninhabitable / lethal without major intervention,Exceptionally rare (few astronauts/explorers),Single unified authority,Thriller / Horror / Survival,Entirely civilian,Like the air / airpower,Very different (human bodies/technology constantly challenged),"All passengers cooperate during the balloon transit. The only minor frictions are personal: Hakkabut reluctantly discards his money belt and Rosette gazes mournfully at his abandoned comet. Everyone else works together in silent, tense expectation.","The colonists are in pure transit in a balloon between the comet and Earth, lasting less than an hour. Their presence in space is entirely temporary, and by the chapter's end they have been deposited back on terrestrial soil.","The balloon ascent begins with Earth already within half its average moon distance. At 70 miles per second, the distance closes from 72,000 miles to zero in approximately 5 minutes. The transit is measured in minutes, not hours.","The passengers shout the names of European countries as they recognize them. Ben Zoof claims to see Montmartre. Servadac sends a message via carrier pigeon. Their entire frame of reference is Earth-based, with no space-adapted culture evident.","Procope, the count, and Servadac shout 'Europe! Russia! France!' in their native languages. Ben Zoof exclaims about Montmartre. All communication is in standard Earth languages.","The passengers face death from atmospheric fusion as the two atmospheres amalgamate with dense clouds, violent vibrations, and flashes of lurid flame. The montgolfier is elongated to its utmost stretch and sucked into a vortex. Everyone loses consciousness during the transfer.",Twenty-three people suspended in a balloon between a comet and Earth at 70 miles per second represent an utterly unique and unrepeatable human presence in space.,"Lieutenant Procope manages the technical details and announces the countdown, while Servadac commands from the car, having insisted on being the last to board. The unified command structure persists through the final moments.","The chapter is pure suspense: Procope counts down minutes to collision, Earth's disc swells like a vast funnel, the balloon elongates and is sucked into a vortex, clouds and lurid flame engulf them, and everyone loses consciousness. The outcome is uncertain until the final sentence.",The balloon escape is a purely civilian operation focused on saving all 23 passengers. There is no military dimension to the transit; even the military officers act in civilian survival roles.,"The entire chapter takes place in a montgolfier balloon at 2,500 yards altitude, with a wire-work stove maintaining air temperature. The aeronauts navigate between two atmospheres, and altitude, buoyancy, and air pressure are central concerns throughout.","Traveling at 70 miles per second, the passengers watch Earth's disc expand from a distant sphere to a vast funnel. The two atmospheres amalgamate violently with clouds, flame, and vortex forces. The physical transfer renders everyone unconscious, and the balloon is completely destroyed."
France,Off on a Comet,Book 2 - Chapter 19,No contestation,Cannot inhabit or hold territory,Near-Earth / very short journey,Basically Earth society in space,Same languages as Earth,Benign / easily survivable,Exceptionally rare (few astronauts/explorers),Earth nation-states extend into space,Adventure / exploration,Entirely civilian,Like the frontier / colonial expansion,Almost Earth-like,"The return to Earth is entirely peaceful. Servadac and Timascheff discover Madame de L has married someone else, resolving their old rivalry. They shake hands and become sincere, confiding friends. The community disperses amicably.","Everyone is back on Earth. The comet has passed on into space far away with no human presence, except possibly the 13 Englishmen on the severed fragment whose fate remains unknown. Space is no longer inhabited or held.","The chapter opens with everyone already back on Earth near Mostaganem, scarcely more than a mile from the town. The comet merely grazed the earth and continued on, depositing them at their exact point of departure.","Earth society continued completely unchanged during their absence. The population is perfectly calm, cattle graze, the sun rises normally, and no one noticed anything unusual. The Gallians immediately reintegrate into their old Earth lives.",Servadac immediately converses with his old friends at the Mascara gate in French. The colonel greets him familiarly. All communication is in standard Earth languages with no trace of any space-related language change.,"The chapter takes place on a perfectly normal January morning in Algeria with dew on the pastures, cattle browsing quietly, and the sun rising in the east. Conditions are entirely benign and Earth-normal.",The comet experience was so singular that no one on Earth believes it. Rosette publishes his treatise but is ridiculed by astronomers. Servadac and Timascheff maintain rigid silence about their incredible experiences.,"National identities persist unchanged: the Dobryna's crew returns to Russia, the Spaniards are sent to their native shores, and Rosette insists 13 Englishmen remain on a fragment of Gibraltar traversing space. Earth nations extend their identity beyond the planet.","The chapter provides a classic adventure epilogue: heroes return home, old conflicts are resolved, children grow up and marry (Pablo weds Nina), and the mystery of the comet remains unsolved. Ben Zoof asks if it really happened at all.","The return to Earth is entirely peaceful and civilian. The community disperses, Pablo and Nina are adopted and educated, Servadac eventually becomes a colonel through normal career progression, and life resumes its ordinary civilian course.","The epilogue mirrors the return from a frontier expedition: explorers come home to find civilization unchanged, try to reintegrate into normal life, and struggle to convince others of their experiences. Rosette's published treatise parallels an explorer's disputed account.","The chapter takes place entirely on Earth after the return. The physical environment is perfectly normal: an ordinary January morning in Algeria with dew, cattle, and sunrise. No trace of the comet's alien physics remains."
