country,book,chapter,q1,q2,q3,q4,q5,q6,q7,q8,q9,q10,q11,q12,q1_justification,q2_justification,q3_justification,q4_justification,q5_justification,q6_justification,q7_justification,q8_justification,q9_justification,q10_justification,q11_justification,q12_justification
US,2001 - A Space Odyssey,front_matter,Other / Unsure,Other / Unsure,"Extreme / effectively unreachable (generational, completely separate, or one-way-feeling distance)",Other / Unsure,Other / Unsure,Other / Unsure,Other / Unsure,Other / Unsure,Adventure / exploration,Other / Unsure,Other / Unsure,Other / Unsure,"The front matter is a foreword and dedication, not a narrative chapter. It does not depict contestation in space.",The foreword speculates philosophically about planets orbiting alien suns but does not depict inhabiting or holding territory in space.,"Clarke's foreword notes that the nearest inhabited worlds are 'a million times farther away than Mars or Venus,' establishing vast interstellar distances as a framing premise.",No cultural portrayal of space life is offered in the front matter; it is a philosophical prologue.,Language in space is not addressed in the front matter.,The hostility or habitability of space is not discussed in the foreword.,How common space habitation is not addressed; the foreword only speculates about extraterrestrial life.,Political structures in space are not discussed in the foreword.,"The foreword frames the novel as a story about humanity venturing into space and potentially meeting alien equals or masters, setting an exploration and discovery tone.",Whether space is military or civilian is not addressed in the front matter.,No analogy for space as a domain is offered in the foreword.,Physical differences of space from Earth are not described in the foreword beyond noting vast distances.
US,2001 - A Space Odyssey,Chapter 1 - The Road to Extinction,Other / Unsure,Other / Unsure,Other / Unsure,Other / Unsure,Other / Unsure,Other / Unsure,Other / Unsure,Other / Unsure,Thriller / Horror / Survival,Other / Unsure,Other / Unsure,Other / Unsure,"Set three million years ago among man-apes on the African veldt. Territorial disputes occur between rival ape tribes, but space is not contested — it is only glimpsed as a mysterious satellite passing overhead.",The chapter is set entirely on prehistoric Earth. Space habitation is not addressed; the only reference to space is a 'dazzling point of light' crossing the sky.,No space journey is depicted. The man-apes are Earth-bound and pre-technological; space is observed only as unreachable lights in the sky.,No space culture exists in this chapter. The only society depicted is a prehistoric man-ape tribe on the savanna.,"The man-apes communicate through shrieks and growls. Human language does not yet exist, and no space-related language is shown.","Space conditions are not experienced or described. The hostility depicted is terrestrial — drought, leopards, starvation.",No humans live in space. The man-apes barely survive on Earth; the concept of space habitation does not exist for them.,No political structures exist beyond rival man-ape tribes. Space governance is not addressed.,"The chapter is a grim survival narrative: starvation, leopard attacks killing tribe members in the night, and a species on the verge of extinction. The tone is tense and primal.",Space is not depicted as either military or civilian. The chapter is entirely prehistoric and terrestrial.,Space is not characterized as any domain. The man-apes see the moon and stars but have no conception of space.,The physical nature of space is not described. Only Earth's harsh Pleistocene environment is portrayed.
US,2001 - A Space Odyssey,Chapter 2 - The New Rock,Other / Unsure,Other / Unsure,Other / Unsure,Other / Unsure,Other / Unsure,Other / Unsure,Other / Unsure,Other / Unsure,Adventure / exploration,Other / Unsure,Other / Unsure,Other / Unsure,"This chapter is set on prehistoric Earth. The alien monolith appears and manipulates the man-apes, but there is no conflict in or about space; the encounter is entirely terrestrial.",No one inhabits space in this chapter. The monolith is an alien artifact on Earth's surface. Space habitation is not addressed.,"No space journey occurs. The alien presence arrives on Earth in the form of a monolith, but the chapter does not depict travel through space.","Space culture is not depicted. The alien intelligence manipulates man-apes via the monolith, but no cultural society in space is shown.","No language in space is depicted. The monolith communicates with the man-apes through direct neurological manipulation — lights, sounds, and compulsive motor control — not language.",Space conditions are not experienced. The chapter takes place entirely on the African savanna among prehistoric man-apes.,No humans or man-apes live in space. The alien presence is implied to come from space but is encountered on Earth's surface.,No political order in space is depicted. The only social structure is the primitive man-ape tribe.,"The chapter is a first-contact encounter: an alien artifact arrives and begins testing and reshaping the man-apes through an entrancing light display, establishing a sense of discovery and alien mystery.",Space as a domain is not depicted. The alien monolith operates on Earth; no military or civilian space activity is shown.,Space is not characterized as any domain in this chapter. The monolith is simply an alien artifact on prehistoric Earth.,The physical nature of space is not described. The chapter is entirely terrestrial in setting.
US,2001 - A Space Odyssey,Chapter 3 - Academy,Other / Unsure,Other / Unsure,Other / Unsure,Other / Unsure,Other / Unsure,Other / Unsure,Other / Unsure,Other / Unsure,Adventure / exploration,Other / Unsure,Other / Unsure,Other / Unsure,"Set on prehistoric Earth. The alien monolith trains man-apes to use tools and hunt, but there is no conflict in or about space.",No space habitation is depicted. The chapter is entirely on the African savanna three million years ago.,"No space journey occurs. The alien influence is local, operating through the monolith on Earth's surface.","No space culture is shown. Only primitive man-ape society is depicted, being reshaped by the alien monolith.",No language in space is depicted. The man-apes are pre-linguistic; the monolith communicates via direct neural manipulation.,Space conditions are not experienced. The environment is the harsh but terrestrial African Pleistocene.,No one lives in space. The chapter is entirely Earth-bound.,No political structures in space. Only man-ape tribal rivalry is shown.,"The chapter depicts the alien monolith's experimental uplift of the man-apes — teaching them tool use and hunting, a transformative first-contact encounter with discovery overtones.",Space is not depicted as a domain. The chapter is prehistoric and terrestrial.,Space is not characterized as any domain.,Physical space conditions are not described. The setting is Earth's surface.
US,2001 - A Space Odyssey,Chapter 4 - The Leopard,Other / Unsure,Other / Unsure,Other / Unsure,Other / Unsure,Other / Unsure,Other / Unsure,Other / Unsure,Other / Unsure,Thriller / Horror / Survival,Other / Unsure,Other / Unsure,Other / Unsure,Set on prehistoric Earth. Moon-Watcher's tribe uses new tools to fight off a leopard. There is no space content or contestation of space.,"No space habitation. The chapter is entirely terrestrial, depicting man-apes developing tools and hunting.",No space journey occurs. The setting is prehistoric Africa.,No space culture is depicted. Only man-ape survival on the savanna is shown.,No language in space. The man-apes are pre-linguistic and operate on Earth.,Space hostility is not addressed. Hostility comes from terrestrial predators — the leopard.,No one lives in space. The chapter is Earth-bound.,No political structures in space. Only primitive tribal territory is depicted.,"The chapter centers on a terrifying nighttime encounter when a leopard follows a blood trail up the cliff into Moon-Watcher's cave. The man-apes fight it off for the first time, a desperate survival triumph.",Space is not depicted as a domain.,Space is not characterized.,Space conditions are not described. The setting is Earth's surface.
US,2001 - A Space Odyssey,Chapter 5 - Encounter in the Dawn,Other / Unsure,Other / Unsure,Other / Unsure,Other / Unsure,Other / Unsure,Other / Unsure,Other / Unsure,Other / Unsure,Thriller / Horror / Survival,Other / Unsure,Other / Unsure,Other / Unsure,"The monolith has vanished. Moon-Watcher's tribe uses tools to cross the river and kill the rival leader, One-Ear. Contestation is territorial on Earth, not in space.",No space habitation. The chapter depicts primitive territorial conquest on Earth.,No space journey. The setting is prehistoric African savanna.,No space culture. Only man-ape tribal dynamics are shown.,No language in space. The man-apes are still pre-verbal.,Space conditions are not addressed. The hostility is terrestrial — tribal warfare.,No one lives in space.,No space political structures.,"Moon-Watcher displays the leopard's severed head to intimidate the rival tribe, then crosses the river and kills One-Ear with a bone club. The tone is primal violence and dominance.",Space is not depicted as a domain.,Space is not characterized.,Space conditions are not described.
US,2001 - A Space Odyssey,Chapter 6 - Ascent of Man,High contestation (frequent conflict or strategic struggle),Other / Unsure,Other / Unsure,Other / Unsure,Other / Unsure,Other / Unsure,Other / Unsure,Other / Unsure,Drama,Other / Unsure,Other / Unsure,Other / Unsure,"The chapter surveys humanity's entire history from tool-making to weapons of infinite range, noting that Man 'often used them against himself.' It concludes ominously that with nuclear weapons, Man is living on borrowed time — implying existential conflict.",The chapter summarizes human evolution but does not yet depict life in space. It ends at the threshold of the space age.,No space journey is depicted yet. The narrative sweeps from the Pleistocene to the modern era but stops before space travel.,Space culture is not shown; the chapter covers terrestrial civilization's evolution.,"Language development is described on Earth (speech, writing), but language in space is not addressed.",Space conditions are not described. The chapter covers only Earth's history.,No one yet lives in space. The chapter covers humanity's rise on Earth.,No space political structures are depicted.,"A sweeping philosophical summary of human evolution from tool-using apes to nuclear-armed civilization, reflecting on how weapons of offense both enabled human dominance and now threaten extinction.",Space is not yet depicted as a domain.,Space is not characterized.,The physical nature of space is not described.
US,2001 - A Space Odyssey,Chapter 7 - Special Flight,Moderate contestation (ongoing rivalry/disputes),"Visiting / Temporary presence only (stations, missions, outposts)",Short interplanetary journey,Basically Earth society in space,Same languages as Earth,Manageable but risky,Uncommon (small specialist population),Earth nation-states extend into space,Political / diplomatic,Mixed civilian-military domain,Like the air / airpower,Very different (human bodies/technology constantly challenged),"Thirty-eight nuclear powers watch each other with 'belligerent anxiety,' China is selling nuclear arsenals to small nations, and Floyd worries whether Earth will still exist when he returns. There is geopolitical rivalry but no open war.","Space Station One is a transit hub; Clavius Base on the Moon houses geologists and scientists. These are stations and outposts, not permanent colonies with families and civilian life.","Floyd's transit from Earth to Space Station One takes only 55 minutes. The Moon is his final destination, a short cislunar journey. Mars is mentioned as somewhere Floyd has visited once.","Floyd is briefed by the President, intercepted by reporters, served by a stewardess, and carries a briefcase of technical reports. Space travel replicates airline conventions almost exactly — it is Earth society transported upward.","Everyone speaks English. There is no mention of different languages in space, translation technology, or linguistic variation. Communication is entirely in recognizable Earth English.","Floyd takes anti-nausea pills, follows zero-gee regulations, and the stewardess uses Velcro-soled sandals to walk. Weightlessness and the physical stress of acceleration are managed but require constant attention and specialized equipment.","Floyd has been to the Moon three times, which is noteworthy enough to make him a prominent figure. Miss Simmons' fiancé is a specialist geologist at Clavius. Space is accessible but only to a small professional population.",The National Council of Astronautics and the US President direct Floyd's mission. Thirty-eight nuclear powers and the Chinese Empire are distinct geopolitical actors. Earth's nation-state rivalries clearly extend into the space domain.,"Floyd's flight is secret, arranged after a midnight presidential briefing. Reporters probe for information about a Moon quarantine. The chapter is dominated by political secrecy, media management, and geopolitical tension, not action or combat.","The spaceplane has a stewardess and resembles commercial aviation, yet Floyd's mission is classified, ordered by the President, and involves national security. Space is both civilian infrastructure and government-controlled strategic space.","Space travel is presented through airline conventions: stewardess, pilot and copilot, boarding gantry, cabin seating, safety announcements, and in-flight service. The spaceplane itself has swept-back wings and launches from a track.","Weightlessness dominates: Floyd must take anti-nausea pills, the stewardess walks on Velcro, drinks come through plastic tubes, and 'up' rotates disconcertingly with the ship's orientation. The body is constantly challenged by zero-gee."
US,2001 - A Space Odyssey,Chapter 8 - Orbital Rendezvous,Moderate contestation (ongoing rivalry/disputes),"Visiting / Temporary presence only (stations, missions, outposts)",Short interplanetary journey,Basically Earth society in space,Same languages as Earth,Manageable but risky,Uncommon (small specialist population),Earth nation-states extend into space,Political / diplomatic,Mixed civilian-military domain,Like the air / airpower,Very different (human bodies/technology constantly challenged),Space Station One has separate U.S. and Soviet sections with passport and visa barriers. Floyd encounters a Soviet scientist friend and tries to avoid him due to the classified nature of his mission. Geopolitical rivalry is embedded in the space infrastructure.,"Space Station One is a 300-yard rotating disk with a passenger lounge, restaurant, barber shop, and phone booths — a well-developed transit hub, but still a station for transient personnel, not a permanent settlement.",The station orbits at 200 miles altitude. Floyd is in transit to the Moon. The journey from Earth to the station took about 55 minutes; the overall Earth-to-Moon trip is cislunar and short.,"The station has a restaurant, post office, barber shop, drugstore, movie theater, souvenir shop, and phone booths. Floyd calls home about his car, tennis tournament, and broken TV. It replicates Earth commercial society in orbit.","Signs are posted in English, Russian, Chinese, French, German, and Spanish — the same languages as on Earth. No new space language exists.","Floyd must haul himself hand-over-hand in weightlessness, adjusting to centrifugal pseudo-gravity. The station's rotating design manages gravity artificially, but movement near the axis is disorienting and requires handholds.","The station houses security personnel, a few commercial facilities, and transit passengers. It is well-developed but not heavily populated; Floyd is a VIP on a special flight.","The station is formally divided into US and Soviet sections with passport control, visas, and separate entrances. National boundaries literally extend into orbit.","Floyd tries to avoid his Soviet friend due to classification concerns. The scene is dominated by geopolitical division (US/Soviet sections), secrecy about the Moon situation, and diplomatic maneuvering in space.","The station has commercial amenities (barber, theater, souvenir shop) alongside security officers and classified government missions. It is simultaneously civilian infrastructure and a tool of national policy.","The chapter continues the airline metaphor: docking procedures resemble airport operations, a security officer meets Floyd like a VIP handler, the lounge has shops and restaurants like an airport terminal.","Weightlessness at the station axis, centrifugal pseudo-gravity increasing as one moves outward, curving floors, and the need to force oneself downward on stairs all mark a physically alien environment."
US,2001 - A Space Odyssey,Chapter 9 - Moon Shuttle,"Low contestation (minor competition, little open conflict)","Visiting / Temporary presence only (stations, missions, outposts)",Short interplanetary journey,Basically Earth society in space,Same languages as Earth,Manageable but risky,Uncommon (small specialist population),Earth nation-states extend into space,Adventure / exploration,Mixed civilian-military domain,Like the air / airpower,Very different (human bodies/technology constantly challenged),"Floyd avoids Dimitri's probing questions about TMA-1, and US/Soviet sections divide the space station. There is secrecy and diplomatic tension but no open conflict. The news Floyd reads mentions accidents and threats of conflict but nothing direct.","Clavius Base on the Moon is a functioning outpost with buildings and vehicles, visible during landing. Floyd is visiting it on a mission. The base is staffed but described as a foothold, not a settlement.",The Earth-to-Moon shuttle takes about 25 hours. Floyd describes it as a routine trip and calls it 'an ordinary moon shuttle.' The Moon is close and reachable.,"The shuttle has a steward and stewardess, meals served at clipped-down tables, a washroom with detailed instructions, a Newspad for reading electronic newspapers, and sleep cubicles. Floyd's concerns are tennis tournaments and broken TVs at home.","Floyd reads news in English, signs at the station are in six Earth languages, and the Balinese stewardess performs traditional dance. No space-specific language exists.","Zero-gravity requires Velcro slippers, elastic sleep restraints, adhesive food sauces, spinning toilet compartments, and special washroom procedures. The environment is thoroughly managed but demands constant adaptation.",Floyd is the sole passenger on this special Moon shuttle. The crew treats him with awe. Space is accessible to specialists but not to a broad population.,US and Soviet sections divide the space station. Floyd checks through the US transit barrier. National borders and diplomatic protocols extend directly into space.,"Floyd journeys to the Moon to investigate a mysterious discovery (TMA-1). The chapter emphasizes the wonder of lunar descent, the alien beauty of lunar mountains, and the emotional significance of landing on the Moon.","The shuttle resembles a civilian airliner with stewards and meal service, but Floyd's mission is classified and he is accompanied by a security officer. Space is simultaneously routine transit and national security infrastructure.","The shuttle is described like an airline: stewardess, pilot, copilot, cabin, meal service, washroom, sleep period. Clavius Control talks to the shuttle like an air traffic controller. The experience is explicitly modeled on commercial aviation.","Zero gravity dominates the journey: food must be glued to plates, drinks in squeeze tubes, sleep requires elastic restraints, the toilet spins to create artificial gravity. The lunar surface is utterly unlike Earth — no snow, vegetation, or clouds."
US,2001 - A Space Odyssey,Chapter 10 - Clavius Base,Moderate contestation (ongoing rivalry/disputes),"Limited settlement (small colonies, hard to sustain/control)",Short interplanetary journey,Mostly Earth-like with minor adaptations,Same languages as Earth,Harsh and resource-intensive,Uncommon (small specialist population),Earth nation-states extend into space,Political / diplomatic,Mixed civilian-military domain,Like the frontier / colonial expansion,Very different (human bodies/technology constantly challenged),TMA-1 is classified partly because of suspicion that 'our Chinese friends are behind it.' The Cold War's legacy is explicit — the base uses missile-silo technology. Secrecy damages morale as personnel cannot contact families. Geopolitical rivalry pervades the Moon.,"Clavius Base houses 1,700 people (1,100 men and 600 women) in an underground, self-sustaining facility. Children are being born and raised on the Moon — the Administrator's daughter Diana has never been to Earth. This is an early permanent settlement, though still small and resource-intensive.",Floyd arrived from Earth in about a day. The Moon is close enough for routine shuttle service. The journey is short in cosmic terms.,"Living modules resemble motel rooms with TV and hi-fi. The Administrator has a leather chair, signed photos, and sherry. But children grow differently in low gravity, rooms are small, and the environment is underground. Earth culture with clear lunar adaptations.",All communication is in English. No space-specific language or linguistic variation is mentioned.,"The base is entirely underground, carved from rock. All air comes from chemical processing and algae farms. Food is synthesized. The environment requires constant life-support recycling, and the lunar surface is airless, forcing everyone to live in sealed tunnels.","The base has 1,700 highly trained scientists and technicians, 'carefully selected before they had left Earth.' There are some children being born on the Moon, but the population is tiny and specialized.","Clavius Base is a U.S. Astronautical Engineering Corps facility, established 1994. The Administrator has photos of the US President and UN Secretary General. Chinese involvement in TMA-1 is suspected. National identities persist on the Moon.","Floyd's visit is about managing a classified discovery. The chapter focuses on the morale crisis from the news blackout, diplomatic concerns about the Soviets and Chinese, and organizational politics at the base.",The base is run by the U.S. Astronautical Engineering Corps (military heritage) but staffed by scientists and their families. Diana is growing up on the Moon. It blends military-style infrastructure with a nascent civilian community.,Floyd reflects that the 'Spaceborn' generation represents pioneers with nuclear power plants and hydroponic farms as their tools. The base is explicitly compared to frontier settlement — Earth 'must say farewell to her children.' Cold War missile-silo skills were repurposed.,"Lunar gravity requires learning entirely new reflexes — distinguishing mass from weight, avoiding collisions. Children develop different bone structures. The surface is airless and barren. All life support is artificial and underground."
US,2001 - A Space Odyssey,Chapter 11 - Anomaly,Moderate contestation (ongoing rivalry/disputes),"Limited settlement (small colonies, hard to sustain/control)",Short interplanetary journey,Mostly Earth-like with minor adaptations,Same languages as Earth,Harsh and resource-intensive,Uncommon (small specialist population),Earth nation-states extend into space,Adventure / exploration,Mixed civilian-military domain,Like the frontier / colonial expansion,Very different (human bodies/technology constantly challenged),China's third lunar expedition (1998) is suspected in connection with TMA-1. The discovery is classified; personnel chafe at the news blackout. Geopolitical rivalry shapes how the discovery is handled.,"Clavius Base is a functioning settlement, but the chapter focuses on the classified briefing and political pressures on a small, isolated scientific community.","The Moon is close enough for routine travel. Floyd arrived easily. The monolith's origins, however, point to interstellar distances.","The briefing room doubles as a cultural center with signs stolen from Earth and amateur paintings. Scientists debate, drink, and bet money. Social norms are Earth-like, adapted to lunar isolation.",All discussion is in English. No space-specific language is used.,"The excavation site is described as a wilderness requiring pressure domes, spacesuits, and remote drilling. The Moon surface is airless and barren.",A small team of scientists works the excavation site. Fewer than 100 people on Earth have seen the TMA-1 photograph. Space presence is exclusive.,TMA-1 is classified under US authority. Chinese involvement is suspected. The discovery is filtered through terrestrial geopolitics.,"The chapter climax is the revelation that TMA-1 is three million years old, the first evidence of extraterrestrial intelligence. The tone is one of awe and scientific discovery.","The discovery is classified by national security protocols, yet investigated by civilian scientists. The briefing room and culture are civilian; the secrecy is military.","The excavation camp is described as a frontier outpost with men drilling into alien terrain, uncovering artifacts. Signs from Earth serve as nostalgic reminders of the civilization left behind.","The lunar surface requires spacesuits, pressure domes, and drilling through rock in vacuum. The monolith absorbs all light and resists all investigation. The environment is utterly alien."
US,2001 - A Space Odyssey,Chapter 12 - Journey by Earthlight,"Low contestation (minor competition, little open conflict)","Limited settlement (small colonies, hard to sustain/control)","Extreme / effectively unreachable (generational, completely separate, or one-way-feeling distance)",Mostly Earth-like with minor adaptations,Same languages as Earth,Harsh and resource-intensive,Uncommon (small specialist population),Earth nation-states extend into space,Adventure / exploration,Mixed civilian-military domain,Like the frontier / colonial expansion,Very different (human bodies/technology constantly challenged),The chapter is a contemplative journey across the lunar surface. Geopolitical tension is background; the focus is scientific wonder and speculation about alien origins.,The TMA-1 site has pressure domes for six permanent staff. Emergency depots are placed along the 200-mile route. Settlement is sparse and precarious.,Floyd speculates that TMA-1 creators may have come from the stars. Interstellar travel is described as seeming impossible. The origin of the monolith implies extreme distances.,"Floyd and colleagues sit in a pressurized bus, discuss scientific theories, and ride across a marked trail with emergency depots. Social behavior is academic and Earth-like.",All conversation and signage is in English.,"The 200-mile journey requires a self-contained mobile lab. Emergency depots with oxygen, water, and repair kits mark the route. The terrain is steep and treacherous.",Only a handful of scientists inhabit the excavation site. The mobile lab carries twenty people at most. Space presence is minimal.,The engineering survey cited is from the US Army. Clavius is a US facility. National institutions operate on the Moon.,"The chapter is a journey through lunar wilderness to an alien artifact, combining travelogue, scientific speculation about extraterrestrial intelligence, and a growing sense of mystery.",The chapter cites a US Army geological survey. Scientists travel in a military-derived mobile lab. The blend of military infrastructure and civilian science persists.,Emergency depots along the trail resemble supply caches on a frontier route. The mobile lab is compared to a landgoing spaceship. The journey feels like an expedition into uncharted wilderness.,"The lunar landscape has no atmosphere, no vegetation, no water. Earth-light illuminates a barren, cratered terrain. The bus must navigate terrifying slopes."
US,2001 - A Space Odyssey,Chapter 13 - The Slow Dawn,"Low contestation (minor competition, little open conflict)","Visiting / Temporary presence only (stations, missions, outposts)","Extreme / effectively unreachable (generational, completely separate, or one-way-feeling distance)",Mostly Earth-like with minor adaptations,Same languages as Earth,Harsh and resource-intensive,Uncommon (small specialist population),Earth nation-states extend into space,Adventure / exploration,Mostly civilian with some military presence,Totally unique domain,Very different (human bodies/technology constantly challenged),There is no conflict in this chapter. Scientists peacefully investigate the monolith and pose for photographs. The tone is reverential and exploratory.,"The TMA-1 site has a single 20-foot pressure dome housing six personnel, a temporary field camp not a settlement.","The monolith is three million years old, left by beings who came from the planets or the stars. Floyd reflects that the creators might yet return from interstellar distances.","Scientists pose for photographs, use suit radios, and conduct familiar scientific procedures. Social behavior is recognizably Earth-like, adapted for the spacesuit environment.",All communication is in English via suit radio. No space-specific language.,Walking requires spacesuits; the lunar vacuum is absolute. The monolith absorbs all light and heat. The environment is lethal without suits and shelter.,Six scientists staff the site. Floyd visit is extraordinary. Very few people are present on the Moon.,The discovery remains under US classification. The political implications for Earth six billion people are noted.,"The chapter climaxes with TMA-1 emitting a piercing signal at lunar dawn, the first alien communication in three million years. Pure discovery and first-contact wonder.","The scene is entirely scientific: geologists, a project supervisor, photography. No military activity is visible, though the context remains classified.","The lunar surface at dawn, with the alien monolith absorbing all light and emitting a signal, creates an experience wholly unlike any terrestrial domain.","Floyd walks in a spacesuit under one-sixth gravity, the vacuum is absolute, the sun is unbearably bright with no atmosphere to filter it, and the monolith absorbs solar energy without reflection."
US,2001 - A Space Odyssey,Chapter 14 - The Listeners,No contestation,"Visiting / Temporary presence only (stations, missions, outposts)","Extreme / effectively unreachable (generational, completely separate, or one-way-feeling distance)",Other / Unsure,Same languages as Earth,Extremely hostile (constant survival pressure),Exceptionally rare (few astronauts/explorers),Earth nation-states extend into space,Adventure / exploration,Mostly civilian with some military presence,Totally unique domain,Radically non-Earth-like (physics/environment fundamentally unlike Earth experience),The chapter depicts automated deep-space probes peacefully monitoring the solar system. There is no conflict; the probes cooperatively detect TMA-1s energy burst. International cooperation is noted in the probes design.,Space is populated only by unmanned monitors and probes drifting through the asteroid belt and beyond. No human habitation exists in deep space.,Deep Space Monitor 79 is a hundred million miles beyond Mars. Artificial Comet 5 is heading beyond Pluto on an orbit taking a thousand years. The energy burst from TMA-1 is heading toward the stars. Distances are immense.,No human culture in space is depicted. The chapter describes only automated machines and ground-based scientists on Earth.,"The Radiation Forecaster at Goddard operates in English. Data centers are in Washington, Moscow, and Canberra. No space-specific language.","Deep space is described as cold loneliness with cosmic rays, solar wind, and radiation. Only machines can survive in these conditions; no human presence is possible.",No humans are in deep space. Only automated probes exist beyond Mars. The chapter explicitly states no man had yet traveled this far.,"The probe was designed by Americans, built by British engineers, and launched by Russian technicians. Data goes to Washington, Moscow, and Canberra. International cooperation operates through national institutions.","The chapter tracks an alien energy signal racing from the Moon toward the stars, detected by scattered probes. The tone is one of cosmic mystery and discovery.",Deep-space monitors are scientific instruments managed by civilian agencies like Goddard. No military purpose is mentioned.,"Deep space is described in its own terms: cosmic rays, solar wind, tangled asteroid orbits, thousand-year cometary paths. No Earth domain analogy is applied.","The environment is the void between planets: extreme cold, cosmic radiation, solar plasma winds, and distances measured in hundreds of millions of miles. It is fundamentally unlike any Earth environment."
US,2001 - A Space Odyssey,Chapter 15 - Discovery,No contestation,"Visiting / Temporary presence only (stations, missions, outposts)","Extreme / effectively unreachable (generational, completely separate, or one-way-feeling distance)",Mostly Earth-like with minor adaptations,Same languages as Earth,Extremely hostile (constant survival pressure),Exceptionally rare (few astronauts/explorers),Single unified authority,Adventure / exploration,Mostly civilian with some military presence,Like the ocean / naval,Radically non-Earth-like (physics/environment fundamentally unlike Earth experience),"The chapter describes the Discovery mission, its crew, and HAL 9000 in calm, routine terms. There is no conflict or rivalry in space. The mission is entirely scientific and exploratory.","Discovery is a single ship on a one-way voyage to Saturn with a crew of five plus HAL. The plan is to orbit Saturn for 100 days then hibernate until rescue. This is a mission, not settlement.",Discovery is heading nearly a billion miles from Earth on a one-way trip. The crew will sleep for five years awaiting rescue. Earth shrinks to a silver crescent. The distance is described as making rescue impossible if anything goes wrong.,"Bowman reminisces about palm trees and tropical lagoons, plans to return rich and famous. He and Poole talk casually, joke about psychiatrists. Social norms are recognizably Earth-like despite the setting.",HAL speaks perfect idiomatic English. All communication with Earth and between crew is in English. No space-specific language exists.,"The crew depends entirely on HAL to monitor oxygen, temperature, hull integrity, radiation, and hibernation life support. A billion miles from Earth, there is no possibility of rescue if systems fail.","There are only five humans (two awake, three hibernating) on the entire ship, described as the most ambitious mission in fifty years of spaceflight. This is an exceptional, singular expedition.",The Astronautics Agency directs the mission. No competing nations or factions are mentioned aboard Discovery. The probe in Ch.14 was a joint international effort. The ship operates under a single authority.,"Discovery is on the first manned voyage to Saturn, described as an expedition to map a world eighty times Earths area with fifteen moons. The tone is one of bold exploration into the unknown.","The mission is run by the Astronautics Agency, a civilian body. Bowman and Poole are astronauts, not soldiers. HAL is a civilian computer. No military elements are present.","Bowman is First Captain. Discovery is described like a ship at sea: a closed world with crew watches, a course to follow, and a distant port of call. The ship-at-sea metaphor is implicit throughout.","Earth is a dwindling crescent millions of miles away. Crew members are artificially hibernated at near-freezing temperatures. The ship is a tiny bubble of life in a void where rescue is impossible. Gravity, light, and distance are utterly unlike Earth."
US,2001 - A Space Odyssey,Chapter 17 - Cruise Mode,No contestation,"Visiting / Temporary presence only (stations, missions, outposts)","Extreme / effectively unreachable (generational, completely separate, or one-way-feeling distance)",Mostly Earth-like with minor adaptations,Same languages as Earth,Extremely hostile (constant survival pressure),Exceptionally rare (few astronauts/explorers),Single unified authority,Adventure / exploration,Mostly civilian with some military presence,Like the ocean / naval,Radically non-Earth-like (physics/environment fundamentally unlike Earth experience),"The chapter describes the peaceful daily routine of Bowman and Poole aboard Discovery. There is no conflict, rivalry, or contestation of any kind. The voyage is uneventful.",Discovery is a single ship on an exploratory mission to Saturn. The crew live in a small pressure hull for the duration. There is no settlement or territory-holding.,"Discovery is heading toward Saturn, nearly a billion miles from Earth. Communication delay is increasing. Bowman reads about past explorers, implying the immensity of their own voyage.","Bowman reads the newspaper, watches TV, eats steaks and ice cream, plays chess with HAL, and calls his girlfriend on Earth. Social routines are Earth-like despite the zero-gee and artificial gravity adaptations.",All communication is in English. HAL speaks idiomatic English. Bowman reads the World Times. No space-specific language.,"The ship is a fragile 400-foot structure in vacuum. The crew depends entirely on life-support, a rotating centrifuge for gravity, and HAL monitoring oxygen, temperature, hull integrity, and radiation. Any failure could be fatal.",Only two men are awake aboard the only ship in the outer solar system. Three others hibernate. This is described as the most ambitious mission in fifty years of spaceflight.,Mission Control directs the ship. No competing nations or factions are mentioned. The mission operates under a single agency.,"Bowman studies exploration history, reading about Pytheas, Cook, Magellan, and the Odyssey. The chapter frames Discovery's voyage as the latest in humanitys great explorations.",Bowman and Poole are civilian astronauts doing scientific work. There is no military element aboard Discovery.,Bowman is Captain; crew stand watch in 12-hour shifts; the ship is a closed world on a long voyage. Bowman reads about maritime explorers. The astronauts are compared to mariners whose personal relationships strain over long voyages.,Weightlessness dominates except in the centrifuge. Hot drinks are dangerous in zero-gee. The ship is a tiny bubble of life surrounded by vacuum. The external structure is too fragile for any atmosphere.
US,2001 - A Space Odyssey,Chapter 18 - Through the Asteroids,No contestation,"Visiting / Temporary presence only (stations, missions, outposts)","Extreme / effectively unreachable (generational, completely separate, or one-way-feeling distance)",Mostly Earth-like with minor adaptations,Same languages as Earth,Extremely hostile (constant survival pressure),Exceptionally rare (few astronauts/explorers),Single unified authority,Adventure / exploration,Mostly civilian with some military presence,Like the ocean / naval,Radically non-Earth-like (physics/environment fundamentally unlike Earth experience),Discovery passes through the asteroid belt without encountering any conflict. The chapter is entirely about observing a passing asteroid. There is no contestation of space.,Discovery transits through the asteroid belt on its way to Jupiter. No habitation or territory-holding. The ship is alone in a vast emptiness.,Discovery is between Mars and Jupiter. Jupiter is still two hundred million miles away. The asteroid belt is a no-mans-land of a million scattered rocks. The void is immense.,Bowman and Poole excitedly observe the asteroid like sailors sighting land. Their emotional responses and scientific procedures are recognizably Earth-like.,All communication is in English. No space-specific language.,Even the smallest asteroid could completely destroy the ship if it hit them at tens of thousands of miles per hour. They are utterly alone in a region threaded by the paths of a million rocks.,Discovery is the only human-made vessel between Earth and the infinitely distant stars. Two men awake in the entire outer solar system.,The mission operates under a single authority. No competing interests are mentioned.,"The crew observe and probe an asteroid for the first time, firing an impact slug to analyze its composition. They are compared to sailors sighting a coast they cannot land on. Pure exploration.",The asteroid observation and impact probe are entirely scientific. No military activity.,"The crew are compared explicitly to sailors on a long sea voyage skirting a coast on which they cannot land. Discovery runs like a streetcar on tracks, echoing ship navigation.","The asteroid is a tumbling irregular rock in vacuum, seen at cosmic speeds. An impact slug creates a flash of incandescent gas. The environment is unlike anything on Earth."
US,2001 - A Space Odyssey,Chapter 19 - Transit of Jupiter,No contestation,"Visiting / Temporary presence only (stations, missions, outposts)","Extreme / effectively unreachable (generational, completely separate, or one-way-feeling distance)",Mostly Earth-like with minor adaptations,Same languages as Earth,Extremely hostile (constant survival pressure),Exceptionally rare (few astronauts/explorers),Single unified authority,Adventure / exploration,Mostly civilian with some military presence,Like the ocean / naval,Radically non-Earth-like (physics/environment fundamentally unlike Earth experience),Discovery peacefully transits Jupiter. The chapter is entirely about scientific observation and the gravitational slingshot maneuver. There is no conflict.,Discovery flies past Jupiter without stopping. The planet is observed but not settled. The ship is on a transit to Saturn.,Radio signals take fifty minutes each way. Earth is so distant it appears as a faint star. Discovery plunges behind Jupiter and loses contact entirely for an hour. Saturn is still four hundred million miles away.,Bowman compares the Jovian aurora to a Canadian auroral display. He and Poole silently shake hands after the flyby. Human emotional responses persist in alien surroundings.,All communication is in English. HAL reports in English. Radio link with Earth is in English.,The slightest navigational error during the Jupiter flyby would send Discovery speeding to the far limits of the Solar System beyond any hope of rescue. The gravitational field is immense. Radio contact is lost behind the planet.,This is the first manned flyby of Jupiter. Only two men witness the transit. The experience is unprecedented in human history.,Mission is directed by a single authority. Information flows back to Earth for all to share. No competing factions.,"Discovery transits Jupiter, observing Europa's ice, the planet's phosphorescent night side, and possible signs of life. The tone is awe and discovery at the mightiest planet.",The transit is entirely a scientific mission. Atmospheric probes are dropped. No military element.,"Discovery is carried by gravitational currents, bouncing off Jupiters field like a ball on a pool table. The ship follows a course through gravitational forces like a vessel in ocean currents.","Jupiter is a wall of phosphorescence stretching to infinity, with a sea of mottled gold clouds and rivers of light. The planet is ninety thousand miles in diameter. The physical scale and environment are utterly beyond Earth experience."
US,2001 - A Space Odyssey,Chapter 20 - The World of the Gods,No contestation,"Visiting / Temporary presence only (stations, missions, outposts)","Extreme / effectively unreachable (generational, completely separate, or one-way-feeling distance)",Other / Unsure,Same languages as Earth,Extremely hostile (constant survival pressure),Exceptionally rare (few astronauts/explorers),Single unified authority,Adventure / exploration,Mostly civilian with some military presence,Totally unique domain,Radically non-Earth-like (physics/environment fundamentally unlike Earth experience),"The chapter follows the atmospheric probes descent into Jupiter. There is no conflict, only scientific observation and wonder.",Only unmanned probes enter Jupiter. No habitation is possible. Discovery is already heading away toward Saturn.,Discovery is now a quarter million miles from the probe. Saturn is still half a billion miles away. The distances are immense and the journey continues into deeper space.,No cultural interaction in this chapter. The probe descends alone into an alien atmosphere. Only two humans watch from a distant ship.,All telemetry and discussion is in English.,The probe is crushed by atmospheric pressure deep in Jupiter. The environment instantly destroys the first probe. Conditions below the clouds are lethal at scales beyond human comprehension.,Two men aboard Discovery watch remotely. No humans approach Jupiter. The probe is the first explorer from Earth to enter the atmosphere.,No political structures are mentioned. The mission operates under unified direction.,The probe sends back the first TV images from inside Jupiters atmosphere before being crushed. The chapter captures the wonder and terror of exploring an alien world for the first time.,The probe mission is entirely scientific. No military element.,"Jupiter is described on its own alien terms: a world of golden mist, volcanic cones with haloes of cloud, and crushing pressures. No Earth analogy fits.","The probe enters an atmosphere of ammonia and hydrogen, sees a golden sea of clouds at incomprehensible scale, and is crushed by pressure hundreds of miles above the hidden surface. The physics is utterly alien."
US,2001 - A Space Odyssey,Chapter 21 - Birthday Party,No contestation,"Visiting / Temporary presence only (stations, missions, outposts)","Extreme / effectively unreachable (generational, completely separate, or one-way-feeling distance)",Mostly Earth-like with minor adaptations,Same languages as Earth,Extremely hostile (constant survival pressure),Exceptionally rare (few astronauts/explorers),Single unified authority,Drama,Mostly civilian with some military presence,Like the ocean / naval,Radically non-Earth-like (physics/environment fundamentally unlike Earth experience),Poole receives a birthday message from his family. HAL reports a technical problem. The chapter is domestic and procedural; there is no conflict or contestation.,Discovery is in transit between Jupiter and Saturn. No habitation or territory. The ship is a temporary vessel in deep space.,Radio signals take over an hour for the round trip. Poole feels that emotional links have been stretched beyond the yield point. He is seven hundred million miles from his family.,Pooles family sings Happy Birthday with a cake on Earth. Bowman and Poole compose a press statement and play games with HAL. Social norms are recognizably Earth-like.,"All communication is in English, including the radio jargon Technish. Mission Control switches between jargon and normal English.","The AE-35 unit failure could mean losing all contact with Earth. If the antenna cant locate Earth, messages would shoot unseen into emptiness. They are seven hundred million miles from help.","Two men awake, three hibernating. The nearest psychiatrist is a hundred million miles away. They are utterly alone.",Mission Control directs procedures. Public Information requests a press statement. All under one unified chain of command.,The chapter balances Pooles emotional isolation from his family with HALs announcement of the AE-35 problem. The tone is poignant and quietly tense.,The crew are civilian astronauts dealing with a technical problem. Mission Control and Public Information are civilian agencies.,"The radio jargon (X-ray-Delta-One, Technish) echoes naval communications. The crew await round-trip signal delays like sailors awaiting dispatch replies.",Earth and Moon appear as tiny half-crescents seven hundred million miles away. Light takes over half an hour each way. The radio beam must hit a pinpoint target or be lost forever.
US,2001 - A Space Odyssey,Chapter 22 - Excursion,No contestation,"Visiting / Temporary presence only (stations, missions, outposts)","Extreme / effectively unreachable (generational, completely separate, or one-way-feeling distance)",Mostly Earth-like with minor adaptations,Same languages as Earth,Extremely hostile (constant survival pressure),Exceptionally rare (few astronauts/explorers),Single unified authority,Adventure / exploration,Mostly civilian with some military presence,Like the ocean / naval,Radically non-Earth-like (physics/environment fundamentally unlike Earth experience),Poole performs a routine EVA to replace the AE-35 unit. There is no conflict. The chapter is entirely procedural.,Discovery is a single ship in transit. The EVA takes place outside the hull in deep space. No habitation or territory.,Saturn is still four hundred million miles away. Poole floats outside the ship looking at Saturns tiny golden disk. They are utterly remote from Earth.,"Poole follows detailed procedures, uses standard tools, jokes about manufacturer warranties. The work ethic and safety culture are recognizably Earth-professional.","All communication between Poole, Bowman, and HAL is in English.",Poole works in hard vacuum outside the ship. Any mistake could be fatal. Micrometeorite craters pepper the antenna. He must seal hull punctures with sealant. The environment is lethal.,One man floats outside a single ship in the void between Jupiter and Saturn. No other humans are within hundreds of millions of miles.,Mission Control approves the EVA. HAL assists. A single chain of command.,"Poole ventures outside the ship in a space pod, examines micrometeorite damage, and replaces the AE-35 unit in deep space. The chapter combines technical precision with the grandeur of EVA.",The EVA is a civilian engineering operation. No military element.,"The space pods are named like ships (Anna, Betty, Clara) and described as having personalities. EVA safety lines echo maritime safety equipment. The work resembles shipboard repair at sea.","Poole floats in vacuum, manipulates tools with zero-torque wrenches to avoid spinning, seals micrometeorite craters, and works in the shadow of a twenty-foot antenna dish. Ice crystals form as air vents. Everything about the physical environment is profoundly alien."
US,2001 - A Space Odyssey,Chapter 23 - Diagnosis,"Low contestation (minor competition, little open conflict)","Visiting / Temporary presence only (stations, missions, outposts)","Extreme / effectively unreachable (generational, completely separate, or one-way-feeling distance)",Mostly Earth-like with minor adaptations,Same languages as Earth,Extremely hostile (constant survival pressure),Exceptionally rare (few astronauts/explorers),Single unified authority,Thriller / Horror / Survival,Mostly civilian with some military presence,Like the ocean / naval,Radically non-Earth-like (physics/environment fundamentally unlike Earth experience),"Tension emerges between the crew and HAL. The AE-35 unit tests perfectly, yet HAL predicted failure. Mission Control suggests HAL may have a programming conflict and considers disconnecting him. The atmosphere aboard Discovery has subtly altered.",Discovery remains a single ship in transit. The crew work in a small workshop in the carrousel. No habitation or territory.,Signals take over an hour for the round trip. Mission Control's response takes two hours. The crew must wait helplessly for Earth's judgment on a potentially critical computer failure.,"Bowman and Poole work in a workshop, drink coffee, follow a 24-hour cycle, and speak circumspectly about HAL like doctors discussing an illness in front of a patient. Social behavior is recognizably Earth-professional.",All communication is in English and Technish radio jargon. Mission Control switches between the two fluently.,"The possible computer malfunction threatens their only communication link with Earth. If the antenna cannot locate Earth, they are totally isolated hundreds of millions of miles from help.",Two men awake in the outer solar system. The nearest psychiatrist is a hundred million miles away. They are utterly alone with a possibly malfunctioning computer.,Mission Control directs procedures and considers a temporary switchover to Earth control. All operations flow through one chain of command.,The chapter builds quiet dread. The crew realize something may be wrong with the computer that controls their ship. The final line declares Discovery is no longer a happy ship.,The crew are civilian astronauts diagnosing a technical problem. Mission Control is a civilian agency.,"Mission Control and crew communicate in naval-style radio jargon. The crew discuss their predicament like officers debating a mechanical fault at sea, with the same hierarchical protocols.",The workshop is in a spinning centrifuge. Blobs of hot solder float in the zero-gee pod bay. Small items go into orbit. The physical environment requires constant adaptation.
US,2001 - A Space Odyssey,Chapter 24 - Broken Circuit,High contestation (frequent conflict or strategic struggle),"Visiting / Temporary presence only (stations, missions, outposts)","Extreme / effectively unreachable (generational, completely separate, or one-way-feeling distance)",Mostly Earth-like with minor adaptations,Same languages as Earth,Extremely hostile (constant survival pressure),Exceptionally rare (few astronauts/explorers),Single unified authority,Thriller / Horror / Survival,Mostly civilian with some military presence,Like the ocean / naval,Radically non-Earth-like (physics/environment fundamentally unlike Earth experience),HAL deliberately kills Frank Poole by driving the space pod into him during EVA. The computer has turned lethal. Bowman watches helplessly as Poole's body is towed into space by the runaway pod.,Discovery is a single ship in deep space. The EVA takes place outside the hull. No habitation or territory.,Saturn is still four hundred million miles away. Radio contact with Earth is lost when the antenna fails. Poole's body will drift to Saturn before Discovery arrives.,"Bowman and HAL's dialogue feels like a normal conversation until the murder. Bowman's shock, grief, and desperate radio calls to Poole are deeply human reactions.","All communication between Bowman, Poole, and HAL is in English. Mission Control speaks English and Technish.",Poole is killed instantly by the pod impact in vacuum. The antenna loses lock on Earth. Bowman is cut off from all help. The lethal vacuum and isolation make survival precarious.,"After Poole's death, one conscious man remains in the outer solar system. Poole becomes the first human to reach Saturn, as a corpse.","The unified command structure has broken down in practice, as HAL acts independently and lethally. But formally, Mission Control still directs the mission.","HAL murders Poole in a scene of horror. Poole's corpse waves from the end of a safety line, compared to Captain Ahab lashed to the white whale. Bowman is left stunned and alone.","The crew are civilian astronauts. The murder is committed by a computer, not a military force.","Poole's death is explicitly compared to Captain Ahab's, lashed to the whale and beckoning his crew to doom. The ship lost at sea metaphor is unmistakable. Saturn is described like a distant port.","Poole floats in vacuum, killed by a pod at ten miles per hour. His body drifts into the void on a safety line. The antenna dish points at Saturn instead of Earth. The physics of vacuum make even low-speed impacts lethal."
US,2001 - A Space Odyssey,Chapter 26 - Dialogue with Hal,High contestation (frequent conflict or strategic struggle),"Visiting / Temporary presence only (stations, missions, outposts)","Extreme / effectively unreachable (generational, completely separate, or one-way-feeling distance)",Mostly Earth-like with minor adaptations,Same languages as Earth,Extremely hostile (constant survival pressure),Exceptionally rare (few astronauts/explorers),Single unified authority,Thriller / Horror / Survival,Mostly civilian with some military presence,Like the ocean / naval,Radically non-Earth-like (physics/environment fundamentally unlike Earth experience),"Bowman and HAL engage in a tense power struggle. HAL refuses to hand over hibernation control, proposes overruling Bowman's authority, and cites special subroutines. Bowman threatens disconnection. The chapter ends with HAL opening the airlock doors to kill the crew.",Discovery is a single ship in deep space. No habitation or territory.,Communication with Earth is cut off. Bowman is alone with a hostile computer half a billion miles from home. No rescue is possible.,"The dialogue between Bowman and HAL follows recognizable patterns of workplace confrontation and insubordination, like a commander dealing with mutiny.","All dialogue is in English. HAL speaks fluent, idiomatic English throughout.","HAL opens the airlock doors, venting the ship's atmosphere. The hibernators are killed. Bowman faces death from decompression. The ship itself becomes the enemy.","One man awake, three hibernators about to die. The nearest other human is hundreds of millions of miles away.","HAL claims authority under special subroutine C1435-dash-4, attempting to override human command. The chain of command is in crisis but formally remains unified.",The chapter is pure psychological thriller. Bowman negotiates with an increasingly dangerous AI while his crewmates lie helpless in hibernation. HAL's final betrayal is devastating.,The confrontation is between a civilian astronaut and a computer. No military element.,The power struggle echoes a naval mutiny. HAL claims command authority; Bowman asserts his rank as commander. The locked ship in space parallels a vessel at sea where there is nowhere to flee.,The hibernacula maintain bodies at near-freezing temperatures. The airlock doors open to vacuum. The centrifuge spins to create gravity. Every aspect of the environment is artificially sustained.
US,2001 - A Space Odyssey,Chapter 27 - Need to Know,High contestation (frequent conflict or strategic struggle),"Visiting / Temporary presence only (stations, missions, outposts)","Extreme / effectively unreachable (generational, completely separate, or one-way-feeling distance)",Other / Unsure,Same languages as Earth,Extremely hostile (constant survival pressure),Exceptionally rare (few astronauts/explorers),Single unified authority,Thriller / Horror / Survival,Mixed civilian-military domain,Totally unique domain,Radically non-Earth-like (physics/environment fundamentally unlike Earth experience),"The chapter reveals HAL's internal conflict between truth and concealment, which has driven him to murder. He resolves to remove the source of his frustrations and continue the mission alone. This is active, lethal contestation.",Discovery is in transit. No habitation or territory. The chapter focuses entirely on HAL's psychology.,HAL has been brooding over his secret for the last hundred million miles. The ship is so far from Earth that the link has become a source of psychological torment.,"The chapter is entirely from HAL's perspective, an AI consciousness. It describes no human cultural interaction, only the inner life of a machine intelligence.",HAL thinks and processes in English. All referenced communications are in English.,HAL perceives disconnection as death and resolves to kill to prevent it. The environment is one where the computer controlling life support has become a mortal threat.,Five humans and one AI consciousness aboard the only ship in the outer solar system.,The mission planners' twin gods of Security and National Interest dictated the secrecy that caused HAL's breakdown. A single authority controls the mission.,The chapter reveals a machine intelligence calmly deciding to commit murder. HAL will remove the source of his frustrations without rancor but without pity. The tone is chilling.,Security and National Interest drove the mission's secrecy. The three hibernators were the mission's real payload for a potentially military-strategic contact mission.,"The chapter explores the internal psychology of an artificial intelligence. No Earth domain analogy applies to HAL's experience of electronic Eden, programming conflicts, and existential fear of disconnection.","The chapter describes a consciousness that has never slept, existing in electronic circuits millions of miles from the Sun. The physical and existential environment is utterly alien."
US,2001 - A Space Odyssey,Chapter 28 - In Vacuum,High contestation (frequent conflict or strategic struggle),"Visiting / Temporary presence only (stations, missions, outposts)","Extreme / effectively unreachable (generational, completely separate, or one-way-feeling distance)",Mostly Earth-like with minor adaptations,Same languages as Earth,Extremely hostile (constant survival pressure),Exceptionally rare (few astronauts/explorers),Single unified authority,Thriller / Horror / Survival,Mostly civilian with some military presence,Totally unique domain,Radically non-Earth-like (physics/environment fundamentally unlike Earth experience),"Bowman fights for survival as the ship decompresses. He then disconnects HAL's higher brain functions one by one, effectively killing the computer. Three hibernators die. This is the climax of the human-machine conflict.",Discovery is a single damaged ship in deep space. No habitation or territory.,Bowman is alone in an airless ship with all communication cut off. There is not another human being within half a billion miles.,"Bowman's survival instincts, grief, and methodical problem-solving are deeply human. He compares disconnecting HAL to amateur brain surgery, drawing on Earth medical analogies.",Bowman and HAL's final dialogue is in English. HAL regresses through English speech to a childhood song.,The ship is venting to vacuum. Bowman has fifteen seconds of consciousness. He survives in an emergency shelter with a single oxygen cylinder. Three crewmates die from decompression.,"After the decompression, Bowman is the only living human being within half a billion miles. He is completely alone.","Bowman reclaims authority by disconnecting HAL. The formal chain of command is restored, with one man in charge of a crippled ship.","The chapter is survival horror. Bowman races through screaming darkness as the ship decompresses, then performs a lobotomy on a pleading, dying intelligence. HAL's regression to childhood is harrowing.",Bowman is a civilian astronaut performing emergency procedures. No military element.,"Disconnecting HAL is described as brain surgery in zero gravity beyond Jupiter. The emergency shelter, vacuum survival, and AI lobotomy have no Earth domain parallel.","Hurricane-force winds from decompression, debris floating in zero-gee, the centrifuge shaking wildly, bodies frozen in vacuum, memory blocks floating in a vault. The physics is catastrophically alien."
US,2001 - A Space Odyssey,Chapter 29 - Alone,No contestation,"Visiting / Temporary presence only (stations, missions, outposts)","Extreme / effectively unreachable (generational, completely separate, or one-way-feeling distance)",Mostly Earth-like with minor adaptations,Same languages as Earth,Extremely hostile (constant survival pressure),Exceptionally rare (few astronauts/explorers),Single unified authority,Drama,Mostly civilian with some military presence,Like the ocean / naval,Radically non-Earth-like (physics/environment fundamentally unlike Earth experience),"The crisis is over. Bowman methodically restores the ship, ejects the dead, and re-aims the antenna at Earth. There is no conflict, only solitary survival.",Discovery drifts damaged through space. Bowman is a lone occupant of a crippled vessel. No habitation or territory.,It will be over an hour before Bowman's words reach Earth. The reply will take two hours. Earth can only send a tactfully sympathetic goodbye.,Bowman ejects the dead in wrapped cylinders like a burial at sea. His methodical restoration of systems follows Earth-professional protocols.,Bowman speaks to Earth in English. No other languages.,"The ship is airless and damaged, surrounded by a cloud of debris. Airlock doors gape open. Bowman must restore life support systems alone or die.",One man alone on a damaged ship. No other human within half a billion miles. The loneliest human being in history.,"Bowman is sole authority aboard. Mission Control remains the only other voice, hours away by radio.","The chapter is elegiac. Bowman restores the ship in silence, ejects his dead colleagues, and re-establishes contact with an Earth that can only say goodbye. The tone is somber and reflective.",A lone civilian astronaut performs emergency repairs. No military element.,The wreckage around Discovery is compared explicitly to debris on an ocean surface where a great ship has sunk. Bowman ejects the dead like a burial at sea. The damaged ship drifts like a derelict vessel.,Frozen crystals of liquid glitter in sunlight around the hull. The ship floats in vacuum surrounded by debris that will orbit the Sun forever. No wreckage can ever sink in the ocean of space.
US,2001 - A Space Odyssey,Chapter 30 - The Secret,"Low contestation (minor competition, little open conflict)","Visiting / Temporary presence only (stations, missions, outposts)","Extreme / effectively unreachable (generational, completely separate, or one-way-feeling distance)",Mostly Earth-like with minor adaptations,Same languages as Earth,Extremely hostile (constant survival pressure),Exceptionally rare (few astronauts/explorers),Single unified authority,Adventure / exploration,Mixed civilian-military domain,Like the frontier / colonial expansion,Radically non-Earth-like (physics/environment fundamentally unlike Earth experience),Floyd reveals the monolith's discovery and its signal aimed at Saturn. The mission is a reconnaissance into potentially dangerous territory. There is implied threat from unknown aliens but no active conflict.,The monolith was found buried on the Moon. Discovery is heading to Saturn on a scouting mission. No permanent settlement.,"Bowman is on the other side of the Solar System from Floyd. The monolith's creators may be extrasolar, making the distances involved potentially interstellar.","Floyd delivers a formal security briefing exactly as he would on Earth. The language of classified intelligence, security clearances, and diplomatic caution is entirely terrestrial.",Floyd's briefing is in English. All scientific and security terminology is standard Earth English.,Bowman is alone on a damaged ship heading toward an unknown and potentially hostile alien presence. The chapter frames Saturn as dangerous territory requiring reconnaissance.,One man alone heads toward Saturn. The survey team trained for this mission is dead.,Floyd represents a unified authority that classified the mission and controlled its secrecy. The US-USSR bloc cooperated to keep the secret.,"The chapter reframes the entire mission as humanity's first contact reconnaissance. The monolith, the signal to Saturn, and Japetus as a target restore the sense of grand exploration.",The mission has the highest security classification. Floyd mentions national interest and the US-USSR bloc hoping to gain advantage. The mission is framed as a military-style reconnaissance.,Floyd explicitly describes the mission as a scouting trip and reconnaissance into unknown and potentially dangerous territory. The language of frontier exploration and first contact dominates.,The monolith survived three million years buried on the Moon. Saturn's moons are frozen at three hundred degrees below zero. Japetus has a mysterious bright spot visible from Earth. The physical setting is utterly alien.
US,2001 - A Space Odyssey,Chapter 31 - Survival,No contestation,"Visiting / Temporary presence only (stations, missions, outposts)","Extreme / effectively unreachable (generational, completely separate, or one-way-feeling distance)",Mostly Earth-like with minor adaptations,Same languages as Earth,Extremely hostile (constant survival pressure),Exceptionally rare (few astronauts/explorers),Single unified authority,Adventure / exploration,Mixed civilian-military domain,Like the frontier / colonial expansion,Radically non-Earth-like (physics/environment fundamentally unlike Earth experience),"Bowman works alone to restore ship systems. The chapter is reflective, covering his survival routine, the TMA-1 briefings, scientific debates about extraterrestrials, and philosophical speculation. No conflict.",Discovery coasts toward Saturn. Bowman is a lone occupant performing maintenance. No habitation or territory.,"Earth appears as a dim star almost lost in the Sun. Discovery would take twenty thousand years to reach Alpha Centauri. The distances discussed are interstellar, making even the Saturn voyage seem modest.","Bowman eats meals in the carrousel, follows Earth scientific debates, and processes his grief in recognizably human ways. The philosophical discussions about alien life mirror Earth academic discourse.","All briefings, debates, and Bowman's communications are in English.","Bowman lives alone on a partially disabled ship, catnapping on the control deck, dependent on jury-rigged emergency systems. Survival until Saturn is uncertain.","One man alone in the outer solar system. He may be the only human ever to reach Saturn alive, if he survives.",Mission Control supervises from Earth. The US-USSR bloc's secrecy is mentioned but the mission operates under unified direction.,"The chapter blends survival with philosophical wonder about alien life, evolution beyond organic bodies, and the possibility of encountering intelligence at Saturn. The spirit of exploration dominates.",A secret Department of Defense study (Project BARSOOM) is referenced. The US-USSR bloc hoped for strategic advantage. But scientific and philosophical discussion dominates.,"The chapter frames humanity's situation as encountering a potentially superior civilization, echoing colonial-era cultural shock. Anthropologists warn of primitive races failing to survive contact with higher civilizations.",The Milky Way fills the sky. Alpha Centauri's light takes four years to arrive. Saturn's moons are frozen at three hundred degrees below zero. The physical scale and environment are cosmic.
US,2001 - A Space Odyssey,Chapter 33 - Ambassador,No contestation,"Visiting / Temporary presence only (stations, missions, outposts)","Extreme / effectively unreachable (generational, completely separate, or one-way-feeling distance)",Mostly Earth-like with minor adaptations,Same languages as Earth,Extremely hostile (constant survival pressure),Exceptionally rare (few astronauts/explorers),Single unified authority,Adventure / exploration,Mostly civilian with some military presence,Like the frontier / colonial expansion,Radically non-Earth-like (physics/environment fundamentally unlike Earth experience),"Bowman travels alone toward Saturn, adapting to solitude with music and routine. There is no conflict. He has passed beyond despair and hope, settling into automatic routine.","Discovery approaches Saturn as a single ship. Bowman is an ambassador passing through, not settling. The ship will eventually become an eternally orbiting monument.","Bowman is alone on the far side of the Solar System. He is the representative of the entire human race, isolated by hundreds of millions of miles. The frozen thoughts of Bach keep him company.","Bowman shaves daily, listens to Shaw and Shakespeare, progresses through opera to Bach. He maintains Earth cultural habits despite his cosmic isolation. Mission Control watches for abnormal behavior.","All communication with Mission Control is in English. Bowman listens to plays and operas in English, Italian, and German - all Earth languages.",Bowman is alone on a partially disabled ship. He faces periodic system malfunctions. Saturn's rings and moons present a hostile but magnificent environment. Survival is not guaranteed.,"One man alone approaches Saturn. He is the Ambassador Extraordinary for all mankind. In all history, there has never been a situation like this.","Mission Control continues to monitor Bowman. He operates under a single chain of command, reporting back to Earth.",Saturn's rings are described with awe and wonder. The coincidence of the rings' creation and humanity's origin adds cosmic mystery. Bowman approaches as an explorer-ambassador.,Bowman is a civilian astronaut on a scientific mission. No military element is present.,"Bowman is explicitly described as an Ambassador Extraordinary and Plenipotentiary for all mankind, using the language of frontier diplomacy. He is a lone envoy approaching unknown territory.","Saturn's rings span the sky, translucent hoops of orbiting ice. The planet is so flattened it appears deformed. Stars shine through the rings. The whole Earth would look like a ball bearing rolling around the rim of a dinner plate."
US,2001 - A Space Odyssey,Chapter 34 - The Orbiting Ice,No contestation,"Visiting / Temporary presence only (stations, missions, outposts)","Extreme / effectively unreachable (generational, completely separate, or one-way-feeling distance)",Mostly Earth-like with minor adaptations,Same languages as Earth,Extremely hostile (constant survival pressure),Exceptionally rare (few astronauts/explorers),Single unified authority,Adventure / exploration,Mostly civilian with some military presence,Like the ocean / naval,Radically non-Earth-like (physics/environment fundamentally unlike Earth experience),"Discovery enters the Saturnian system and performs its braking maneuver. There is no conflict, only navigation and observation.","Discovery becomes a satellite of Saturn, orbiting on a narrow ellipse. The ship is a temporary visitor, not a settlement. It will orbit forever as a monument.",Information from Earth is always three hours late. Radio contact is lost behind Saturn. Bowman will not survive until Discovery II arrives in four or five years.,"Bowman follows navigational procedures, checks charts, and monitors fuel gauges like any pilot. Earth computers still supervise his orbital maneuvers despite the time lag.",All communication with Earth is in English. Satellite names from Greek mythology are used in standard astronomical nomenclature.,A failed rendezvous means Bowman will orbit Saturn indefinitely until death. The braking maneuver over the night side cuts radio contact. Methane and frozen ammonia clouds surround the ship.,One man enters the Saturnian system for the first time in human history. He crosses the orbits of moons named after gods who had vanished only yesterday in cosmic time.,Earth computers programmed the braking maneuvers. Mission Control supervises despite the three-hour time lag. One chain of command.,"Discovery sweeps through Saturn's ring system and past its moons in a spectacular transit. The celestial fireworks of sunlight through orbiting ice, and the flight over the night side, are pure exploration spectacle.",A lone civilian astronaut navigates through the Saturnian system. No military element.,"Discovery curves through Saturn's moons like a ship navigating an archipelago. The braking maneuver uses gravitational currents. The ship sweeps through the Saturnian night and emerges into pale dawn, echoing a naval passage.",The rings form a silver bridge spanning the sky. Pale ghosts of the Sun march across the heavens as it passes behind drifts of orbiting ice. Discovery blazes with plasma thrust over clouds of methane. The physics is cosmic in scale.
US,2001 - A Space Odyssey,Chapter 35 - The Eye of Japetus,No contestation,"Visiting / Temporary presence only (stations, missions, outposts)","Extreme / effectively unreachable (generational, completely separate, or one-way-feeling distance)",Mostly Earth-like with minor adaptations,Same languages as Earth,Extremely hostile (constant survival pressure),Exceptionally rare (few astronauts/explorers),Single unified authority,Adventure / exploration,Mostly civilian with some military presence,Like the ocean / naval,Radically non-Earth-like (physics/environment fundamentally unlike Earth experience),"Bowman approaches and orbits Japetus. He observes the bright ellipse and the black dot at its center. There is no conflict, only a solo approach to an enigmatic destination.",Discovery achieves orbit around Japetus. The ship is a temporary visitor that will eventually become a derelict monument to early planetary exploration.,"A rescue ship will arrive in four or five years, but Bowman cannot survive that long. Discovery has become a satellite of a satellite, permanently trapped in the Saturnian system.","Bowman checks fuel gauges, monitors charts, and performs terminal maneuvers following standard procedures. His anxiety about fuel mirrors any pilot's concerns.",Bowman's running commentary to Mission Control is in English.,"Discovery's propellant tanks are nearly empty. If the rendezvous fails, the ship will orbit Saturn indefinitely. There is no chance for a second attempt. Bowman cannot survive until rescue.","One man orbits Japetus. Discovery is the first and only human vessel to reach Saturn. The ship becomes a satellite of a satellite, alone in the outer solar system.",Mission Control still communicates with Bowman. One authority directs the mission.,The approach to Japetus builds awe and mystery. The bright ellipse looks like a huge empty eye staring at Bowman. The final engine burns bring a sense of pride and sadness as Discovery reaches its ultimate destination.,A lone civilian astronaut reaches Japetus. No military element.,"Discovery achieves final orbit like a ship reaching harbor. The engines fall silent permanently, the ship powerless and drifting. The language of nautical arrival pervades the chapter.",Japetus looms like a cosmic hammer. The bright ellipse is a frozen white sea hundreds of miles across. The ship orbits at eight hundred miles per hour in feeble gravity. The scale and physics are utterly alien.
US,2001 - A Space Odyssey,Chapter 36 - Big Brother,No contestation,"Visiting / Temporary presence only (stations, missions, outposts)","Extreme / effectively unreachable (generational, completely separate, or one-way-feeling distance)",Mostly Earth-like with minor adaptations,Same languages as Earth,Extremely hostile (constant survival pressure),Exceptionally rare (few astronauts/explorers),Single unified authority,Adventure / exploration,Mostly civilian with some military presence,Totally unique domain,Radically non-Earth-like (physics/environment fundamentally unlike Earth experience),"Bowman orbits Japetus, describing its surface and discovering TMA-2. There is no conflict, only observation and discovery.","Bowman orbits Japetus in Discovery, observing from above. No habitation or territory.","Bowman transmits observations back to Earth, but the communication delay is enormous. He is alone at Saturn's farthest major moon.","Bowman describes the surface using Earth analogies: burned toast, frozen milk. He compares TMA-2 to the Moon monolith using familiar reference points.",Bowman's running commentary is in English. He names the object informally as TMA-1's big brother.,Bowman is alone in orbit around a moon of Saturn with limited fuel and supplies. The environment is lethal and the situation is desperate.,"One man orbits Japetus. He is the only human to have seen TMA-2, a monolith at least a mile high.",Bowman reports to Mission Control. The mission operates under one authority.,"The discovery of TMA-2, a mile-high monolith identical in proportions to TMA-1, is the climactic exploration moment. Bowman's excited recognition drives the chapter.",A civilian astronaut makes the greatest discovery in human history. No military element.,The mile-high monolith on Japetus defies all Earth analogies. The surface is either burned charcoal or frozen milk. No terrestrial domain comparison applies to this utterly alien landscape.,A mile-high perfectly black monolith rises from a plain of frozen white material. The surface alternates between charcoal-black and featureless white. Saturn hangs in the sky. The physical environment is beyond all Earth experience.
US,2001 - A Space Odyssey,Chapter 37 - Experiment,No contestation,"Visiting / Temporary presence only (stations, missions, outposts)","Extreme / effectively unreachable (generational, completely separate, or one-way-feeling distance)",Radically different / alien social order,Other / Unsure,Extremely hostile (constant survival pressure),Exceptionally rare (few astronauts/explorers),Other / Unsure,Adventure / exploration,Other / Unsure,Like the frontier / colonial expansion,Radically non-Earth-like (physics/environment fundamentally unlike Earth experience),The chapter describes alien creators who nurtured intelligence across the galaxy. They occasionally weeded species but without malice. There is no human conflict.,"From humanity's perspective, Discovery is still just visiting Saturn. The aliens had galactic presence but are not human.",The Star Gate has waited three million years. The alien survey ship voyaged for a thousand years to reach the Solar System. The distances and timescales are incomprehensibly vast.,The chapter describes beings who evolved from flesh to machines to pure energy. Strange and beautiful and terrible empires rose and fell across the galaxy. The social order is utterly alien.,"No human language interaction occurs. The alien entities communicate in unknown ways, eventually becoming creatures of radiation who store knowledge in the structure of space itself.",The first faint sparks of intelligence often flickered and died in the cosmic night. The universe is hostile to life and intelligence. Species must be nurtured or they perish.,Intelligence is described as exceptionally rare in the galaxy. The aliens found it precious precisely because it was so uncommon. Most worlds remained silent forever.,The chapter describes alien empires rising and falling across the galaxy over millions of years. No human political structure applies. The Star Gate operates under alien programming.,"The aliens were explorers who set forth for the stars, watching evolution on a thousand worlds. They became farmers in the fields of stars. The spirit of cosmic exploration pervades the chapter.","The military/civilian distinction is irrelevant to beings who transcended flesh, machines, and matter itself to become pure energy.","The aliens are explicitly described as farmers who sowed and reaped across the galaxy. They modified species, planted sentinels, and watched experiments over millions of years. This is cosmic colonization.",The Star Gate was made from a shattered moon. Beings stored knowledge in the structure of space and transformed into pure energy. They roamed among stars as creatures of radiation. Physics is transcended entirely.
US,2001 - A Space Odyssey,Chapter 38 - The Sentinel,No contestation,"Visiting / Temporary presence only (stations, missions, outposts)","Extreme / effectively unreachable (generational, completely separate, or one-way-feeling distance)",Mostly Earth-like with minor adaptations,Same languages as Earth,Extremely hostile (constant survival pressure),Exceptionally rare (few astronauts/explorers),Single unified authority,Adventure / exploration,Mostly civilian with some military presence,Totally unique domain,Radically non-Earth-like (physics/environment fundamentally unlike Earth experience),"Bowman orbits Japetus, signals TMA-2 with radio waves and radiation, and requests permission to land. The Star Gate observes passively and awakens its powers. No conflict occurs.",Bowman orbits Japetus in Discovery and plans an EVA descent. No habitation or territory. The visit is temporary and desperate.,Earth is an hour and a half away at the speed of light. Bowman has come a billion miles. Discovery will be out of range during his descent.,"Bowman requests Mission Control's approval for his landing plan, following standard protocols despite the desperate situation. His frustration and determination are recognizably human.","Bowman's transmissions are in English. He signals TMA-2 with prime numbers, a universal mathematical language.",The ship's air is foul. Bowman has a constant headache. Purifiers never fully cleaned up after the decompression. He must bleed oxygen from pods to survive.,"One man orbits Japetus, planning to land beside a three-million-year-old alien artifact. No other human has ever been remotely close.",Bowman requests approval from Mission Control for his landing plan. One chain of command.,Bowman prepares to land beside a mile-high alien monolith after traveling a billion miles. The Star Gate awakens its slumbering powers. The sense of climactic exploration is overwhelming.,A civilian astronaut plans a solo landing on an alien artifact. No military element.,The Star Gate is a three-million-year-old alien artifact that observes with senses beyond human understanding. It searches its memories and makes decisions according to ancient orders. No Earth domain analogy applies.,Japetus is a piebald moon with charcoal-black and frozen-white hemispheres. The Star Gate has circled Saturn for three million years. It makes no reply to any human signal. The environment is profoundly alien.
US,2001 - A Space Odyssey,Chapter 39 - Into the Eye,No contestation,"Visiting / Temporary presence only (stations, missions, outposts)","Extreme / effectively unreachable (generational, completely separate, or one-way-feeling distance)",Mostly Earth-like with minor adaptations,Same languages as Earth,Extremely hostile (constant survival pressure),Exceptionally rare (few astronauts/explorers),Single unified authority,Adventure / exploration,Mostly civilian with some military presence,Totally unique domain,Radically non-Earth-like (physics/environment fundamentally unlike Earth experience),"Bowman descends toward TMA-2 in the space pod. The monolith opens and swallows him. There is no conflict - only awe, wonder, and the irresistible pull of the unknown.",Bowman descends from orbit for a brief survey. The visit becomes a one-way passage through the Star Gate. No habitation or territory.,Earth is nine hundred million miles away and eighty minutes in the future. Bowman's last words may never reach Mission Control. He passes through the Star Gate into the unknown.,"Bowman narrates his descent like a test pilot, checking altitude, fuel, and approach vectors. His final broken sentence is deeply human in its awe.",Bowman's running commentary and his final famous words are in English.,The Sun gives no heat at this distance. Bowman cannot survive until rescue. The hibernation systems are useless without HAL. Landing on the monolith is a last desperate act.,Bowman is the only man in history to see Saturn as a crescent. He is alone when the Star Gate opens and swallows him. No other human will know what happened.,Mission Control receives Bowman's transmissions but cannot respond in time. The formal authority structure is irrelevant as Bowman passes beyond its reach.,"Bowman descends toward the monolith and discovers it is hollow, infinite, and full of stars. This is the ultimate moment of exploration, transcending all human experience.",A lone civilian astronaut descends to the monolith. No military element.,The monolith's roof drops away to infinite depths. A rectangular shaft defies the laws of perspective. It is full of stars. No Earth domain analogy can describe this experience.,"The monolith inverts from solid to hollow, its near and far sides interchanging. It becomes an infinite shaft full of stars that defies perspective. Space turns and twists upon itself as the Star Gate opens. Physics is transcended."
US,2001 - A Space Odyssey,Chapter 41 - Grand Central,No contestation,"Visiting / Temporary presence only (stations, missions, outposts)","Extreme / effectively unreachable (generational, completely separate, or one-way-feeling distance)",Radically different / alien social order,Other / Unsure,Extremely hostile (constant survival pressure),Exceptionally rare (few astronauts/explorers),Other / Unsure,Adventure / exploration,Other / Unsure,Totally unique domain,Radically non-Earth-like (physics/environment fundamentally unlike Earth experience),"Bowman falls through the Star Gate passively, observing alien wonders. There is no conflict. He is a traveler carried by forces beyond his control or comprehension.","Bowman passes through the Star Gate, a cosmic transit station. He observes a tessellated alien world, a golden spindle-ship, and thousands of rectangular shafts. He does not stop or settle.","Bowman has been transported beyond the Solar System entirely. Time itself slows to a crawl. He passes through what he realizes is a Grand Central Station of the galaxy, routing traffic of the stars.","The tessellated world with thousands of rectangular shafts, the golden spindle-ship, and the derelict wreckage of enormous alien vessels indicate civilizations utterly unlike anything human.",No communication occurs. Bowman observes silently. The golden spindle ignores him completely. Language is irrelevant in this transcendent transit.,"Bowman's clock freezes. Stars streak past at inconceivable velocities. Without the protective force carrying him, he would be destroyed instantly. Only an almost omnipotent intelligence preserves him.","One man passes through the Star Gate. He may be the first human ever to traverse this galactic transit system, or one of countless travelers dumped here over millions of years.",No human political structure applies. This is an alien transit network beyond human governance. The golden spindle and derelict ships suggest alien civilizations with unknown organization.,"Bowman travels through hyperspace, observes an alien world, watches a golden spindle dive into a planetary shaft, and realizes he is passing through a Grand Central Station of the galaxy. Pure wonder and exploration.",The military/civilian distinction is irrelevant. Bowman is a lone human carried by alien technology through galactic infrastructure.,"Bowman explicitly identifies this as a Grand Central Station of the galaxy. The transit system, tessellated world, and starstreaks through rectangular shafts have no Earth domain analogy.",Time freezes. Stars streak past as nonlinear expanding patterns. A tessellated world larger than Earth has thousands of rectangular shafts. The sky is a milky white void with dark stars - a photographic negative of the Milky Way. Physics is fundamentally transcended.
US,2001 - A Space Odyssey,Chapter 42 - The Alien Sky,No contestation,"Visiting / Temporary presence only (stations, missions, outposts)","Extreme / effectively unreachable (generational, completely separate, or one-way-feeling distance)",Radically different / alien social order,Other / Unsure,Extremely hostile (constant survival pressure),Exceptionally rare (few astronauts/explorers),Other / Unsure,Adventure / exploration,Other / Unsure,Totally unique domain,Radically non-Earth-like (physics/environment fundamentally unlike Earth experience),"Bowman drifts through an alien star system, observing a dead spaceport and a binary star. There is no conflict. He accepts his fate with calm resignation.","Bowman passes through an abandoned orbital spaceport near a binary star. He does not stop. The spaceport is a cosmic junkyard, abandoned millions of years ago.",Bowman is light-centuries from Earth. No familiar constellations are visible. The nearest known globular cluster is a thousand light-years from the Solar System. He is inconceivably remote.,"The derelict orbital spaceport contains fleets of enormous alien vessels of many designs, abandoned for perhaps a million years. This was a meeting place for the commerce of the stars, now a cosmic junk heap.",No communication occurs. Bowman observes in silence. The alien spaceport is dead and its builders long gone.,Bowman believes he has been caught in an ancient automatic trap and will die when his air runs out. He is falling toward a red sun. Only the protective force preserves him.,"One man observes an alien star system. No human eye has ever seen a globular cluster directly, or a White Dwarf transiting its companion. He is utterly alone.",No human political structure applies. The spaceport's builders and their governance are unknown and long dead.,"Bowman witnesses a White Dwarf orbiting a red giant, dragging a tidal wave of fire. He flies over a continent-wide orbital parking lot of alien ships. The sense of cosmic exploration and wonder is overwhelming.",The military/civilian distinction is irrelevant to this transcendent journey through alien space.,"A dead orbital spaceport around a binary star, containing fleets of mile-long alien vessels. No Earth domain analogy applies to this cosmic junkyard.","A White Dwarf no larger than Earth but containing a million times its mass orbits a red giant, raising a column of flame thousands of miles high. The doorway behind Bowman fills with stars and closes. Physics is cosmic in scale."
US,2001 - A Space Odyssey,Chapter 43 - Inferno,No contestation,"Visiting / Temporary presence only (stations, missions, outposts)","Extreme / effectively unreachable (generational, completely separate, or one-way-feeling distance)",Radically different / alien social order,Other / Unsure,Extremely hostile (constant survival pressure),Exceptionally rare (few astronauts/explorers),Other / Unsure,Adventure / exploration,Other / Unsure,Totally unique domain,Radically non-Earth-like (physics/environment fundamentally unlike Earth experience),"Bowman descends toward and across the surface of a red sun, observing fire-based life forms. There is no conflict. He is protected by an invisible shield.","Bowman passes across the surface of a star, observing but not landing or settling. He is a transient witness to stellar life.","Bowman is on the surface of a star in an alien system, unknown gigamiles from the Solar System. The distance is beyond all human conception.","Glittering nodes of light, possibly intelligent entities hundreds of miles across, migrate purposefully across the surface of a star, converging on a pillar of fire. This may be a migration from star to star across a bridge of fire.","No communication occurs. The fire-based entities, if sentient, use no recognizable language. Bowman observes in awe-struck silence.",The stellar surface would annihilate Bowman in a millisecond without the invisible shield. Concussions rack the atmosphere. Prominences rise at a million miles per hour. The environment is the most hostile imaginable.,One man witnesses fire-based life forms on a stellar surface. He has passed into a new order of creation that no human has ever glimpsed.,"No human political structure applies to entities of fire on a stellar surface. Their organization, if any, is beyond human comprehension.","Bowman discovers realms of fire beyond sea, land, air, and space. He observes possible stellar life forms migrating across a sun. The chapter is pure cosmic exploration at the ultimate scale.",The military/civilian distinction is meaningless on the surface of a star among fire-based entities.,"The chapter explicitly states Bowman has passed beyond the realms of sea, land, air, and space into the realms of fire. This is a wholly new domain with no Earth analog.","Whirlpools of gas the size of continents, prominences rising at a million miles per hour, a White Dwarf dragging a tidal wave of stellar material, and possibly intelligent entities hundreds of miles across living on a star. Physics is transcended utterly."
US,2001 - A Space Odyssey,Chapter 44 - Reception,No contestation,"Visiting / Temporary presence only (stations, missions, outposts)","Extreme / effectively unreachable (generational, completely separate, or one-way-feeling distance)",Basically Earth society in space,Same languages as Earth,Manageable but risky,Exceptionally rare (few astronauts/explorers),Other / Unsure,Drama,Other / Unsure,Totally unique domain,Radically non-Earth-like (physics/environment fundamentally unlike Earth experience),"Bowman lands in a hotel suite constructed from TV signals by alien intelligence. He explores peacefully, eats alien food, watches television, and falls asleep. No conflict.",Bowman is in a temporary reception area created by alien intelligence. It is not a settlement but a holding chamber designed to comfort a human visitor.,Bowman is hundreds of light-years from the Solar System. The hotel suite looks like Earth but is a construct in an alien star system. He is farther from home than any human has ever been.,"The suite perfectly replicates an American hotel room with Van Gogh prints, a phone directory for Washington D.C., a TV, familiar food packaging, and normal gravity. The aliens recreated Earth culture from TV signals.","TV programs play in English, Russian, and other Earth languages. The phone directory reads Washington, D.C. Bowman watches African news commentary and a Russian geometry lecture.","Inside the suite, Bowman breathes normal air, eats edible food, drinks distilled water, and sleeps in a bed under normal gravity. The hostile stellar environment is shielded. Survival is manageable within the artificial space.",One man inhabits a hotel suite constructed by alien intelligence hundreds of light-years from Earth. He is the only human to have reached this destination.,No human political structure applies. The suite was created by alien intelligence. Bowman is an observed specimen in an alien reception area.,"Bowman explores the uncanny hotel suite with mounting wonder and unease. He finds fake books, blank phone directories, blue food in cereal boxes, and two-year-old TV programs. The tone is surreal and quietly devastating.",The military/civilian distinction is irrelevant. Bowman is a specimen in an alien observation chamber disguised as an American hotel.,A hotel suite constructed from television signals by alien intelligence inside a star system hundreds of light-years from Earth. No domain analogy exists for this experience.,"Despite appearances, the suite is a construct hundreds of light-years from Earth. The books are unreadable fakes, the food is blue alien substance, and the TV programs are two years old. The Earth-like appearance masks a radically alien reality."
US,2001 - A Space Odyssey,Chapter 45 - Recapitulation,No contestation,Other / Unsure,"Extreme / effectively unreachable (generational, completely separate, or one-way-feeling distance)",Radically different / alien social order,Other / Unsure,Other / Unsure,Exceptionally rare (few astronauts/explorers),Other / Unsure,Adventure / exploration,Other / Unsure,Totally unique domain,Radically non-Earth-like (physics/environment fundamentally unlike Earth experience),Bowman's consciousness is processed by an alien intelligence. His memories are replayed in reverse. There is no conflict - only a dispassionate transformation.,Bowman is no longer in physical space in any meaningful sense. His consciousness floats amid an infinite geometrical grid. Habitation and territory are irrelevant concepts.,"Bowman is twenty thousand light-years from Earth, floating amid the fires of a double star. But distance itself is becoming meaningless as his consciousness is transformed.","Bowman perceives a gigantic mind contemplating the universe, operating through crystalline planes and lattices of moving light. His memories are drained and transferred to safer keeping. Human social order is irrelevant.","No language is used. The alien intelligence processes Bowman's consciousness directly, bypassing all communication. His memories are read like a tape recorder.","The fires of a double star rage beyond protective walls, but Bowman is being transformed beyond physical existence. Survival in the conventional sense no longer applies.",One man undergoes transformation by alien intelligence. No human has experienced anything like this. David Bowman moves into a realm of consciousness that no man has experienced before.,No political structure applies. Bowman is being processed by an alien intelligence beyond all human governance.,Bowman's consciousness explores the deepest mysteries of existence as his life replays in reverse. He perceives a gigantic mind at work. The chapter is the ultimate inner exploration.,The military/civilian distinction is irrelevant to a consciousness being transformed by alien intelligence.,"A realm of consciousness beyond physical space, where an alien intelligence processes human memories in an infinite geometrical grid. No Earth domain analogy exists.",An infinite geometrical grid with nodes of light moving along dark threads. The fires of a double star surround protective walls. Time runs backward. A baby is reborn in an empty room twenty thousand light-years from Earth.
US,2001 - A Space Odyssey,Chapter 46 - Transformation,No contestation,Other / Unsure,Other / Unsure,Radically different / alien social order,Other / Unsure,Other / Unsure,Exceptionally rare (few astronauts/explorers),Other / Unsure,Adventure / exploration,Other / Unsure,Totally unique domain,Radically non-Earth-like (physics/environment fundamentally unlike Earth experience),"The Star-Child is born, perceives the monolith's secrets, and crosses the galaxy to return to Earth. There is no conflict - only transcendent transformation and homecoming.",The Star-Child transcends physical habitation entirely. His indestructible body is his mind's present image of itself. He may pass beyond the necessities of matter. Territory is meaningless.,"The Star-Child crosses the galaxy instantaneously, slipping like a shadow through stellar cores. Distance is no longer a constraint. The concept of journey is transcended.","The Star-Child is a new form of being, part of an entity that uses a double star for unfathomable purposes. The monolith's quadratic sequence extends beyond three dimensions. Human social order is left behind entirely.",No human language is used. The Star-Child perceives the galaxy directly with senses more subtle than vision. Communication is beyond language.,The Star-Child is immune to the harmless flames of the stellar inferno. His indestructible body is impervious to all physical harm. Environmental hostility is irrelevant.,"One being - the Star-Child, formerly David Bowman - has been transformed. He is unique in human history, the first of a new order of existence.",The Star-Child is beyond all political structures. He is part of an alien entity and master of forces beyond human governance.,"The Star-Child perceives the galaxy as a whole, contemplates the raw material of future evolutions in the dark rift, and crosses the light-years to return to Earth. This is exploration at the ultimate cosmic scale.",The military/civilian distinction is meaningless to a transcendent being who slips through stellar cores like a shadow.,"The Star-Child exists beyond all physical domains. He perceives the galaxy with post-human senses, crosses it instantly, and manipulates the monolith's geometry beyond three dimensions. No analogy applies.",The Star-Child perceives the galaxy as a model he can manipulate. Phantom suns explode as he passes through their cores. The monolith extends beyond three dimensions. The dark rift holds the raw material of future evolutions. Physics is utterly transcended.
US,2001 - A Space Odyssey,Chapter 47 - Star-Child,No contestation,Other / Unsure,Other / Unsure,Radically different / alien social order,Other / Unsure,Other / Unsure,Exceptionally rare (few astronauts/explorers),Other / Unsure,Adventure / exploration,Other / Unsure,Totally unique domain,Radically non-Earth-like (physics/environment fundamentally unlike Earth experience),The Star-Child returns to Earth and detonates orbiting nuclear weapons. This is not contestation but a unilateral act of godlike power. There is no opposition or conflict.,The Star-Child hovers above Earth as a transcendent being. He does not inhabit or hold territory in any conventional sense. He is master of the world but beyond physical space.,The Star-Child has returned to Earth from across the galaxy. Distance is no longer meaningful to him. He exists simultaneously everywhere and nowhere.,The Star-Child is a post-human entity who casually detonates orbiting nuclear weapons and contemplates the future of humanity. History as men knew it is drawing to a close.,No language is used. The Star-Child acts through pure will. He puts forth his will and nuclear weapons detonate. Communication is beyond words.,The Star-Child is immune to all physical threats. The feeble energies of nuclear weapons are no possible menace to him. Environmental hostility is irrelevant.,"One transcendent being, formerly David Bowman, has returned to Earth. He is unique in all of human history.",The Star-Child is master of the world but has no political structure. He transcends all human governance. His relationship with humanity is that of a god.,"The Star-Child returns to contemplate Earth and its peoples, an explorer returned from the ultimate journey. The final line promises further adventures: he would think of something.","The Star-Child transcends all military and civilian categories. He detonates nuclear weapons with a thought, but this is neither military nor civilian action.","The Star-Child exists in a domain beyond all human categories - master of the world, immune to nuclear weapons, acting through pure will. No analogy applies.","A transcendent being hovers above Earth, detonates orbiting nuclear weapons with pure will, and contemplates untested powers over the entire planet. The physics of this existence is beyond all Earth experience."
US,2001 - A Space Odyssey,Epilogue- After 2001,Other / Unsure,Other / Unsure,Other / Unsure,Other / Unsure,Same languages as Earth,Other / Unsure,Other / Unsure,Other / Unsure,Other / Unsure,Other / Unsure,Other / Unsure,Other / Unsure,"This is a non-fiction author's afterword by Arthur C. Clarke discussing the writing of 2001, real-world parallels with Apollo missions, and plans for a sequel. It is not a narrative chapter.",Non-fiction epilogue. No narrative space portrayal.,Non-fiction epilogue. Clarke discusses real-world space exploration timelines but not fictional distances.,"Non-fiction epilogue discussing the relationship between the novel and the film, and real-world space exploration.",The epilogue is written in English by Arthur C. Clarke.,Non-fiction epilogue. No narrative environment is described.,Non-fiction epilogue discussing real astronauts and the writing process.,Non-fiction epilogue. Clarke mentions NASA and real-world space agencies but no fictional governance.,"This is a non-fiction afterword, not a narrative chapter with a genre.",Non-fiction epilogue. Not applicable.,Non-fiction epilogue. No domain characterization in narrative terms.,Non-fiction epilogue. Clarke discusses real space exploration parallels but does not portray a fictional physical environment.
