country,book,chapter,q1,q2,q3,q4,q5,q6,q7,q8,q9,q10,q11,q12,q1_justification,q2_justification,q3_justification,q4_justification,q5_justification,q6_justification,q7_justification,q8_justification,q9_justification,q10_justification,q11_justification,q12_justification
US,A Fire Upon The Deep,front_matter,Other / Unsure,Other / Unsure,Other / Unsure,Other / Unsure,Same languages as Earth,Other / Unsure,Other / Unsure,Other / Unsure,Other / Unsure,Other / Unsure,Other / Unsure,Other / Unsure,Title page only. No narrative content.,Title page only.,Title page only.,Title page only.,Title and author name are in English.,Title page only.,Title page only.,Title page only.,Title page only.,Title page only.,Title page only.,Title page only.
US,A Fire Upon The Deep,introduction,Other / Unsure,Other / Unsure,Other / Unsure,Other / Unsure,Same languages as Earth,Other / Unsure,Other / Unsure,Other / Unsure,Other / Unsure,Other / Unsure,Other / Unsure,Other / Unsure,Non-fiction introduction by John Clute discussing the novel's place in SF history. Not a narrative chapter.,"Non-fiction introduction. Discusses the novel's galactic zones but is critical commentary, not narrative.",Non-fiction introduction.,Non-fiction introduction.,Written in English.,Non-fiction introduction.,Non-fiction introduction.,Non-fiction introduction.,"Non-fiction introduction, not a narrative chapter with a genre.",Non-fiction introduction.,Non-fiction introduction.,Non-fiction introduction.
US,A Fire Upon The Deep,prologue,High contestation (frequent conflict or strategic struggle),Habitable and governable (permanent settlements can hold territory),"Extreme / effectively unreachable (generational, completely separate, or one-way-feeling distance)",Mostly Earth-like with minor adaptations,Same languages as Earth,Extremely hostile (constant survival pressure),Common (many people live/work there),Multiple distinct space polities,Thriller / Horror / Survival,Entirely civilian,Like cyberspace / networked or abstract domain,Radically non-Earth-like (physics/environment fundamentally unlike Earth experience),"Humans unwittingly awaken a malevolent Power from a five-billion-year-old archive. The Power immediately traps them, feeds them lies, and plans their destruction. A galactic-scale conflict begins.","Straumli Realm is an established civilization that sent an expedition to settle and study the archive. The High Lab is a small permanent settlement with families, schools, and infrastructure.","The High Lab is beyond the Beyond, at the edge of the Transcend. It has been six months since resupply. Communication with the Relay network exists but is now compromised by the awakened Power.","The humans have families, schools, an archaeological dig. Their social organization is recognizably Earth-like despite being far from Earth in a galaxy of alien civilizations.",All human dialogue and narration is in English. The automated processes communicate in human-comprehensible ways.,An ancient evil has been awakened that feeds on automation and intends to destroy its hosts. The Power already controls all communications and cameras. Escape is nearly impossible.,"The High Lab is a small community with archaeologist programmers, families, and schools. Beyond it, Straumli Realm is a spacefaring civilization. Space habitation is widespread in the Beyond.",Straumli Realm is one of many civilizations in the Beyond. The archive comes from an unknown ancient civilization. Powers in the Transcend are their own entities.,The chapter is cosmic horror. Humans unwittingly awaken a godlike evil that traps them and plans their annihilation. Two ghost-copies of the humans discuss their doom while hiding from the awakening Power.,The High Lab is a civilian archaeological expedition with families and children. There is no military element.,"The threat is computational: an archive that corrupts local networks, transcends through nodes and data structures. The ghost-copies flit between network nodes. Space is characterized through information and automation.","The Zones of Thought divide the galaxy into regions where physics itself differs. In the Transcend, automation can become godlike Powers. Network processes can achieve self-awareness. The physical rules of the universe vary by location."
US,A Fire Upon The Deep,Chapter one,"Low contestation (minor competition, little open conflict)","Visiting / Temporary presence only (stations, missions, outposts)","Extreme / effectively unreachable (generational, completely separate, or one-way-feeling distance)",Mostly Earth-like with minor adaptations,Same languages as Earth,Extremely hostile (constant survival pressure),Exceptionally rare (few astronauts/explorers),Multiple distinct space polities,Thriller / Horror / Survival,Entirely civilian,Other / Unsure,Radically non-Earth-like (physics/environment fundamentally unlike Earth experience),"The Olsndot family flees the High Lab disaster, crash-landing on an alien planet. There is no direct conflict in this chapter, but they are refugees from a cosmic catastrophe.","The family crash-lands in a makeshift cargo shell on an unknown planet. They are temporary refugees, not settlers.","They are lost at the Bottom, the Slow Zone where FTL travel is impossible. Their carrier's automation has failed. They are cut off from Straumli Realm and everything they knew.","The family behaves like any Earth family: parents protecting children, managing fear, the mother distracting Jefri with conversation. Their social dynamics are entirely human.",All dialogue is in English. The family speaks a human language.,"The cargo shell is a hundred-tonne carton of eggs balanced on a single torch with no wings, no agrav, no shielding. The coldsleep boxes are failing. A gray fungus grows on the hull. The landing could kill them all.",One family with 309 children in coldsleep. They are the only survivors of the High Lab disaster to reach this planet. Space travelers are unprecedented on this world.,Straumli Realm is their home polity. The planet they land on has its own intelligent life. The broader galaxy has many civilizations connected by Relay networks.,The desperate emergency landing dominates the chapter. The cargo shell is barely functional. The coldsleep boxes are killing children. A fungal growth from the High Lab infection spreads on the hull.,"A family of civilian refugees: a trader father, a writer-archaeologist mother, and their two children. No military element.",The chapter focuses on a desperate planetary landing. Space is not strongly characterized as any particular domain analogy.,The Slow Zone makes FTL and agrav impossible. The cargo shell lands by pure rocket descent on an unknown world. A fungal growth from the Transcend corrupts the hull. The physics of the galaxy varies by region.
US,A Fire Upon The Deep,Chapter two,Moderate contestation (ongoing rivalry/disputes),"Visiting / Temporary presence only (stations, missions, outposts)","Extreme / effectively unreachable (generational, completely separate, or one-way-feeling distance)",Radically different / alien social order,Distinct space language(s),Manageable but risky,Exceptionally rare (few astronauts/explorers),Multiple distinct space polities,Adventure / exploration,Mostly military,Other / Unsure,Somewhat different (manageable environmental differences),The Tines World has political factions: Flenser's cult vs the Long Lakes Republic. Peregrine travels with a spy and a Flenserist fanatic. The Flenserists prepare an ambush of the fallen ship.,The alien ship has crash-landed on the Tines World. The humans are unexpected visitors to a pre-spaceflight civilization.,"The fallen star came from farther than Peregrine has ever been. The aliens are visitors from beyond the sky, an event unprecedented in all recorded history or legend.","The Tines are pack-mind aliens: each individual is a group of dog-like members sharing thoughts through sound. Their civilization is medieval with castles, knights, and pilgrims. Society is utterly unlike Earth.","The Tines communicate through tonal thought-sounds, including normal speech and Hightalk (ultrahigh-frequency directional speech). The aliens from the ship are completely unintelligible.","The planet's surface is livable with mild arctic conditions, green valleys, flowers, and wildlife. The danger comes from the Flenserist military forces, not the environment itself.",A single alien ship has landed. There has never been anything like this in all of Tines history or legend. Space visitors are utterly unprecedented.,"The Tines World has multiple factions: Flenser's domain, the Long Lakes Republic, and neutral pilgrims. The visitors represent an unknown civilization from space.",Peregrine is a pilgrim-explorer witnessing the most marvelous encounter in his centuries of pilgrimage. The chapter is driven by wonder at the alien visitors and the spirit of discovery.,"The Flenserists deploy archers, infantry, and flame troopers in ambush formation. Military operations dominate the chapter's second half.",Space is seen through medieval alien eyes as divine or supernatural. The ship is perceived as a fallen star. No Earth domain analogy applies to this alien perspective.,"The planet is Earth-like: green valleys, snow-capped mountains, ocean straits, wildlife. The pack-mind aliens are the radical difference, not the physical environment."
US,A Fire Upon The Deep,Chapter three,Total war / constant conflict,"Visiting / Temporary presence only (stations, missions, outposts)","Extreme / effectively unreachable (generational, completely separate, or one-way-feeling distance)",Mostly Earth-like with minor adaptations,Same languages as Earth,Extremely hostile (constant survival pressure),Exceptionally rare (few astronauts/explorers),Multiple distinct space polities,Military / war,Mixed civilian-military domain,Like the frontier / colonial expansion,Somewhat different (manageable environmental differences),"The Flenserists launch a devastating ambush. The father is killed by blade-wielding aliens. The mother is burned by flamethrowers. Hundreds of children in coldsleep are incinerated. It is total, merciless violence.",The humans just crash-landed. They are temporary visitors trying to establish contact with the Relay network. They have no territory or settlement.,"They are lost in the Slow Zone. Their cargo carrier is dead. The Relay system might connect them to help, but they have not yet established communication.","The family sets up camp like any Earth colonists: deploying coldsleep boxes, establishing a perimeter with sound projectors, the mother watching with a pistol. Parental instincts drive every action.",All human dialogue is in English. The family speaks to each other in their own language. The alien attackers communicate through sounds incomprehensible to the humans.,The family is ambushed within hours of landing. Johanna is shot with an arrow. Her father is killed by blade-wielding aliens. Her mother and hundreds of sleeping children are burned alive.,"One family on an unknown planet with 309 children in coldsleep. After the massacre, even fewer survive.",Straumli Realm is the humans' home civilization. The attackers are a local faction. The broader galaxy has multiple civilizations and relay networks.,"The chapter is dominated by a military ambush: infantry, archers, flame troopers attacking in coordinated formations. The massacre of civilians is brutal and overwhelming.","A civilian family with only a single pistol is overwhelmed by a medieval military force using bows, axes, tined paws, and flamethrowers.",The chapter parallels colonial first-contact disasters. Technologically advanced but unprepared civilians land in territory controlled by hostile locals who immediately attack. The power dynamic inverts typical colonial narratives.,"The planet is physically Earth-like: grass, trees, hills, sunlight, breathable air. The existential danger comes from the alien inhabitants, not the physical environment."
US,A Fire Upon The Deep,Chapter four,High contestation (frequent conflict or strategic struggle),"Visiting / Temporary presence only (stations, missions, outposts)","Extreme / effectively unreachable (generational, completely separate, or one-way-feeling distance)",Radically different / alien social order,Distinct space language(s),Manageable but risky,Exceptionally rare (few astronauts/explorers),Multiple distinct space polities,Adventure / exploration,Mostly military,Like the ocean / naval,Somewhat different (manageable environmental differences),"Peregrine and Scriber infiltrate the Flenserist forces, kill a Servant to rescue an alien survivor, then steal a boat and escape under arrow fire. Peregrine loses a member in combat and integrates a new one from the enemy.",The human survivor is a helpless prisoner on a travois. The aliens from space remain purely temporary visitors with no foothold.,"The alien visitor came from farther away than any Tine can imagine. Peregrine reflects that this is a creature from beyond the sky, unprecedented in all history.","Pack-mind society dominates: Peregrine loses a member and gains a new one mid-battle, fundamentally changing his identity. The mob of wounded is a terrifying zone of fragmentary consciousness and forced repackings.",The Tines use tonal thought-sounds and Hightalk. The alien's thoughts are audible but utterly foreign. No common language exists between the species.,"The planet's environment is benign with harbors, forests, and fair weather. The danger is entirely from hostile Tines forces.",A single alien member survives. Peregrine and Scriber risk everything to rescue this unprecedented find. Space visitors have never been seen before.,"Flenser's domain, the Long Lakes Republic, and neutral pilgrims compete for the alien prize. The visitors represent an unknown galactic polity.","Peregrine risks his life as a pilgrim-adventurer to rescue an unprecedented alien. The daring boat escape through enemy harbor, the integration of a new member, and the promise of discovery drive the chapter.","The chapter is dominated by military operations: infantry, archers, sentries, harbor fortifications, Flenser's personal banner calling troops. Combat and military formations are central.","The climax is a naval escape: stealing a twinhull sailing vessel, scuttling enemy ships, navigating harbor fortifications, and sailing past catapult ranges. Maritime terminology and tactics dominate.","The planet has Earth-like terrain: harbors, forests, hills, ocean straits. The pack-mind aliens and their medieval civilization are the radical difference, not the physical environment."
US,A Fire Upon The Deep,Chapter five,High contestation (frequent conflict or strategic struggle),"Visiting / Temporary presence only (stations, missions, outposts)","Long-distance journey (years, major separation from Earth)",Radically different / alien social order,Distinct space language(s),Extremely hostile (constant survival pressure),Exceptionally rare (few astronauts/explorers),Multiple distinct space polities,Drama,Mostly military,Like the frontier / colonial expansion,Very different (human bodies/technology constantly challenged),Lord Steel rules Flenser's heartland through ruthless power; the returning Flenser fragment triggers a power struggle. The broader context includes the ambush of humans and political machinations between Tines factions.,"The humans on Tines World are crash-landed visitors, not settlers. The Usenet-style message references Straumli Realm's space presence but only as outposts and communication relays.",Jefri is stranded on an alien world far from human civilization. The children were brought from the High Lab in space. The Known Net message spans vast interstellar distances.,The Tines pack-mind culture is completely alien: individuals are groups of dog-like members sharing consciousness. Flenser's soul-crafting and Steel's creation represent a social order with no Earth parallel.,"Jefri cannot communicate with the Tines at all. Their language consists of gobbling, buzzing, and hissing sounds. The puppy can only play back recorded human speech without understanding.","Jefri is a captive child in a medieval alien castle ruled by the ruthless Lord Steel. The environment is dangerous and completely foreign, with no human support systems available.","Jefri is essentially alone among aliens. Only a handful of human children exist on this world, most still in coldsleep. Living in space or on alien worlds is extraordinarily rare.","The message references Straumli Realm as a distinct polity. On Tines World, Flenser's domain and other factions operate as separate political entities. Multiple interstellar groups are implied.","The chapter focuses on character development: Jefri bonding with alien puppies, and the political intrigue between Lord Steel and the returning Flenser fragment. The tone is dramatic rather than action-oriented.",Lord Steel is a military ruler who controls a fortified castle and commands whitejacket soldiers. Flenser's political machinations are conquest-focused. The power dynamics are fundamentally military.,"Humans have crash-landed on an alien frontier world with medieval-level technology. The dynamic resembles colonial encounters, with technologically advanced visitors stranded among indigenous populations.","The Tines World environment is fundamentally different from Earth: pack-mind aliens, medieval stone castles, alien biology. Jefri must adapt to an entirely foreign physical and social environment."
US,A Fire Upon The Deep,Chapter six,Moderate contestation (ongoing rivalry/disputes),Habitable and governable (permanent settlements can hold territory),"Extreme / effectively unreachable (generational, completely separate, or one-way-feeling distance)",Mixed / hybrid culture,Shared lingua franca plus local variation,Manageable but risky,Common (many people live/work there),Multiple distinct space polities,Political / diplomatic,Entirely civilian,Like the ocean / naval,Somewhat different (manageable environmental differences),"The Straumli Perversion is causing widespread concern across civilizations. Nine civilizations bid for data feeds, and Powers are competing for information. However, there is no open conflict at Relay itself.","Relay is a permanent, governed installation with a planetary surface and massive orbital Docks. The Vrinimi Organization has maintained operations for fifty thousand years, with clear territorial control.",Ravna is twenty thousand light-years from home at Sjandra Kei. Sending a single message costs half a year's savings. The separation is so extreme that the Straumli crisis felt remote to her family.,The Vrinimi Organization includes several races with adapted shared customs. Ravna notes both familiar and alien elements in Grondr's behavior. Standard Organization courtesy bridges racial differences.,Multiple species communicate through shared trade languages. Grondr and Ravna converse fluidly despite being different species. The Known Net facilitates cross-civilization communication.,"Life at Relay is comfortable and well-resourced, but the Straumli Perversion poses a looming existential threat. The arrival of a Power's ship creates unease even in this safe Middle Beyond location.","Relay is a major hub serving a million worlds. Multiple species work at the Organization. The Docks are described as having parks, playgrounds, and extensive facilities for a large population.","Numerous distinct entities are referenced: Vrinimi Organization, Straumli Realm, Sjandra Kei, nine bidding civilizations from the Top of the Beyond, and Powers from the Transcend. The political landscape is highly multipolar.","The chapter centers on diplomatic and commercial negotiations: managing a Power's demands, selling a human to the Transcend, balancing business interests across civilizations. The tone is corporate-political.","Relay is a purely commercial and archival operation. All activities described are civilian: communication services, archive management, business negotiations. No military elements appear.","Relay is described like a great port: the Docks with bays, repair holds, transhipment centers. Ships arrive and depart. The Organization functions as a commercial harbor master for interstellar traffic.","The Relay environment has alien elements (Kalir insectoid species, agrav technology, factory lights brighter than moons) but is fundamentally manageable. Ravna can walk in parks and enjoy autumn weather."
US,A Fire Upon The Deep,Chapter seven,Moderate contestation (ongoing rivalry/disputes),Habitable and governable (permanent settlements can hold territory),"Extreme / effectively unreachable (generational, completely separate, or one-way-feeling distance)",Mixed / hybrid culture,Shared lingua franca plus local variation,Manageable but risky,Common (many people live/work there),"Highly fragmented political landscape (multipolar with many factions, corporations, colonies, microstates)",Adventure / exploration,Mostly civilian with some military presence,Like the ocean / naval,Moderately different (regular adaptation needed),The Straumli Perversion dominates discussion as a growing threat. Old One monopolizes Relay bandwidth causing tension. Pham's backstory includes Qeng Ho rivalries. But no open conflict occurs at Relay.,"The Relay Docks are a massive permanent installation with seas, beaches, parks spanning a thousand kilometers on an agrav platform. Vrinimi Org has governed this territory for fifty thousand years.","Pham's Qeng Ho voyage lasted a thousand years objective. Relay is twenty thousand light-years from Sjandra Kei. In the Slow Zone, travel takes generations at sub-light speeds with centuries between stars.",Relay hosts multiple species and cultures. Pham brings pre-tech medieval culture into contact with Beyonder civilization. The Qeng Ho had their own distinct trader culture spanning thousands of years.,Triskweline trade talk serves as the lingua franca at Relay. Pham learned it in intensive sessions. The Known Net facilitates communication across millions of worlds with shared protocols.,"The Docks are comfortable with beaches and offices, but the Straumli Perversion looms. Pham's backstory shows space travel as extremely dangerous: his crew died at the edge of the Unthinking Depths.",Relay serves millions of worlds. The Docks support a large population with extensive infrastructure. The Qeng Ho had hundreds of ships and settled thirty worlds. Space habitation is widespread in the Beyond.,"The chapter references Qeng Ho, Vrinimi Org, Sjandra Kei, Straumli Realm, Powers, dozens of settled worlds, and nine bidding civilizations. The political landscape is extremely fragmented across the galaxy.",Pham Nuwen's backstory dominates: a medieval prince turned starship captain who explored the galaxy for centuries. His tale of the Wild Witless Bird expedition into unknown space is pure adventure narrative.,"Relay is entirely commercial. Pham was 'Programmer-at-Arms' (a military role) in the Qeng Ho trading fleet, but the fleet was primarily commercial. The overall domain is civilian with minor military elements.","Extensive naval imagery: the Docks with harbors and transhipment, Ravna's sailboat, the beach office. Pham is described as a 'skipper' and 'shipmaster.' Qeng Ho operates like an age-of-sail trading fleet.",The Zones of Thought fundamentally alter physics: FTL works in the Beyond but not the Slow Zone. The Docks float on agrav above a planet. Pham's crew died when entering the Unthinking Depths where even automation fails.
US,A Fire Upon The Deep,Chapter eight,Moderate contestation (ongoing rivalry/disputes),Habitable and governable (permanent settlements can hold territory),"Extreme / effectively unreachable (generational, completely separate, or one-way-feeling distance)",Mixed / hybrid culture,Shared lingua franca plus local variation,Manageable but risky,Common (many people live/work there),"Highly fragmented political landscape (multipolar with many factions, corporations, colonies, microstates)",Political / diplomatic,Entirely civilian,Like the ocean / naval,Moderately different (regular adaptation needed),"The Straumli Perversion creates widespread tension. Hostile certificants blame humans for their financial ruin. Archives contain dangerous traps. However, there is no open conflict at Relay itself.","The Relay Docks are a massive permanent habitat with a Foreign Quarter, bars, parks, and a central sea. Multiple species live and work there under Vrinimi Organization governance.",Pham's Qeng Ho voyage lasted a thousand years objective. Refugee ships fled toward the Bottom of the Beyond. Relay is twenty thousand light-years from Sjandra Kei. Distances are generational.,"The Wandering Company bar hosts multiple species with adapted shared customs. Skroderiders, humans, and humanoid certificants share drinks and trade stories. Cultural norms blend across species.",Triskweline serves as the lingua franca. Samnorsk is spoken between Ravna and Blueshell as a regional language. House translators bridge remaining gaps for species that speak neither.,"The Docks are comfortable with bars and recreation, but the Straumli Perversion looms. Archives contain deadly traps that destroyed civilizations. The risks are real but life continues normally.",The Wandering Company is crowded with traders from the Top to the Bottom of the Beyond. Multiple species fill the bar at circadian peaks. Relay serves millions of worlds.,"The chapter references Qeng Ho, Vrinimi Org, hostile certificants with their own High colony, Skroderider traders, Powers, refugee ships, and countless civilizations using the Known Net.","The chapter centers on intelligence gathering about the Straumli Perversion, commercial negotiations, and the Skroderiders' diplomatic plea for help locating refugee ships. The bar serves as an informal diplomatic venue.","All activity is commercial and social: trading, archive access, bar conversations. The Relay operation is entirely civilian infrastructure serving commerce and communication.",The Wandering Company features a model ramscoop ship. Traders meet at port. The ocean/abyss metaphor pervades the discussion of Zones. Relay functions as a great harbor for interstellar commerce.,The bar has special-atmosphere nooks for different species. The Zones of Thought alter fundamental physics. Agrav technology and multi-species environments require constant adaptation from Earth norms.
US,A Fire Upon The Deep,Chapter nine,High contestation (frequent conflict or strategic struggle),Habitable and governable (permanent settlements can hold territory),"Extreme / effectively unreachable (generational, completely separate, or one-way-feeling distance)",Mixed / hybrid culture,Shared lingua franca plus local variation,Manageable but risky,Common (many people live/work there),Multiple distinct space polities,Thriller / Horror / Survival,Entirely civilian,Like the ocean / naval,Moderately different (regular adaptation needed),"Old One massively deceived Vrinimi Org, monopolizing sixty percent of bandwidth. The Org threatened violence against the Power's vessel. Trust is shattered. The Straumli Perversion threatens entire civilizations.",Relay continues as a permanent governed settlement. The Docks and Groundside remain stable infrastructure despite the crisis with Old One.,Same vast distances as before. The refugee ships are somewhere in the vast Beyond. Relay is twenty thousand light-years from Sjandra Kei. Communication costs are enormous.,Multi-species Organization continues to operate. Grondr (Kalir insectoid) and Ravna (human) work together. The Power Old One manipulates across species boundaries from the Transcend.,Same communication systems at Relay. Multiple species interact through shared languages and translation technology.,Old One's manipulation reveals that even the safe Middle Beyond is vulnerable to Powers. Pham Nuwen is revealed as a fabrication. The fish-in-the-abyss metaphor shows constant danger from above.,Relay remains a major hub. The crisis affects thousands of transceiver-layer customers across millions of worlds. Windsong competes for these same customers.,"Vrinimi Org, Old One (a Power), Windsong at Debley Down (a competitor), Straumli Realm, and thousands of customer civilizations are all distinct entities with competing interests.",The revelation that Pham Nuwen is a construct fabricated by a Power is horrifying. Ravna feels simultaneous anger and fright. Old One manipulated records and people like puppets.,"The crisis is entirely commercial and informational. The Org threatened violence but didn't follow through. All operations remain civilian: communication, archives, business.","The fish-in-the-abyss metaphor is explicit: 'We are little fish in the abyss, protected by the deep from the fishers above. But even if they can't live down here, the clever fisherfolk still have their lures.'",Powers can fabricate entire people and manipulate records from the Transcend. The Zones create fundamentally different physics at different altitudes. Reality itself is malleable for beings above.
US,A Fire Upon The Deep,Chapter ten,High contestation (frequent conflict or strategic struggle),"Visiting / Temporary presence only (stations, missions, outposts)","Long-distance journey (years, major separation from Earth)",Radically different / alien social order,Distinct space language(s),Extremely hostile (constant survival pressure),Exceptionally rare (few astronauts/explorers),Multiple distinct space polities,Thriller / Horror / Survival,Other / Unsure,Like the frontier / colonial expansion,Very different (human bodies/technology constantly challenged),Johanna is a wounded captive among aliens who killed her parents. She violently attacks the one with the scarred haunch who killed her father. The tension between captor and prisoner is constant and physical.,Johanna is stranded on an alien world after a crash landing. Humans are involuntary visitors with no permanent presence. Space habitation is not depicted in this chapter.,Johanna is stranded far from human civilization on an alien planet. She has no way to communicate with or return to human space. The separation from her home is total.,"The Tines pack-mind aliens operate with uncanny coordination, each group acting as a single creature with multiple bodies. Their social behavior, feeding methods, and communication are completely alien.",Johanna and the Tines cannot communicate at all. The Tines gobble and hiss; they can only mimic Johanna's recorded speech without understanding it. There is no shared language.,"Johanna is wounded with an arrowhead inside her, captive on a sailboat, eating raw alien shellfish to survive. She is surrounded by the creatures that murdered her parents.","Johanna is essentially alone among aliens. She is one of a tiny handful of humans on this entire world, most still in coldsleep.",The Tines have multiple factions: Peregrine's group rescuing Johanna versus the forces that ambushed the humans. Distinct political entities exist on this world even without space-level polities being shown.,"Pure survival narrative. Johanna is wounded, starving, captive among alien predators. She eats raw alien shellfish and violently attacks her captors. The tone is visceral and desperate.",This chapter takes place entirely on an alien planet's surface with no space-domain elements. The military/civilian distinction for space does not apply to this chapter.,"The dynamic resembles a colonial frontier encounter: a human stranded among indigenous aliens, with no technology or support systems, forced to survive on local resources.","The alien planet has non-Earth biology (green shellfish creatures), pack-mind aliens, and no human-compatible infrastructure. Johanna's body is constantly challenged by wounds, alien food, and the hostile environment."
US,A Fire Upon The Deep,Chapter eleven,High contestation (frequent conflict or strategic struggle),"Visiting / Temporary presence only (stations, missions, outposts)","Long-distance journey (years, major separation from Earth)",Radically different / alien social order,Distinct space language(s),Extremely hostile (constant survival pressure),Exceptionally rare (few astronauts/explorers),Multiple distinct space polities,Political / diplomatic,Mixed civilian-military domain,Like the frontier / colonial expansion,Very different (human bodies/technology constantly challenged),"Political tension fills the council meeting. Fear of alien superpacks, military buildup at Woodcarvers, and the background threat of Flenser's forces all indicate high contestation.",The alien (Johanna) is presented as a visitor from the sky. Humans have no permanent presence on this world. The chapter focuses on first contact rather than settlement.,The alien is described as coming from 'the top of heaven' in a 'flying house.' The journey was clearly interstellar and represents total separation from the aliens' origin.,"Woodcarver's civilization is built on pack-mind dynamics: soul-shaping, brood kenning, member replacement. The council discusses whether singleton aliens could be superpacks. The social order is wholly alien.","The alien's speech is described as unintelligible 'mouth noise, thin and low-pitched.' The Tines have no way to understand it. Communication is impossible.","Johanna is wounded, hostile, and violent. She punches a council member. The political environment is tense with soldiers everywhere and fear of alien invasion.",A single alien is presented to an entire council as an extraordinary phenomenon. The concept of beings from the sky is almost mythological to the Tines.,"Woodcarver's domain, Flenser's lands, and the Long Lakes Republic are distinct polities. Scriber identifies as a secret agent of the Republic. Multiple factions compete for influence.","The chapter is a council meeting with political maneuvering. Woodcarver, Vendacious, Scrupilo, and other advisors debate how to handle the alien. Diplomatic considerations dominate.","Woodcarvers has undergone major military buildup: soldiers everywhere, fortified walls, armed twinhulls. But the town also has civilian markets, artisans, and commercial activity.",First contact with an alien being from the sky. The council debates whether the aliens are superpacks who could conquer their world. The dynamic mirrors colonial-era first contact scenarios.,"The Tines world has pack-mind creatures, medieval technology, and completely non-Earth biology. The alien (Johanna) is physically vulnerable and unable to communicate in this radically different environment."
US,A Fire Upon The Deep,Chapter twelve,Moderate contestation (ongoing rivalry/disputes),"Visiting / Temporary presence only (stations, missions, outposts)","Long-distance journey (years, major separation from Earth)",Radically different / alien social order,Distinct space language(s),Extremely hostile (constant survival pressure),Exceptionally rare (few astronauts/explorers),Multiple distinct space polities,Adventure / exploration,Mixed civilian-military domain,Like the frontier / colonial expansion,Very different (human bodies/technology constantly challenged),"Political tensions simmer as Vendacious challenges Woodcarver's authority over the picture box. Flenser's threat looms in the background. However, the chapter focuses on cooperation and discovery rather than open conflict.",The alien (Johanna) is a visitor from space being cared for. Humans have no permanent presence. The chapter focuses on studying the alien's technology rather than space habitation.,"The alien came from space in a flying house. The dataset contains images of alien cities and starscapes, implying vast interstellar distances. The separation from the aliens' origin is total.","Pack-mind dynamics dominate: Woodcarver's centuries of soul-shaping, interference when packs get too close, Peregrine's intimate merging with Woodcarver. The social order is wholly non-human.",The Tines are trying to learn the alien's language through the dataset's kindermode program. Communication is still impossible without technological mediation. The languages are completely distinct.,Johanna remains a wounded captive who attacked her captors. The political environment is tense with Flenser's threat. The alien technology is described as containing a 'whole universe' of unknowns.,A single alien and its technology are the focus of an entire kingdom's scientific and political effort. Contact with space-faring beings is unprecedented.,Woodcarver's domain and Flenser's territory are distinct polities. The dataset reveals images of alien cities suggesting vast civilizations beyond this world. Multiple factions compete for influence.,"The chapter centers on exploration and discovery: Woodcarver, Scrupilo, and Scriber systematically exploring the alien dataset, discovering it is teaching them language. The tone is one of wonder and intellectual adventure.","Woodcarver's domain has military elements (soldiers, fortifications) but the chapter focuses on civilian scientific investigation. Vendacious represents the intelligence/military interest in the alien.","First contact dynamics dominate: indigenous people studying alien technology, learning alien language, trying to understand visitors from the sky. This parallels colonial-era encounters with unknown civilizations.","The alien technology is beyond Tines comprehension: millions of colored tiles creating moving images, a device that teaches language. The physical and technological gap between worlds is vast."
US,A Fire Upon The Deep,Chapter thirteen,High contestation (frequent conflict or strategic struggle),"Visiting / Temporary presence only (stations, missions, outposts)","Long-distance journey (years, major separation from Earth)",Radically different / alien social order,Distinct space language(s),Extremely hostile (constant survival pressure),Exceptionally rare (few astronauts/explorers),Multiple distinct space polities,Thriller / Horror / Survival,Mostly military,Like the frontier / colonial expansion,Very different (human bodies/technology constantly challenged),Steel and Tyrathect wage a covert power struggle. Steel plots world conquest using alien technology. Tyrathect secretly opposes the Flenserists. The isolation pits and soul-dissection labs show systemic violence.,The alien ship is being hidden and fortified by Steel. Humans are involuntary visitors whose ship is now a prize of war. There is no voluntary space habitation.,"The aliens came from space in a flying ship. Steel realizes they are refugees, not invaders, implying a long desperate journey. Their origin is completely unknown to the Tines.","Flenser's Movement practices soul-crafting, isolation pits, and experimental pack construction. Steel creates wholly newborn packs from stolen puppies. The social order is built on pack-mind manipulation with no Earth parallel.",The alien makes only low-pitched mouth noises incomprehensible to the Tines. Experiment Amdiranifani is slowly learning alien speech as a form of interpack talk. Communication remains rudimentary.,"The environment is deeply hostile: isolation pits drive members mad, soul-dissection laboratories, Steel's ruthless regime. Tyrathect lives in constant fear of discovery. The alien is a captive.","A single captive alien (Jefri) is the Movement's greatest treasure. Steel realizes the ship carried only refugees, not an invasion fleet. Contact with space beings is unique and unprecedented.","Flenser's Movement, Woodcarver's domain, and the Long Lakes Republic are distinct polities. Steel's spies infiltrate Woodcarvers. The political landscape involves competing factions vying for alien technology.","The chapter is deeply dark: isolation pits, soul-dissection, Tyrathect's internal battle with Flenser's personality, Steel's cold calculating evil. The horror of the laboratories dominates.",Steel is a military ruler conducting weapons research. The castle is a military fortress. The laboratories serve military goals of world conquest. Construction of fortifications around the alien ship is military.,"Steel's approach to the aliens parallels colonial exploitation: capturing technology, studying captives for leverage, planning world conquest using stolen alien weapons and knowledge.",The alien ship's acoustics are deadly to pack-minds. The coldsleep technology is incomprehensible. Steel's pack-mind cannot function inside the ship due to echoes. The physical environment is radically different from anything the Tines know.
US,A Fire Upon The Deep,Chapter fourteen,High contestation (frequent conflict or strategic struggle),"Limited settlement (small colonies, hard to sustain/control)","Extreme / effectively unreachable (generational, completely separate, or one-way-feeling distance)",Radically different / alien social order,Distinct space language(s),Extremely hostile (constant survival pressure),Uncommon (small specialist population),"Highly fragmented political landscape (multipolar with many factions, corporations, colonies, microstates)",Thriller / Horror / Survival,Mixed civilian-military domain,Like the frontier / colonial expansion,Very different (human bodies/technology constantly challenged),Steel manipulates Jefri through deception about his family's death. Woodcarver raids are mentioned. The Usenet messages reveal the Blight destroying civilizations and using Net attacks to conquer Arbitration Arts. Stellifications (destroying star systems) are recommended as defense.,"The refugee ship contains hundreds of children in coldsleep, a fragile colony. Jefri and Amdi explore the ship but cannot control its systems. The human presence on this world is tiny and precarious.",Jefri is stranded on an alien world with no way to reach human civilization. The ultrawave signal is the only hope of contact. The Usenet messages span vast galactic distances.,"Steel's soul-crafting experiments, the love-based conditioning of Amdiranifani, and the Flenser Fragment's shadowy influence all represent a completely alien social order based on pack-mind manipulation.","Jefri and Amdi communicate in Samnorsk, which Amdi learned as a secret language. The Tines have their own interpack speech. The Usenet messages use multiple translation layers across alien languages.",Jefri lives under Steel's manipulative control. Dead soldiers surround the ship. The Blight is destroying civilizations. Entire solar systems must be destroyed to prevent infection.,"Jefri is the only active human on the planet. Hundreds more sleep in coldsleep caskets. The Usenet messages show humans as a small, niche species in the galactic context.","The Usenet messages reveal a fractured galactic landscape: Arbitration Arts, Transcendent Bafflements Trading Union, Straumli Realm (now the Blight), and countless civilizations. On the planet, Steel, Woodcarver, and the Long Lakes Republic compete.","The Blight's expansion is horrifying: Net attacks that enslave civilizations, stellifications as defense. Jefri's manipulation by Steel is deeply unsettling. The tone combines thriller and horror.",Steel's military regime controls the alien ship. The Usenet messages describe military organizations like Arbitration Arts. But Jefri and Amdi's activities are civilian. The domain is mixed.,Steel plans to use alien technology for world conquest and then interstellar expansion. He explicitly imagines Tines pacing between stars. The colonial exploitation of alien technology drives the plot.,The ship's acoustics are deadly to pack-minds. The coldsleep technology is incomprehensible. The fungus/mold growing on walls is mysterious. The physical environment inside the ship is radically different from anything the Tines know.
US,A Fire Upon The Deep,Chapter fifteen,High contestation (frequent conflict or strategic struggle),Habitable and governable (permanent settlements can hold territory),"Extreme / effectively unreachable (generational, completely separate, or one-way-feeling distance)",Mixed / hybrid culture,Shared lingua franca plus local variation,Manageable but risky,Common (many people live/work there),"Highly fragmented political landscape (multipolar with many factions, corporations, colonies, microstates)",Political / diplomatic,Mostly civilian with some military presence,Like the ocean / naval,Moderately different (regular adaptation needed),The Blight has absorbed fifty civilizations in ten weeks. High trade is crippled. Old One refuses to help. The rescue mission faces potential Blight interception. The strategic struggle is galactic in scale.,"The Relay Docks remain a permanent governed settlement with beaches, offices, and infrastructure. The Skroderiders' ship is being enhanced for the rescue mission at Vrinimi yards.",The rescue mission requires descending to the Bottom of the Beyond where FTL may not work. Zone boundaries are shifting. Jefri is stranded on an alien world with only ultrawave contact. Distances are effectively unreachable.,"Skroderiders, humans, and Powers interact at Relay. Pham Nuwen is a construct blending human appearance with Transcendent purpose. Multiple species share the Docks culture.",Triskweline and Samnorsk serve as shared languages. Jefri's messages come in Samnorsk. The Known Net uses standardized protocols. Multiple species communicate through trade languages.,"Life at Relay is comfortable but the Blight threatens the galaxy. The rescue mission is extremely dangerous. Zone boundaries may shift, trapping the crew in the Slow Zone. The risks are existential.",Relay serves millions of worlds. The Docks are populated with multiple species. Skroderiders are among the most common sophonts in the Beyond. Space habitation is widespread.,"The Blight absorbs civilizations. Vrinimi Org, Old One, Windsong, various High Beyond civilizations, and dozens of species all compete. The political landscape is highly fragmented and volatile.","The chapter centers on diplomatic negotiations: Ravna trying to persuade Old One (via Pham) to help, commercial negotiations for the rescue mission, and strategic calculations about the Blight.","Relay is civilian infrastructure. The rescue mission is civilian. However, the Blight represents a military threat, and the discussion involves military-scale operations like fleet escorts.","The ocean metaphor is central: Skroderiders in the surf, the abyss analogy for the Zones, bottom-lugger ships. The rescue mission is described like a deep-sea expedition. Ravna's beach office reinforces the naval imagery.",The Zones of Thought alter physics at different depths. Zone boundaries are shifting. Skroderiders need mechanical memory to function. The environment requires constant adaptation to non-Earth-like conditions.
US,A Fire Upon The Deep,Chapter sixteen,Total war / constant conflict,Habitable and governable (permanent settlements can hold territory),"Extreme / effectively unreachable (generational, completely separate, or one-way-feeling distance)",Mixed / hybrid culture,Shared lingua franca plus local variation,Nearly uninhabitable / lethal without major intervention,Common (many people live/work there),"Highly fragmented political landscape (multipolar with many factions, corporations, colonies, microstates)",Military / war,Mostly military,Like the ocean / naval,Radically non-Earth-like (physics/environment fundamentally unlike Earth experience),"The Blight launches a devastating attack on Relay with four thousand warships, destroying transceivers, killing a Power (Old One), and annihilating the Docks. Billions of tonnes of wreckage rain down. Vrinimi Org is effectively destroyed.",The Relay Docks were a permanent governed settlement but are destroyed in the attack. The OOB becomes a mobile habitat. Ten thousand ships flee into space. Permanent settlement is shown but proves fragile.,The rescue mission heads to the Bottom of the Beyond where Zone boundaries shift and FTL may fail. They flee 150 light-years from Relay. The journey to Jefri is estimated at thirty days through dangerous territory.,Skroderiders and human crew the OOB together. Pham Nuwen is a dying construct of a Power. The evacuation involves multiple species. Cultural differences are bridged by shared crisis.,Samnorsk and Triskweline serve as shared languages. Communication with Jefri continues via ultrawave. Blueshell speaks Samnorsk with Ravna. Multiple translation systems operate.,The Docks disintegrate as agrav fails. The atmosphere drains into space. Pocket pressure suits fail. Pham Nuwen is dying. The crew barely survives the escape through falling debris and failing technology.,"Before the attack, Relay supported a large population. Ten thousand ships flee. Hundreds of people die in the Docks collapse. Space habitation was widespread but is devastated by the Blight attack.","The Blight, dying Vrinimi Org, Old One (destroyed), fleeing civilizations, and defense units all operate independently. The political landscape is shattering. Branch offices of the Org exist across the Beyond.","The chapter is dominated by the Blight's military assault on Relay: fleet action, replicant disorder attacks, transceiver destruction, the Docks' collapse, and desperate escape under fire.",The Blight's attack is a massive military operation with thousands of warships. Defense units fight hopelessly. The escape is a combat operation. Old One dies fighting. The domain is overwhelmingly military.,The OOB is described as a fragile moth or abyssal fish. Bottom-lugger terminology pervades. The escape through falling debris is like navigating a sinking ship. The Bottom of the Beyond is the ocean's abyss.,Agrav failure causes billion-tonne structures to collapse. Ultrawave surges make darkness visible through optic nerves. The Zones alter physics fundamentally. Drive spines self-repair. Reality itself operates differently.
US,A Fire Upon The Deep,Chapter seventeen,Moderate contestation (ongoing rivalry/disputes),"Visiting / Temporary presence only (stations, missions, outposts)","Long-distance journey (years, major separation from Earth)",Radically different / alien social order,"Mostly same, with dialect/slang differences",Extremely hostile (constant survival pressure),Exceptionally rare (few astronauts/explorers),Multiple distinct space polities,Drama,Other / Unsure,Like the frontier / colonial expansion,Very different (human bodies/technology constantly challenged),Johanna lives in tension with her Tines hosts. War with Flenser's forces lurks in the background. She drives Scriber away violently. But there is no active military conflict in this chapter.,Johanna is a reluctant visitor on an alien world. She has no permanent settlement; her bungalow is provided by her captors. Humans have no established presence on this world.,Johanna is completely cut off from human civilization. She has been told Jefri died. She is stranded on an alien planet with no way to contact or return to human space.,"The pack-mind Tines culture is completely alien. Johanna compares it to medieval Nyjora but notes it is fundamentally different: pre-tech, with pack-mind social dynamics and no human parallels.","Several Tines have learned Samnorsk through the dataset's language programs. Scriber speaks fairly good Samnorsk. Communication is now possible, though imperfect and sometimes using Johanna's own recorded voice.","Pre-tech winter conditions threaten survival. Without technology, even cold rain can be deadly. There are no radio finders or modern comforts. Johanna notes that the world itself can kill you without enemies.",Johanna is the only human among the Tines at Woodcarvers. She believes herself to be the sole surviving human on the planet. Her existence is extraordinary and unique.,"Woodcarver's domain and Flenser's territory remain distinct warring polities. The dataset references Straumli Realm, Nyjora, and Old Earth as separate human civilizations.","Character-driven chapter: Johanna's grief, isolation, and anger. Her interaction with Scriber is dramatic and emotional. She burns his notebook and drives him away. The tone is psychological drama.",This chapter takes place entirely on a pre-tech alien planet with no space-domain elements. The military/civilian distinction for space does not apply.,Johanna teaches the Tines gunpowder formulas and technology from her dataset. The dynamic is explicitly colonial: advanced technology transfer to an indigenous civilization for mutual benefit.,"The Tines World is pre-tech with pack-mind aliens. Johanna lives without electricity, radio, or modern medicine. The environment is harsh and the cultural gap between human and Tines is enormous."
US,A Fire Upon The Deep,Chapter eighteen,High contestation (frequent conflict or strategic struggle),Habitable and governable (permanent settlements can hold territory),"Extreme / effectively unreachable (generational, completely separate, or one-way-feeling distance)",Radically different / alien social order,Shared lingua franca plus local variation,Manageable but risky,Common (many people live/work there),"Highly fragmented political landscape (multipolar with many factions, corporations, colonies, microstates)",Thriller / Horror / Survival,Mixed civilian-military domain,Like the ocean / naval,Moderately different (regular adaptation needed),"Vendacious is revealed as a traitor who murders Scriber. Espionage and counter-espionage dominate. The Blight destroys Relay and a Power. On the Known Net, civilizations argue about the Blight's true nature and power.","The OOB is traveling through the Beyond as a mobile habitat. Relay is destroyed but the Known Net persists. On Tines World, Woodcarvers is a permanent governed settlement.",The OOB descends toward the Bottom of the Beyond. Relay is 150+ light-years behind. The Known Net spans the galaxy but communication is expensive and unreliable. The Blight controls vast volumes.,The Blight's symbiosis enslaves races as teleoperated devices. Skroderider memory depends on mechanical skrodes. The Known Net connects millions of alien civilizations with wildly different norms and comprehension levels.,Triskweline and Samnorsk serve as shared languages. The Known Net uses multiple translation layers. Some messages pass through four translation steps. Twirlip of the Mists shows how translation can completely fail across alien minds.,The OOB is traveling safely but descending toward dangerous territory. The Blight threatens the galaxy. Pham Nuwen lies injured. The journey is risky but the immediate environment is manageable.,The Known Net connects hundreds of millions of worlds. Tens of thousands of messages flow daily about the Blight. Ten thousand ships fled Relay. Space habitation is widespread in the Beyond.,"The newsgroups show extreme fragmentation: Khurvark University, Society for Rational Investigation, Twirlip of the Mists, Hanse, the Blight, all with competing theories. On Tines World, Vendacious secretly serves Flenser against Woodcarver.",Vendacious murders Scriber in a shocking betrayal. The Blight video shows soul-dead humans as mouthpieces for a Power. The chapter combines espionage thriller with cosmic horror.,"The Blight operates as a military force but also as a commercial entity offering 'Help.' The Known Net is civilian infrastructure. On Tines World, espionage blurs military and civilian lines.",The OOB descends 'down the well of the night' toward the Bottom of the Beyond. Bottom-lugger terminology. The Known Net is like a vast ocean of communication. The voyage metaphor persists throughout.,The Zones slow computation and pseudovelocity as the OOB descends. The Known Net requires multi-hop translation across alien minds. Old One's implants in Pham became putrescent ruin. Physics varies by Zone.
US,A Fire Upon The Deep,Chapter nineteen,High contestation (frequent conflict or strategic struggle),"Visiting / Temporary presence only (stations, missions, outposts)","Long-distance journey (years, major separation from Earth)",Radically different / alien social order,"Mostly same, with dialect/slang differences",Extremely hostile (constant survival pressure),Exceptionally rare (few astronauts/explorers),Multiple distinct space polities,Thriller / Horror / Survival,Other / Unsure,Like the frontier / colonial expansion,Very different (human bodies/technology constantly challenged),Scriber is murdered by Vendacious's assassins. The murder is disguised as a Flenserist probe. Vendacious is revealed as a double agent. The political struggle between Woodcarver and Flenser intensifies.,Johanna remains a visitor on the alien world. She lives in a bungalow provided by her hosts. The starship remains in enemy hands. No permanent human presence exists.,Johanna is completely isolated from human civilization. Her only hope is rescue from space. The separation from her origin is total and seemingly permanent.,"The pack-mind dynamics dominate: Scriber's murder is a pack killing, his fragment Ja is a single member trying to communicate. Adoption, remerging, and brood kenning are wholly alien social concepts.",Several Tines now speak Samnorsk well. Woodcarver and Johanna converse fluently. Scarbutt speaks in synthetic Samnorsk. Communication barriers have largely fallen between Johanna and her hosts.,Scriber is assassinated within the castle walls. Johanna is sick with no modern medicine. Medieval conditions threaten survival. Enemies infiltrate the castle. Internal bleeding kills Ja because doctors cannot diagnose it.,Johanna remains the sole human at Woodcarvers. She is uniquely valuable and uniquely vulnerable. Her existence among the Tines is extraordinary.,Woodcarver's domain and Flenser's Hidden Island are distinct warring polities. Vendacious secretly serves Flenser. The political landscape involves espionage and betrayal between rival factions.,"Scriber's murder is a shocking betrayal: his trusted security chief is the killer. Ja's desperate crawl to warn Johanna, his death from undiagnosed injuries, and Johanna's grief create a dark thriller tone.",This chapter takes place entirely on a pre-tech alien planet. The military/civilian space domain distinction does not apply to the planet-side events.,Johanna is stranded on a frontier world with medieval technology. She teaches gunpowder to the locals. The dynamic continues to resemble colonial-era encounters between advanced and indigenous civilizations.,"Medieval medicine cannot diagnose internal bleeding. Johanna has a cold with no modern treatment. The pre-tech alien world has no electricity, radio, or modern sanitation. Human bodies are constantly challenged."
US,A Fire Upon The Deep,Chapter twenty,High contestation (frequent conflict or strategic struggle),Habitable and governable (permanent settlements can hold territory),"Extreme / effectively unreachable (generational, completely separate, or one-way-feeling distance)",Radically different / alien social order,Shared lingua franca plus local variation,Manageable but risky,Common (many people live/work there),"Highly fragmented political landscape (multipolar with many factions, corporations, colonies, microstates)",Political / diplomatic,Mixed civilian-military domain,Like the ocean / naval,Moderately different (regular adaptation needed),The Known Net erupts with debate about the Blight. The Alliance for the Defense calls for pogroms against humans. Sandor Arbitration warns of spies and traitors. The Blight expands while civilizations argue about responses.,The OOB travels through the Beyond as a self-contained habitat. The Blight governs conquered volumes with teleoperated sophonts. Straumli Realm is rebuilt as massive agrav habitats across five star systems.,Communication with Jefri is only a few bits per second due to distance and Zone vagaries. The OOB descends toward the Bottom of the Beyond. The Blight controls volumes hundreds of light-years across. Distances are effectively unreachable.,The Blight's Helper Symbiosis creates a radically new social order: races teleoperated as limbs of a Power. The Death to Vermin alliance calls for human extermination. Hanse experiments on human specimens. Social norms are alien and threatening.,"Triskweline serves as the Net's lingua franca with multiple translation layers. Messages pass through Baeloresk, Acquileron, and other languages. Samnorsk is used for human-specific communication.",The OOB travels safely but the Blight threatens the galaxy. Jefri faces medieval warfare on the planet below. The Death to Vermin alliance threatens all human colonies. The voyage itself is manageable but the broader situation is dire.,The Known Net connects hundreds of millions of worlds. The Blight controls volumes with billions of teleoperated beings. Half a million messages analyze the Blighter video. Space habitation is the norm in the Beyond.,"The Alliance for the Defense, Hanse, Sandor Arbitration, Khurvark University, the Blight, human colonies, and countless others all compete. The political landscape is extremely fragmented with no central authority.","The chapter is dominated by political debate on the Known Net about how to respond to the Blight. Diplomatic maneuvering, propaganda analysis, and strategic calculations fill the newsgroup traffic.",Sandor Arbitration is a military corporation analyzing the Blight. The Alliance for the Defense calls for military action. The Known Net is civilian infrastructure used for military intelligence. The domain is mixed.,The OOB descends 'down the well of the night' toward the Bottom. The Known Net is like an ocean of communication. The voyage continues with naval terminology. Pham Nuwen is a dead man inside a sowbug-shaped ship.,The Zones slow the OOB's pseudovelocity as it descends. Communication rates drop to bits per second. The Blight modifies races for teleoperation. Physics varies by depth in the Beyond.
US,A Fire Upon The Deep,Chapter twenty-one,High contestation (frequent conflict or strategic struggle),Habitable and governable (permanent settlements can hold territory),"Extreme / effectively unreachable (generational, completely separate, or one-way-feeling distance)",Mixed / hybrid culture,Shared lingua franca plus local variation,Manageable but risky,Common (many people live/work there),"Highly fragmented political landscape (multipolar with many factions, corporations, colonies, microstates)",Adventure / exploration,Mostly civilian with some military presence,Like the frontier / colonial expansion,Moderately different (regular adaptation needed),Jefri's allies face imminent military attack within one hundred days. The OOB crew races against time. The Blight threatens the galaxy. Strategic struggle drives every decision.,The OOB is a self-contained habitat traveling through the Beyond. The Tines have permanent settlements under threat of conquest. Space habitation is shown as both mobile and planet-based.,The voyage may take 120-200 days. Zone surge makes travel unpredictable. Communication with Jefri is only possible when antenna alignment and Zone conditions align. The destination feels effectively unreachable.,Skroderiders and human crew the OOB together. They discuss bootstrapping medieval civilization with modern knowledge. The mix of cultures and knowledge systems defines their approach to the rescue.,The crew communicates in Triskweline and Samnorsk. Jefri writes in Samnorsk. The ship's library contains knowledge in multiple formats. Communication is shared but varies by context.,The OOB has damaged drive spines and faces Zone turbulence. The voyage is extended from 30 to 120-200 days. Catastrophic spine failure is possible. The situation is manageable but carries serious risks.,"The Known Net connects millions of worlds. Civilizations in the Slow Zone rise and fall in dark ages. Space habitation is normal in the Beyond, though the Bottom is more sparsely populated.","Multiple factions on the Tines World, the Blight, various Net civilizations, and the OOB crew all operate independently. The political landscape remains highly fragmented across all scales.","The chapter focuses on problem-solving and planning: how to bootstrap a medieval civilization with radios and guns. Pham Nuwen speaks for the first time, suggesting solutions from his Canberra experience. The tone is adventurous.",The OOB is a civilian trader ship. The crew plans to teach military technology (guns) to a medieval civilization. The mission is civilian rescue but involves military applications.,The plan to bootstrap a medieval civilization with guns and radios explicitly parallels colonial-era technology transfer. Pham Nuwen's experience on medieval Canberra is directly relevant. The frontier analogy is central.,Zone turbulence extends the journey unpredictably. Drive spines may degrade suddenly. The ship's ultradrive must constantly recalibrate. The physics of the Beyond require continuous adaptation.
US,A Fire Upon The Deep,Chapter twenty-two,High contestation (frequent conflict or strategic struggle),Habitable and governable (permanent settlements can hold territory),"Extreme / effectively unreachable (generational, completely separate, or one-way-feeling distance)",Mixed / hybrid culture,Shared lingua franca plus local variation,Manageable but risky,Common (many people live/work there),"Highly fragmented political landscape (multipolar with many factions, corporations, colonies, microstates)",Drama,Mostly civilian with some military presence,Like the frontier / colonial expansion,Moderately different (regular adaptation needed),The Blight/Perversion murdered Old One. Pham carries godshatter from the dying Power. The crew races to save Jefri from what they believe are hostile Woodcarvers. The broader galactic threat drives urgency.,The OOB is a self-contained habitat. Discussion of civilizations in the Slow Zone that rise and fall over thousands of years implies permanent settlements. The Applied History of Technology covers countless settled worlds.,Civilizations in the Slow Zone are separated by years or centuries of travel. The OOB voyage is 120+ days. Communication with Jefri takes hours for a reply. The distance feels effectively unreachable.,Skroderiders and humans crew the OOB together. They discuss Applied History of Technology spanning many races. Pham carries memories from both a human life and a Power. Cultural mixing defines the crew.,The crew communicates in shared language. Instructions are translated into Samnorsk for Jefri. The bootstrap plans must be adapted for the Tines who lack scientific referents. Multiple language layers coexist.,The OOB travels safely but with damaged drive spines. Pham struggles with godshatter mental damage but is recovering. The bootstrap plan depends on luck with material availability. Conditions are manageable but uncertain.,Millions of university departments study the Applied History of Technology. Countless civilizations in the Slow Zone are referenced. Space habitation is normal in the Beyond and common in the Slowness.,"The Applied History of Technology documents thousands of civilizations rising and falling independently. The Blight, OOB crew, Tines factions, and various Beyond civilizations all operate separately.",The chapter centers on the emotional and intimate scene between Pham and Ravna. Pham confronts his identity crisis and grief over Old One. The godshatter revelation and their physical intimacy drive the dramatic core.,The OOB is a civilian trader ship. The crew plans civilian technology transfer to a medieval civilization. The bootstrap plan has military applications but the immediate context is civilian rescue.,The Applied History of Technology explicitly studies how primitive civilizations are bootstrapped by outside contact. The plan to send guns and radios to medieval Tines directly parallels colonial-era technology transfer.,Zero-gravity conditions on the bridge require adaptation. Zone physics varies between Slow Zone and Beyond. The Slow Zone limits automation and technology. Physics differences require continuous adjustment.
US,A Fire Upon The Deep,Chapter twenty-three,High contestation (frequent conflict or strategic struggle),Habitable and governable (permanent settlements can hold territory),"Extreme / effectively unreachable (generational, completely separate, or one-way-feeling distance)",Radically different / alien social order,Shared lingua franca plus local variation,Manageable but risky,Common (many people live/work there),"Highly fragmented political landscape (multipolar with many factions, corporations, colonies, microstates)",Political / diplomatic,Mixed civilian-military domain,Like the frontier / colonial expansion,Moderately different (regular adaptation needed),Digger teams riot and are massacred. Steel prepares for war against Woodcarver. Steel plans to trap the incoming Visitors. Tyrathect and Steel strategize. The entire chapter revolves around conflict and strategic struggle.,Steel builds a massive castle around the starship. The Movement governs territory with permanent settlements. Hidden Island and Starship Hill are established power centers. Territory is held and governed.,The Visitors are 100-120 days away traveling between stars. Ravna has revised her estimate due to difficulties. Communication takes hours for replies. The distance from space to this medieval world feels extreme.,Flenser work teams are permanently merged pack-minds kept in barracks to prevent individual recovery. Steel views human contact as revolting. Pack-mind society with culling and forced merging is radically alien.,Samnorsk serves as the bridge language between Jefri and the Tines. Amdi translates between Samnorsk and Tinish. Technical instructions from Ravna must be converted between number systems.,The riot nearly kills Jefri. Steel is wounded by a stray arrow. Construction continues but with dangers. The environment is manageable for daily life but carries serious risks from conflict and deception.,Space habitation is referenced as normal through the Visitors context. The starship carried 151 children in coldsleep. The broader galaxy has many spacefaring civilizations. Living in space is common in this universe.,"Steel, Woodcarver, Tyrathect/Flenser Fragment, the incoming Visitors, and various subordinate factions all compete. Steel schemes against both allies and enemies. The political landscape is extremely fragmented.",Steel schemes to trap the Visitors with his castle design. He manipulates Jefri and Amdi. He negotiates power dynamics with Tyrathect. The chapter is dominated by political maneuvering and strategic deception.,Steel builds military fortifications while maintaining civilian pretenses for Jefri. The castle is both fortress and trap. Jefri and Amdi work on civilian technology while surrounded by military construction.,Medieval Tines receiving technology from spacefaring humans parallels colonial technology transfer. Steel plans to resist colonial domination by trapping the Visitors. The frontier/colonial dynamic is explicit.,The starship sits in a medieval world with fundamentally different technology levels. Coldsleep boxes require careful monitoring. Instructions from space must be translated between number systems and material referents.
US,A Fire Upon The Deep,Chapter twenty-four,High contestation (frequent conflict or strategic struggle),Habitable and governable (permanent settlements can hold territory),"Extreme / effectively unreachable (generational, completely separate, or one-way-feeling distance)",Radically different / alien social order,Shared lingua franca plus local variation,Manageable but risky,Common (many people live/work there),"Highly fragmented political landscape (multipolar with many factions, corporations, colonies, microstates)",Military / war,Mixed civilian-military domain,Like the frontier / colonial expansion,Moderately different (regular adaptation needed),Steel fortifies the starship area ahead of schedule. Woodcarver's war council debates attack plans. Scrupilo tests the first cannon. The entire chapter is driven by preparations for imminent war between Woodcarver and Steel.,Woodcarver's castle is a permanent settlement governing surrounding territory. Steel holds territory in the north. The council discusses territorial control and military campaigns to recapture the starship.,The rescuers are still far away in space. The starship technology represents an unreachable level of advancement. Communication with Ravna is indirect and slow. The gulf between medieval Tines World and spacefaring civilization feels extreme.,"Woodcarver is a 600-year-old pack-mind renewing herself through breeding with Pilgrim. Pack reproduction involves exchanging members to create new composite souls. The concepts of identity, birth, and death are radically alien to human norms.",Samnorsk serves as the bridge language between Johanna and the Tines. Pilgrim translates council proceedings from Tinish to Samnorsk. The dataset contains information in human languages. Multiple language layers coexist.,The cannon test risks killing Scrupilo but succeeds. Woodcarver collapses from the shock but is actually giving birth. Daily life is manageable but punctuated by serious dangers from both warfare and physical fragility.,Space habitation is referenced through the broader context of the starship and incoming rescuers. The dataset contains knowledge from many spacefaring civilizations. Living in space is normal in the Beyond.,Woodcarver's High Council contains twelve packs with competing views. Steel and the Flenserists oppose them. Vendacious operates as security chief. The political landscape is fragmented across multiple factions.,The chapter centers on a war council and cannon testing. Vendacious reports on Steel's fortifications. Scrupilo demonstrates artillery. The military preparations for attacking Steel dominate the narrative.,The war council and cannon testing are military. Johanna's relationship with Woodcarver and the birth scene are civilian. The dataset serves both military and civilian purposes. The domain is thoroughly mixed.,"Cannon technology is being bootstrapped from the dataset, paralleling colonial-era technology transfer. The Tines adopt Nyjoran cannon designs. The dynamic of advanced knowledge transforming a medieval society mirrors frontier colonial patterns.",The medieval world requires constant adaptation from Johanna. Pack-mind biology differs fundamentally from human biology. The dataset technology operates in a radically different environment. Regular adaptation is needed.
US,A Fire Upon The Deep,Chapter twenty-five,High contestation (frequent conflict or strategic struggle),Habitable and governable (permanent settlements can hold territory),"Extreme / effectively unreachable (generational, completely separate, or one-way-feeling distance)",Mixed / hybrid culture,Shared lingua franca plus local variation,Manageable but risky,Common (many people live/work there),"Highly fragmented political landscape (multipolar with many factions, corporations, colonies, microstates)",Drama,Mostly civilian with some military presence,Like the ocean / naval,Moderately different (regular adaptation needed),The Blight spreads across the Top of the Beyond. Drive spines degrade steadily. Pham suspects Steel of deception and hidden computers. The crew debates whether they are being manipulated. Strategic struggle pervades.,The OOB is a self-contained habitat for months of travel. Sjandra Kei is referenced as a settled human civilization. Many habitable planets exist in the galaxy. Permanent settlement is the norm.,"Twenty thousand light-years crossed in three weeks, but thousands more remain. The voyage takes months. If ultradrive fails, a light-year becomes years of travel. Jefri would be a thousand years dead before they arrived by ramscoop.",Skroderiders share their Rider Myth with humans. Pham creates a castle hall display from Canberra memories. The crew trades stories from vastly different cultural backgrounds. Cultural mixing defines shipboard life.,Pham learns Samnorsk from Ravna. Messages to Jefri go through Trisk translation. The Riders have their own communication style. Multiple languages coexist with shared understanding.,Drive spines steadily degrade. The Zone storm slows progress unpredictably. Loss of ultradrive would strand them for centuries. Daily life aboard is comfortable but the voyage carries existential risk.,The Milky Way is viewed from the habitable planets of the galaxy. Sjandra Kei has multiple human worlds. Civilizations rise and fall throughout the Slow Zone. Space habitation is widespread and normal.,"Sjandra Kei, Harmonious Repose, the Blight, Steel's domain, Woodcarver's domain, and countless other civilizations all exist independently. The political landscape is extremely fragmented with no central authority.",The chapter focuses on relationship development between Pham and Ravna. Pham's synthetic memories create quiet tension. The Rider Myth adds depth. Ravna reflects on contentment amid danger. The tone is deeply character-driven.,"The OOB is a civilian trader ship. Daily life involves library research, workshop projects, and storytelling. Pham builds powered armor as a precaution. The context is overwhelmingly civilian with minor military preparation.",The months-long voyage through shifting Zone weather parallels ocean navigation. Drive spine concerns echo ship hull integrity. The crew trades stories like sailors. The narrative feels like a long naval voyage.,Zone physics changes as they descend toward the Bottom. Automation must be progressively retired. The ultradrive may fail entirely. The physical environment requires constant monitoring and adaptation.
US,A Fire Upon The Deep,Chapter twenty-six,High contestation (frequent conflict or strategic struggle),Habitable and governable (permanent settlements can hold territory),"Extreme / effectively unreachable (generational, completely separate, or one-way-feeling distance)",Radically different / alien social order,Shared lingua franca plus local variation,Manageable but risky,Common (many people live/work there),"Highly fragmented political landscape (multipolar with many factions, corporations, colonies, microstates)",Thriller / Horror / Survival,Mixed civilian-military domain,Like the ocean / naval,Very different (human bodies/technology constantly challenged),Death to Vermin announces military action against humans. The Aprahanti butterflies threaten the Riders and Saint Rihndell. The OOB must hide its human crew. Military fleets are on the move across the Beyond.,Harmonious Repose has been continuously inhabited for 200 million years with over 100 racial terranes. The ring system contains massive structures and permanent habitats. Territory is held and governed by multiple species.,"Sjandra Kei is 3900 light-years away. The OOB is still thousands of light-years from its goal. Five months into the voyage, drive failure threatens to make distances effectively unreachable.",Tusk-leg creatures walk on ivory tusks with arms below their necks. The Aprahanti look like giant butterflies but issue military threats. Over 100 species coexist at RIP. The social order is thoroughly alien and multispecies.,Triskweline serves as trade language but Saint Rihndell's people speak only reduced-grammar versions. Good interpreting devices fail this deep in the Beyond. Communication is shared but imperfect.,Drive spines are failing and need repair. The Aprahanti fleet threatens violence. Death to Vermin announces attacks on humans. The situation is manageable through careful trading but carries serious risks.,Harmonious Repose contains thousands of species across massive ring structures. The repair harbor has numerous ships. Billions of creatures inhabit the system. Space habitation is completely normal.,"Over 100 racial terranes at RIP. Saint Rihndell operates independently. The Aprahanti fleet represents Death to Vermin. Sjandra Kei, the Blight, and countless other polities exist. The landscape is extremely fragmented.",Death to Vermin threatens human genocide. The Aprahanti butterflies menace the Riders with chilling politeness. The OOB must hide its human crew. Drive failure looms. The tone is tense and survival-focused.,Saint Rihndell's repair harbor is civilian infrastructure. The Aprahanti fleet represents military power. The OOB hides its humans from military threat while conducting civilian trade. The domain is thoroughly mixed.,The ring system functions like a harbor with docking berths and repair yards. Ships arrive for repairs and refitting. The OOB navigates through the ring plane like a vessel in port. The naval analogy pervades the chapter.,The ring system habitat is radically non-terrestrial. Force-field suits decay within weeks at this depth. Good interpreting devices fail. The environment of ancient ring structures and zero-gravity challenges human norms constantly.
US,A Fire Upon The Deep,Chapter twenty-seven,Total war / constant conflict,Habitable and governable (permanent settlements can hold territory),"Extreme / effectively unreachable (generational, completely separate, or one-way-feeling distance)",Radically different / alien social order,Shared lingua franca plus local variation,Manageable but risky,Common (many people live/work there),"Highly fragmented political landscape (multipolar with many factions, corporations, colonies, microstates)",Thriller / Horror / Survival,Mixed civilian-military domain,Like the ocean / naval,Very different (human bodies/technology constantly challenged),Sjandra Kei is destroyed by relativistic projectiles killing 25 billion people. Glow bombs kill survivors. Death to Vermin commits genocide. The Aprahanti stragglers seek more victims. This is total war against humanity.,Sjandra Kei's habitations housed 25 billion before destruction. The RIP ring system remains inhabited. Saint Rihndell maintains a repair business across multiple harbors. Permanent settlement is the norm.,Sjandra Kei is destroyed thousands of light-years away. News arrives via weak shipboard transmitters. The OOB must cross sixteen million kilometers just within the RIP system. Distances are extreme and separation is total.,Flamed trellises may be packing material or excrement of Transcendent beings. The Aprahanti are genocidal butterflies. Saint Rihndell's tusk-legs trade in incomprehensible goods. The social order is thoroughly alien.,Triskweline serves as the common trade language. Communications come through Baeloresk-Triskweline translation paths. Samnorsk appears in the distress call from Sjandra Kei. Multiple language layers coexist.,The OOB slips away from the Aprahanti fleet successfully. Repairs are arranged through trade. But genocide occurs nearby and the crew could be discovered as human. The situation is manageable but extremely dangerous.,Twenty-five billion lived at Sjandra Kei before its destruction. Billions of creatures inhabit Harmonious Repose. The repair harbor services many ships. Space habitation is ubiquitous.,"Death to Vermin alliance, Aprahanti fleet, Saint Rihndell's business, Skroderider terranes, and countless other entities all operate independently. The political landscape is extremely fragmented.",Sjandra Kei is genocidally destroyed. Ravna loses her entire family and homeworld. The OOB must escape detection by a genocidal fleet. The tone is dominated by horror and survival urgency.,Civilian repair yards operate alongside military fleets. The OOB conducts civilian trade while hiding from military threat. Genocide occurs at Sjandra Kei. The domain is thoroughly mixed between civilian and military.,"The OOB slips free of moorings, rises above the ring plane, and lights its main torch. The repair harbor functions like a naval port. The language of departure and navigation is thoroughly naval.",Ring plane navigation requires careful maneuvering through debris fields. Zero-gravity affects all activities. Technology degrades at this depth in the Beyond. The physical environment constantly challenges human norms.
US,A Fire Upon The Deep,Chapter twenty-eight,Total war / constant conflict,Habitable and governable (permanent settlements can hold territory),"Extreme / effectively unreachable (generational, completely separate, or one-way-feeling distance)",Radically different / alien social order,Shared lingua franca plus local variation,Extremely hostile (constant survival pressure),Common (many people live/work there),"Highly fragmented political landscape (multipolar with many factions, corporations, colonies, microstates)",Military / war,Mixed civilian-military domain,Like the ocean / naval,Very different (human bodies/technology constantly challenged),Intense beam weapon firefight between Pham and rogue Skroderiders. A claymore mine detonates. Multiple Riders are killed. Pham is seriously wounded. The hull is breached. Five hundred ships pursue afterwards. Combat dominates the chapter.,The RIP ring system contains permanent habitats inhabited for millions of years. The shepherd satellite has an atmosphere. Saint Rihndell maintains a functioning business. Permanent settlement is the norm.,The OOB escapes to sixty light-years from Harmonious Repose. The goal remains thousands of light-years away. Five hundred ships pursue across vast distances. Separation is extreme.,Ancient wormhead creatures may be sentient but inscrutable after millions of years. Rogue Skroderiders betray their own kind. The polyspecific concourse contains a dozen different intelligent species. The social order is thoroughly alien.,Triskweline serves as trade language. Encrypted voice links connect the crew. Rider rattle-talk is used for private communication. Dress-code warnings come through local net protocols. Multiple communication layers coexist.,Active beam weapon combat threatens Pham's life throughout. A hull breach causes atmosphere to escape. The OOB must flee pursuing fleets. Pham is seriously burned. Survival pressure is constant and extreme.,The polyspecific concourse contains a dozen species in bustling crowds. Billions inhabit the ring system. The repair harbor services many ships. Space habitation is ubiquitous and normal.,"Ancient wormhead terranes, Saint Rihndell's business, rogue Skroderiders, the Aprahanti fleet, local security, and the Skroderider colony all operate independently. The political landscape is extremely fragmented.","The chapter is dominated by tactical combat: mines, beam weapons, midge surveillance drones, armored suits, and coordinated fire. Pham uses military tactics against multiple opponents. The tone is purely military.",Civilian trading completes simultaneously with military combat. Saint Rihndell's repair yard is civilian infrastructure. The firefight occurs in a civilian terrane. The domain is thoroughly mixed.,The OOB slips moorings and flees through the ring system like a ship escaping a harbor. Hull breach parallels hull damage at sea. The repair harbor functions as a naval port. The naval analogy pervades the escape.,Zero-gravity combat requires gas jets for maneuvering. Hull breach creates a tornado of debris. The ring system habitat is radically non-terrestrial. Ancient technology and alien environments constantly challenge human norms.
US,A Fire Upon The Deep,Chapter twenty-nine,High contestation (frequent conflict or strategic struggle),Habitable and governable (permanent settlements can hold territory),"Extreme / effectively unreachable (generational, completely separate, or one-way-feeling distance)",Radically different / alien social order,Shared lingua franca plus local variation,Manageable but risky,Common (many people live/work there),"Highly fragmented political landscape (multipolar with many factions, corporations, colonies, microstates)",Thriller / Horror / Survival,Mixed civilian-military domain,Like the ocean / naval,Moderately different (regular adaptation needed),Five hundred ships pursue the OOB. Pham and Ravna have a standoff over killing the Riders. The Blight's conspiracy through Skroderider skrodes is revealed. Strategic struggle pervades every relationship aboard.,The OOB continues as a self-contained habitat. Skroderider settlements exist across the Beyond. The ship functions as governable space. Permanent habitation is assumed throughout.,The OOB is sixty light-years from RIP and still thousands from its goal. Five hundred ships pursue across vast distances. The Blight spreads across enormous reaches of space. Distance is extreme.,Skroderiders are revealed as creatures uplifted billions of years ago by an ancient instance of the Blight. Their skrodes contain hidden control mechanisms. The social order is built on alien manipulation spanning geological time.,The crew communicates in Triskweline and human languages. Rider rattle-talk remains partially unintelligible to Pham. The Net uses multiple translation paths. Communication is shared but imperfect.,The OOB has escaped RIP with repaired drives. Pham recovers in the surgeon. But fleets pursue them and internal trust has collapsed. The situation is manageable but extremely precarious.,Skroderiders are spread in small numbers across the entire Beyond. Thousands of worlds are affected by the Blight conspiracy. Space habitation is ubiquitous across the galaxy.,"The Aprahanti fleet, rogue Skroderiders, the Blight, Death to Vermin, and various pursuing ships all operate independently. Even aboard the OOB, Pham and Ravna represent opposing factions. Fragmentation is total.",The Blight's billion-year conspiracy through Skroderider skrodes is a horror revelation. Pham and Ravna face off with threats of mutual destruction. Fleets pursue. The tone is tense thriller throughout.,The OOB is a civilian ship fleeing military pursuers. Pham uses military thinking while Ravna resists. Suicide programs are threaded through civilian systems. The domain is thoroughly mixed.,The OOB flees pursuers like a ship at sea. The internal standoff resembles a mutiny. Fleet pursuit across light-years parallels naval chase. The naval analogy is strong throughout.,Zero-gravity surgery and recovery differ from Earth norms. Ship systems must be constantly monitored. The Beyond's physics requires ongoing adaptation. The environment is moderately different from Earth.
US,A Fire Upon The Deep,Chapter thirty,High contestation (frequent conflict or strategic struggle),Habitable and governable (permanent settlements can hold territory),"Extreme / effectively unreachable (generational, completely separate, or one-way-feeling distance)",Radically different / alien social order,Shared lingua franca plus local variation,Manageable but risky,Common (many people live/work there),"Highly fragmented political landscape (multipolar with many factions, corporations, colonies, microstates)",Political / diplomatic,Mixed civilian-military domain,Like the frontier / colonial expansion,Moderately different (regular adaptation needed),Steel prepares for Woodcarver's imminent attack with superior cannons and gunpowder. Tyrathect struggles internally between her own conscience and Flenser's personality. Vendacious operates as a spy. Strategic struggle pervades every scene.,Steel's new castle is a permanent fortification governing territory. Hidden Island remains a stronghold. The Flenserist domain controls the northern region. Territory is built and held.,"Ravna's ship remains far away, with arrival estimated at 100-120 days. The gulf between spacefaring technology and medieval Tines World feels extreme. Communication takes hours for replies.",Radio allows a pack to spread across a quarter mile while maintaining consciousness. Tyrathect experiences parallax vision from castle walls. Pack-mind identity shifts between Tyrathect and Flenser. The social order is radically alien.,Samnorsk is used between Steel and the children but understood only partially. Tinish is the native language. Technical instructions from Ravna come in translated form. Multiple language layers coexist.,Radio testing risks consciousness disruption. Tyrathect overcomes the shock through prior experience with stone cliffs. Steel has thirty cannons but faces an approaching army. Conditions are manageable but dangerous.,Space habitation is referenced through the broader context of the incoming Visitors and their civilization. The Tines World has millions of packs. Living in space is normal in the Beyond.,"Steel, Tyrathect, Woodcarver, Vendacious as double agent, and the incoming Visitors all operate as separate factions. Even within Steel's domain, Tyrathect and Steel compete for influence.",Tyrathect and Steel scheme about the Visitors and Woodcarver. Internal power dynamics between Flenser's fragment and Steel drive the narrative. Vendacious operates as a spy. The tone is deeply political.,Military fortifications are built alongside civilian radio technology. Steel's castle serves both military defense and civilian trap. The radio is tested for both military command and pack-mind expansion.,Radio technology from spacefaring visitors transforms a medieval society. Steel plans to resist the incoming colonizers by trapping their ship. The frontier/colonial dynamic of advanced technology meeting medieval civilization is central.,Radio technology fundamentally changes pack-mind consciousness. The medieval world must adapt to space-derived inventions. Pack members spread across distances never before possible. Regular adaptation to new physics is needed.
US,A Fire Upon The Deep,Chapter thirty-one,High contestation (frequent conflict or strategic struggle),Habitable and governable (permanent settlements can hold territory),"Extreme / effectively unreachable (generational, completely separate, or one-way-feeling distance)",Radically different / alien social order,Shared lingua franca plus local variation,Manageable but risky,Common (many people live/work there),"Highly fragmented political landscape (multipolar with many factions, corporations, colonies, microstates)",Military / war,Mixed civilian-military domain,Like the frontier / colonial expansion,Moderately different (regular adaptation needed),Woodcarver's army marches to war against the Flenserists. A wolf-nest ambush kills and wounds over a hundred packs. Johanna fires a cannon to destroy the nest. The entire chapter is military campaign and combat.,Woodcarver has governed her domain for six hundred years. The army marches through settled territory toward enemy-held lands. Castle fortifications and permanent governance define both kingdoms.,The spacefaring origin of the humans is referenced through Dataset technology and Johanna's memories of Straum. The gulf between this medieval world and space civilization feels extreme and effectively unreachable.,Pack minds can be blasted apart by sonic attack and must reassemble. Medal ceremonies require sending a single member dangerously close to the Queen. Wolf nests are hive creatures with thousands of members. The social order is thoroughly alien.,Samnorsk is used between Johanna and the Tines. Pilgrim translates Tinish council proceedings. Johanna is beginning to recognize some Tinish chords. Multiple language layers coexist with imperfect understanding.,The wolf-nest ambush nearly destroys the army. Johanna fires a cannon at close range. Over a hundred packs are knocked out. But the army recovers and continues. Conditions are manageable but punctuated by extreme danger.,Space habitation is referenced through Dataset descriptions of the Beyond and spacefaring civilizations. The chapter focuses on planet-side events but the broader galactic context of common space living persists.,"Woodcarver's army, Steel's domain, Vendacious as double agent, wolf nests as independent threats, and the incoming Visitors all represent separate factions in a fragmented political landscape.","The chapter follows a military campaign: army marching, wolf-nest combat, cannon firing, casualties, military ceremony with medals, and strategic planning. The tone is thoroughly military.","The military campaign includes civilian moments: Woodcarver showing snowpatch sketchbooks, Peregrine playing with puppies, Johanna at a beer party. The domain mixes military operations with civilian life.",An army marches through wilderness using cannon technology derived from spacefaring knowledge. The parallel to frontier-era military campaigns with advanced weapons against indigenous threats is explicit.,The alien biology of pack minds and wolf nests requires constant adaptation. Sonic attacks disrupt consciousness. Medieval conditions differ fundamentally from the spacefaring technology that produced the cannons.
US,A Fire Upon The Deep,Chapter thirty-two,High contestation (frequent conflict or strategic struggle),Habitable and governable (permanent settlements can hold territory),"Extreme / effectively unreachable (generational, completely separate, or one-way-feeling distance)",Radically different / alien social order,Shared lingua franca plus local variation,Manageable but risky,Common (many people live/work there),"Highly fragmented political landscape (multipolar with many factions, corporations, colonies, microstates)",Political / diplomatic,Mixed civilian-military domain,Like cyberspace / networked or abstract domain,Moderately different (regular adaptation needed),"Three fleets pursue the OOB. Net propaganda war rages between Hanse, Harmonious Repose, and the Alliance. Greenstalk reveals the Blight's billion-year conspiracy through Skroderiders. Internal conflict aboard the OOB is intense.",The OOB is a self-contained habitat. Sjandra Kei was a permanent civilization of billions. Harmonious Repose has been continuously inhabited. Permanent settlement and governance are normal across the Beyond.,Three fleets are spread across a five-light-year cylinder. Messages travel through multiple hops across thousands of light-years. The Blight's influence spans billions of years of time. Distance and separation are extreme.,At least five Net participants are gaseous inhabitants of stellar coronas. Skroderiders are revealed as Blight-created tools spanning billions of years. Greenstalk describes being converted with no ability to resist. The social order is radically alien.,Triskweline is the trade language but translation degrades at depth. Messages pass through multiple language paths. The OOB's translator programs work slowly with alternative meanings. Communication is shared but increasingly imperfect.,The OOB functions but is pursued by three fleets. Internal distrust threatens the crew. Ship automation degrades. Greenstalk recovers but remains fragile. The situation is manageable but extremely precarious.,A million races watch the chase across the Net. Five thousand messages per hour speculate about the OOB. Billions inhabited Sjandra Kei. Space habitation is ubiquitous across the Beyond.,"The Alliance for the Defense, Sjandra Kei Commercial Security, the Blight fleet, Sandor Intelligence, Hanse, Harmonious Repose, and countless others all act independently. The political landscape is extremely fragmented.",Net newsgroup debates dominate the chapter. Ravna reconciles with Blueshell and Greenstalk. Propaganda and counter-propaganda shape galactic opinion. Internal diplomacy aboard the OOB resolves the standoff. The tone is deeply political.,Civilian Net newsgroups operate alongside military fleet pursuits. Ravna is a civilian navigating military threats. The OOB is a civilian ship in a military chase. The domain is thoroughly mixed.,The Known Net dominates the chapter with newsgroup messages and propaganda. The Blight's hidden weapon operates through networked skrode design. Information warfare and Net analysis drive the narrative. The cyberspace analogy is central.,Ship automation steadily degrades as they descend. Translation programs produce alternative meanings. The environment requires constant adaptation to lower capabilities. Physics differs increasingly from the higher Beyond.
US,A Fire Upon The Deep,Chapter thirty-three,High contestation (frequent conflict or strategic struggle),Habitable and governable (permanent settlements can hold territory),"Extreme / effectively unreachable (generational, completely separate, or one-way-feeling distance)",Radically different / alien social order,Shared lingua franca plus local variation,Extremely hostile (constant survival pressure),Common (many people live/work there),"Highly fragmented political landscape (multipolar with many factions, corporations, colonies, microstates)",Thriller / Horror / Survival,Mixed civilian-military domain,Like the ocean / naval,Radically non-Earth-like (physics/environment fundamentally unlike Earth experience),Three fleets converge on the OOB. Negotiations with Sjandra Kei fleet fail. The Blight may have infiltrated fleet command through Skroderiders. A Zone surge drops everyone into the Slow Zone. Strategic struggle pervades.,Fleet ships serve as habitable platforms. Sjandra Kei was a permanent civilization before destruction. The Dirokime dream terranes represented million-year settlements. Permanent habitation is the norm.,The Zone surge drops the OOB into the Slow Zone where a light-year takes years. Communication is lost. Ships are separated by light-years they can no longer cross quickly. Distance becomes effectively infinite.,Dirokimes are a million-year-old senescent race. The Fentrollar legend describes godshatter from a hundred thousand years ago. Evocation technology creates cartoon-like images of people. The social order spans alien timescales.,Samnorsk is used in encrypted communications. Evocations distort speech. Bandwidth drops to twenty bits per second. Mechanical translation fails completely in the Slow Zone. Communication degrades catastrophically.,The Zone surge traps everyone in the Slow Zone. Ship automation fails catastrophically. A fire destroys the workshop and armor. The OOB may be entombed for decades. Survival pressure is constant and extreme.,Large military fleets pursue the OOB. Billions were killed at Sjandra Kei. Countless civilizations exist across the Beyond. Space habitation remains common even as conditions worsen.,"Sjandra Kei Commercial Security, the Alliance fleet, the Blight fleet, individual ships like the Ylvira, and possibly Blight-infiltrated command all operate as separate factions. Fragmentation is total.",The Zone surge strands everyone in the Slowness. Fleet command may be compromised by the Blight. A ship fire destroys critical equipment. Communication fails. The tone is dominated by survival tension and horror.,Military fleet operations occur alongside civilian diplomacy. The OOB is a civilian ship negotiating with military vessels. Svensndot contemplates revenge while following military protocols. The domain is thoroughly mixed.,The Zone surge is explicitly described as a tsunami and monster wave. Sea storm analogies pervade the chapter. Ships are swallowed in a maelstrom. The trailing edge metaphor is oceanic. The naval analogy dominates.,"The Zone surge fundamentally changes physics: ultradrive stops working, computers become cretinous, translation fails, and light-speed becomes the absolute limit. The physical environment is radically unlike anything on Earth."
US,A Fire Upon The Deep,Chapter thirty-four,High contestation (frequent conflict or strategic struggle),"Limited settlement (small colonies, hard to sustain/control)","Extreme / effectively unreachable (generational, completely separate, or one-way-feeling distance)",Distinct space culture,"Mostly same, with dialect/slang differences",Extremely hostile (constant survival pressure),Exceptionally rare (few astronauts/explorers),Multiple distinct space polities,Political / diplomatic,Mixed civilian-military domain,Like the frontier / colonial expansion,Very different (human bodies/technology constantly challenged),"Steel plots to lure Woodcarver's army into an ambush at Margrum Climb, orders Johanna killed, and Flenser internally battles Tyrathect for soul dominance. Multiple factions scheme against each other in constant strategic struggle.","The human presence on Tines World consists of stranded children in coldsleep caskets, Jefri/Amdi in the starship, and Johanna with Woodcarver's forces. Settlement is minimal and precarious, dependent on alien hosts.","Communication with Ravna and OOB has been lost for days. The ultrawave is silent, and the characters are effectively cut off from the rest of the galaxy, making space feel unreachable.","The chapter is immersed in Tinish pack-mind culture. Flenser uses radio cloaks to spread himself across multiple locations simultaneously, a concept utterly alien to human experience. Steel's court operates by medieval pack politics.","Samnorsk is used as the common language between humans and Tines, with Dataset providing vocabulary. Flenser speaks it fluently. Tinish pack-talk with its chords and harmonics operates alongside human speech.","A severe heat wave and drought have caused widespread wildfires. Crops are dying, ash rains from the sky. Meanwhile Amdi's contact with the Countermeasure fungus results in filaments penetrating his lip, showing the alien environment's hidden dangers.","Only Jefri among the humans is present in this chapter, stranded with Amdi aboard the starship. Living in space or even on this alien world is extraordinarily rare for humans.","Steel's domain, Woodcarver's expanding realm, and Vendacious's double-agent operations represent distinct competing polities. Flenser operates as a hidden power player across multiple factions.","The chapter centers on political machinations: Steel plotting military ambushes, Flenser managing multiple identities and allegiances, and the internal soul-politics of Flenser consuming Tyrathect's identity.",Steel plans military operations at Margrum Climb while also managing civilian infrastructure. Flenser juggles military reconnaissance with Rangolith and domestic manipulation of Amdijefri.,"The territorial disputes over Starship Hill and surrounding lands, with fortified castles, cannon placements, and scouts on hilltops, resemble frontier colonial expansion with medieval overtones.","The Tines World environment is radically different from Earth. Pack-minds communicate through tympanic mindsound, radio cloaks enable distributed consciousness, and the Countermeasure fungus grows through walls and penetrates flesh with filaments."
US,A Fire Upon The Deep,Chapter thirty-five,High contestation (frequent conflict or strategic struggle),"Limited settlement (small colonies, hard to sustain/control)","Extreme / effectively unreachable (generational, completely separate, or one-way-feeling distance)",Distinct space culture,Shared lingua franca plus local variation,Extremely hostile (constant survival pressure),Exceptionally rare (few astronauts/explorers),"Highly fragmented political landscape (multipolar with many factions, corporations, colonies, microstates)",Thriller / Horror / Survival,Mixed civilian-military domain,Like the frontier / colonial expansion,Very different (human bodies/technology constantly challenged),"Vendacious orchestrates an assassination attempt on Johanna, is exposed as a double agent, and leverages his knowledge to negotiate survival. The Net posts show the Alliance for Defense destroying fleeing forces and claiming galactic victory.","Johanna is a lone human among Tines forces, tending wounded in a field hospital. The Net posts reference scattered pockets of humanity and civilizations trapped by Zone changes, all precarious settlements.","Communication with Ravna and space is completely severed. The Zonograph Eidolon bulletin describes the surge as unprecedented in ten million years, with navigation in the region extremely dangerous, making space effectively unreachable.","Tinish brood kenning, pack fragment rehabilitation, and the concept of building new minds from wounded singletons are deeply alien cultural practices. Johanna's human touch is itself culturally transformative, as fragments adopt her as part of themselves.","Samnorsk serves as lingua franca between Johanna and the Tines, while Tinish pack-talk with its layered chords operates in parallel. Pilgrim deliberately requests Vendacious speak Samnorsk so Johanna can understand. Net posts use multiple translation paths.","The hospital scene shows the brutal aftermath of combat injuries without anesthetics. Johanna is attacked, stabbed, and nearly killed. The Eidolon bulletin reports ten billion sophont deaths from the Zone surge alone.","Johanna is the only human present in the chapter's main action. The Net posts reference scattered pockets of humanity being hunted as vermin, emphasizing how rare and vulnerable human presence in space has become.","The Net posts reveal a highly fragmented political landscape: the Alliance for Defense, the Blight, Zonograph Eidolon cooperative, Twirlip of the Mists, plus the local Tines factions of Steel, Woodcarver, and Vendacious's independent schemes.","The chapter is dominated by thriller and survival elements: the assassination attempt on Johanna, Vendacious's torture and interrogation, and Pilgrim's tense bluff to rescue her from certain death.",The military camp prepares for battle while Johanna performs civilian hospital work. Vendacious operates as both security chief and covert agent. The Net posts mix military reports with scientific and philosophical commentary.,"The military encampment with its hospital, wagons, and cannon preparation resembles a frontier colonial army. The Net posts about Zone boundaries shifting like geological forces reinforce the frontier analogy.","Pack-mind biology dominates the environment: wounded singletons and fragments can be reassembled into new minds, and Johanna's lack of mindsound makes her uniquely suited to tend them. The Zone physics described in the Net posts show space itself has fundamentally different physical laws by region."
US,A Fire Upon The Deep,Chapter thirty-six,Total war / constant conflict,Cannot inhabit or hold territory,"Long-distance journey (years, major separation from Earth)",Distinct space culture,Shared lingua franca plus local variation,Extremely hostile (constant survival pressure),Uncommon (small specialist population),"Highly fragmented political landscape (multipolar with many factions, corporations, colonies, microstates)",Military / war,Mostly military,Like the ocean / naval,Radically non-Earth-like (physics/environment fundamentally unlike Earth experience),"A full-scale space battle dominates the chapter. Aniara fleet engages the Blight fleet, ships are destroyed on both sides, and the Alliance for Defense flees. The aftermath shows total devastation of the SjK forces.",All action takes place aboard ships in deep space. There is no habitation or territory holding; the surviving fleet must search for a new homeworld after losing Sjandra Kei. They are nomads in the void.,"The fleet is dozens of light-years from any habitable world. OOB is headed for Tines World, still over fifty hours away. Aniara fleet plans to search for years in coldsleep to find a new home, emphasizing extreme separation.","The crew includes humans and Dirokimes with distinct cultural practices. Glimfrelle's grief is expressed through untranslatable Dirokime profanity. The fleet renames itself Aniara, embracing an ancient human cultural reference to signify their exile.","Samnorsk serves as the common language between humans and Dirokimes, but Glimfrelle switches to his own language for emotional expression, with concepts that don't translate well into human speech.",Ships are destroyed by drone detonations. Ylvira takes a near-fatal hit of 200 rem gamma radiation. The crew faces potential death between the stars if life support fails. The surviving fleet must find a new home or die.,The remnants of Commercial Security are scattered across a hundred ships with perhaps a thousand Dirokimes and an unknown number of humans. Space habitation is limited to these military/commercial crews.,"The chapter features multiple competing factions: Aniara fleet, the Blight fleet, the Alliance for Defense (Aprahanti Hegemony), and the Out of Band as an independent party. Net newsgroups show thousands of civilizations debating the conflict.","The chapter is dominated by space combat: drone swarms, targeting tactics, ship-to-ship warfare at ultradrive speeds. The aftermath involves rescue operations and a fleet conference deciding their future.","The entire chapter concerns military operations: fleet command, battle tactics, combat engagements, and post-battle fleet reorganization. Even the final decision to seek a new homeworld is made in military council.","Space combat closely parallels naval warfare: fleets maneuver for position, ships launch drone swarms like torpedoes, commanders coordinate via comm channels, and the vocabulary includes terms like flagship, fleet captain, and rendezvous.","Combat occurs at ultradrive speeds of 8,000 times lightspeed, with ships jumping in and out of real space. The Zone physics creates a fundamentally alien environment where the rules of engagement depend on local physical constants."
US,A Fire Upon The Deep,Chapter thirty-seven,High contestation (frequent conflict or strategic struggle),"Limited settlement (small colonies, hard to sustain/control)","Long-distance journey (years, major separation from Earth)",Distinct space culture,Shared lingua franca plus local variation,Extremely hostile (constant survival pressure),Uncommon (small specialist population),Multiple distinct space polities,Military / war,Mixed civilian-military domain,Like the frontier / colonial expansion,Very different (human bodies/technology constantly challenged),"Multiple conflicts converge: Woodcarver assaults Steel's castle after reversing the Margrum Climb ambush, Steel plots to trap the arriving spacers, the Blight fleet is 48 hours behind OOB, and Flenser undermines Steel from within.","OOB arrives at Tines World with no infrastructure. Steel's castle and Woodcarver's army represent small, embattled settlements. The human presence consists of a handful of children and one ship crew.","OOB has traveled for months across dozens of light-years. They arrive at Tines World thousands of light-years from Earth or any major civilization, with the Blight fleet less than 50 light-years behind.","The Tines pack-mind culture dominates the ground scenes. Steel's court operates by alien political logic, and Flenser's radio-cloak omnipresence represents a form of consciousness impossible for humans. The convergence of space and ground cultures creates unique tensions.","Samnorsk is the lingua franca between humans and Tines, with Steel speaking broken Samnorsk to Ravna. Tinish pack-talk operates in parallel. OOB crew communicates with Jefri via radio while Pham and Blueshell argue in human speech.","OOB bounces dangerously around the solar system trying to match velocities, risking collision with the planet. Steel's castle is under artillery bombardment. Forest fires ravage the landscape. The Blight fleet arrives in 48 hours.","Only four beings crew OOB (two humans, two Skroderiders). On the ground, Jefri is the only human among thousands of Tines. Space habitation remains extremely limited.","Steel's domain, Woodcarver's forces, and the arriving OOB represent distinct polities with incompatible goals. Flenser operates as a hidden fourth power. The Blight fleet represents an external threat-polity.","Woodcarver's assault on Steel's castle, Steel's defensive preparations, and OOB's desperate approach under pursuit all drive the chapter's military narrative. Steel plans to weaponize the starship's landing.",OOB's arrival is a civilian rescue mission entering a military conflict zone. Steel plans to convert the civilian landing into a military trap. Woodcarver mixes governance with battlefield command.,"Steel's fortified castle with cannon emplacements, Woodcarver's siege tactics, and the struggle over territory around Starship Hill all evoke frontier colonial warfare. The arriving spaceship is treated like a supply ship reaching a besieged colonial outpost.","OOB's ultradrive roulette around the solar system, the Zone physics constraining technology, and the pack-mind alien biology all present environments fundamentally different from Earth experience."
US,A Fire Upon The Deep,Chapter thirty-eight,High contestation (frequent conflict or strategic struggle),"Limited settlement (small colonies, hard to sustain/control)","Long-distance journey (years, major separation from Earth)",Distinct space culture,"Mostly same, with dialect/slang differences",Extremely hostile (constant survival pressure),Exceptionally rare (few astronauts/explorers),Multiple distinct space polities,Military / war,Mixed civilian-military domain,Like the frontier / colonial expansion,Very different (human bodies/technology constantly challenged),"The chapter is dominated by active combat: Pham strafes Woodcarver's forces with a beam weapon from the lander, Steel manipulates the spacers into attacking his enemies, and Johanna desperately tries to stop the friendly fire. Multiple factions fight simultaneously.","OOB hovers above Starship Hill with no infrastructure. The castle dome shelters the refugee ship and coldsleep caskets, but this is a minimal, besieged settlement. The children in coldsleep represent humanity's fragile foothold.","OOB has traveled thousands of light-years to reach Tines World. The Blight fleet is 48 hours behind. Earth and galactic civilization are impossibly distant, with no possibility of reinforcement or rescue.","The convergence of space technology and Tinish medieval culture creates jarring contrasts: a beam weapon fired from an agrav lander destroys cannon crews, while Amdi explores secret castle tunnels. Steel uses Samnorsk awkwardly to manipulate alien visitors.","Samnorsk is the shared language but communication is strained. Steel's broken Samnorsk causes misunderstandings, and Amdi fluently mimics Jefri's voice to answer Ravna's math test. Pham's accent is noted as 'funny.'","The environment is immediately lethal: beam weapons melt cannon crews, arrows rain from castle walls, and fires engulf the hillside. Jefri fears for the coldsleep children whose caskets may be failing. The Blight arrives in hours.","Only Pham and Ravna crew OOB, with Blueshell and Greenstalk. On the ground, Jefri is alone among Tines. Johanna is the only other human on the planet. Space habitation is vanishingly rare.","Steel's domain, Woodcarver's army, and the OOB crew represent three distinct political entities with incompatible goals. Steel tries to use the spacers against Woodcarver while planning to betray them.","Active combat dominates: Pham fires beam weapons from the lander, Steel directs the attack via radio, Johanna races through artillery fire to be seen, and castle defenders fire arrows. The chapter is a sustained battle sequence.","The lander is used as a gunship, but the mission is a civilian rescue of Jefri and the coldsleep children. Pham operates the beam weapon while Blueshell pilots. The ground situation mixes medieval military siege with the arrival of space technology.",The scene of a technologically superior craft strafing a medieval battlefield while castle defenders fire arrows strongly evokes colonial frontier encounters. Pham explicitly compares it to how his father's castle looked to Qeng Ho landers.,"The environment blends incompatible technology levels: agrav landers hover over stone castles, beam weapons destroy muzzle-loading cannon, and pack-mind aliens interpret human voices through mindsound. The Zone physics constrains what technology works."
US,A Fire Upon The Deep,Chapter thirty-nine,Total war / constant conflict,"Limited settlement (small colonies, hard to sustain/control)","Long-distance journey (years, major separation from Earth)",Distinct space culture,Shared lingua franca plus local variation,Extremely hostile (constant survival pressure),Exceptionally rare (few astronauts/explorers),Multiple distinct space polities,Thriller / Horror / Survival,Mixed civilian-military domain,Like the frontier / colonial expansion,Very different (human bodies/technology constantly challenged),"Total conflict engulfs all parties: Steel orders oil poured into tunnels to kill Jefri, Woodcarver's forces storm the castle, Pham circles in the lander seeking targets, and Steel personally hunts Flenser in the corridors. Every faction fights simultaneously.","The castle is under siege from all sides. The refugee ship and coldsleep children represent the only human settlement, and Steel plans to destroy it all. The settlement is on the verge of total destruction.",The characters are thousands of light-years from any human civilization. Aniara fleet has departed. The Blight fleet closes in. There is no possibility of outside help or escape.,Flenser/Tyrathect's identity crisis represents a uniquely Tinish cultural phenomenon: a pack's internal soul war where the 'school teacher' personality defeats the 'Master' from within. This pack-mind psychology has no human equivalent.,"Samnorsk serves as lingua franca but breaks down under stress. Steel's Samnorsk deteriorates as he loses control. Tinish pack-talk dominates the ground scenes. Tyrathect relays Steel's Tinish speech, which Amdi translates for Jefri.","Every character faces immediate mortal danger: oil is poured into tunnels where children crawl, Steel arms himself with crossbows and a radio bomb, Johanna sits in a lander under fire, and the Blight fleet arrives in under 48 hours.","The tiny human presence consists of Pham and Ravna in space, Johanna in the lander, and Jefri crawling through tunnels. The coldsleep children remain unconscious. Humans are extraordinarily rare.","Steel, Woodcarver, Flenser/Tyrathect, and the OOB crew all operate as independent political actors. Vendacious remains a factor. The fragmentation intensifies as Steel's own forces begin to crack.","The chapter is pure thriller: Jefri and Amdi crawl through dark tunnels while oil is poured in above, Flenser and Steel confront each other in a deadly showdown, and Pham desperately circles the castle seeking the children before it's too late.","Military operations (Woodcarver's assault, Pham's lander) mix with civilian rescue (finding Jefri) and personal vendettas (Steel vs. Flenser). The refugee ship with sleeping children is the civilian heart of the military conflict.","The siege of a fortified castle, secret tunnels, crossbow duels, and oil-flooding evoke frontier colonial warfare. The spacers hover above like a colonial gunship, unable to intervene effectively in the ground conflict.","Pack-mind identity warfare (Flenser consuming Tyrathect but being subverted by her values), radio cloaks enabling distributed consciousness, and the intersection of medieval and space technology create an environment utterly unlike Earth."
US,A Fire Upon The Deep,Chapter forty,Total war / constant conflict,"Limited settlement (small colonies, hard to sustain/control)","Long-distance journey (years, major separation from Earth)",Distinct space culture,Shared lingua franca plus local variation,Nearly uninhabitable / lethal without major intervention,Exceptionally rare (few astronauts/explorers),Multiple distinct space polities,Thriller / Horror / Survival,Mixed civilian-military domain,Like the frontier / colonial expansion,Very different (human bodies/technology constantly challenged),"The climactic battle engulfs everyone: Jefri and Amdi crawl through oil-flooded tunnels, Steel hunts Flenser in a crossbow duel, Pham fires on Steel's troops, Blueshell drives through fire to rescue the children, and Woodcarver's forces storm the walls.",The human settlement consists of coldsleep caskets under a stone dome and a crashed lander. Blueshell's heroic death to rescue Jefri shows how precarious the entire human presence is on this world.,"The Blight fleet closes to within hours. OOB is stranded thousands of light-years from any help. The Net posts show civilizations across the galaxy watching helplessly as events unfold at this remote, off-network site.","Blueshell's alien Skroderider nature is central to the rescue: his fronds and skrode wheels allow him to traverse terrain impossible for others. The Net post from Society for Rational Investigation views the entire crisis as an observation opportunity, showing radically different cultural values.","Samnorsk is used between humans, Tines, and Blueshell's voder. Steel's Tinish commands contrast with Pham's English-accented Samnorsk. The Net posts use multiple translation paths across galactic languages.","Oil floods the tunnels where children crawl, fire engulfs the castle perimeter, Blueshell burns to death driving through flames, and the Blight fleet approaches with planet-destroying capability. Survival requires constant extreme intervention.","Only Pham, Johanna, and Jefri are the active humans. Blueshell is the sole Skroderider in the field. The coldsleep children remain unconscious. Human presence is vanishingly rare.","Steel's crumbling domain, Woodcarver's advancing forces, Flenser's independent action, and the OOB crew operate as separate political actors. The Net posts reveal galactic-scale political fragmentation as Sandor Arbitration falls.","Pure survival thriller: children crawling through oil-flooded tunnels, Blueshell's fatal drive through flames to rescue them, Pham fighting off packs with a nearly empty gun, and Steel's suicidal attempt to destroy everything.","Military assault (Woodcarver's forces, Pham's gunfighting) merges with civilian rescue (Blueshell saving the children). The Net posts contrast military reports with scientific observation interests.","The siege of a medieval castle with oil fires, crossbows, and secret tunnels, combined with a lone spacer firing a beam weapon, strongly evokes frontier colonial conflict between technological eras.","Blueshell's Skroderider biology allows him to drive through fire that would kill any human. Pack-mind aliens fight with collective consciousness. The Zone physics constrains all technology, and the approaching fleet operates under fundamentally different physical laws."
US,A Fire Upon The Deep,Chapter forty-one,High contestation (frequent conflict or strategic struggle),"Limited settlement (small colonies, hard to sustain/control)","Extreme / effectively unreachable (generational, completely separate, or one-way-feeling distance)",Distinct space culture,Shared lingua franca plus local variation,Harsh and resource-intensive,Exceptionally rare (few astronauts/explorers),Multiple distinct space polities,Drama,Mostly civilian with some military presence,Like the frontier / colonial expansion,Radically non-Earth-like (physics/environment fundamentally unlike Earth experience),"Though the battle is over, strategic struggle continues: Flenser negotiates peace with Woodcarver, Vendacious remains unpunished, and the Great Surge has potentially destroyed millions of civilizations. The final Net post shows a civilization desperately pinging for contact.",OOB is grounded and may never fly again. The human settlement consists of 151 coldsleep children about to be revived into a medieval alien world. Greenstalk is left alone on a tropical island. Settlement is fragile and minimal.,"Pham's Revenge has plunged thousands of light-years of space into the Slow Zone. FTL travel is permanently impossible. The characters are trapped, separated from all galactic civilization by distances that may take thousands of years to cross. The separation is complete and generational.","Tines and humans are forming a unique hybrid culture: Woodcarver plans schools for mutual learning, Pilgrim flies the agrav boat, and the pack race's ability to learn human knowledge while maintaining their distributed consciousness creates something entirely new.","Samnorsk remains the lingua franca. Pilgrim translates Flenser's pack-talk for Ravna in real time. Greenstalk's voder speech and Amdi's voice-mimicry add layers. The final Net post arrives in translated form, a last whisper from the dying galactic network.","Post-battle, the environment is harsh but manageable: fire-damaged landscape recovering, winter approaching, limited technology. OOB's automation is failing. But immediate survival pressure has eased with the Blight fleet trapped thousands of years away.","Ravna, Johanna, Jefri, and 151 sleeping children are the only humans on an entire planet. Greenstalk is the sole Skroderider. Space habitation is almost nonexistent; they are castaways.","Woodcarver's domain, Flenser's northern territory, and the nascent human-Tines community represent distinct polities negotiating new borders. The galactic scale shows the Blight (possibly destroyed), Aniara fleet seeking a new home, and the Society for Rational Investigation desperately pinging into silence.","The chapter is primarily drama: Pham's transcendent death activating the Countermeasure, Flenser's peace negotiations, Greenstalk's farewell to the sea, and the bittersweet epilogue of children stargazing at the sky their parents saved.","The military conflict has ended. The chapter focuses on civilian concerns: peace negotiations, plans for schools and child-rearing, Greenstalk's retirement, and the quiet domestic future of the colony. Military presence is background.","The epilogue reads as the founding of a colonial settlement: building schools, negotiating with indigenous powers, reviving colonists from coldsleep, and planning for a future that may take centuries. Pilgrim explicitly envisions building their own spaceships within two centuries.","Pham's activation of the Countermeasure literally changes the physics of the local universe, plunging thousands of light-years into the Slow Zone. The Zone boundary itself is an artifact of something beyond the Powers. Pack-minds, Skroderider reproduction in ocean surf, and the fundamental variability of physical constants make this environment radically unlike Earth."
US,A Fire Upon The Deep,Chapter 0,Moderate contestation (ongoing rivalry/disputes),"Limited settlement (small colonies, hard to sustain/control)","Extreme / effectively unreachable (generational, completely separate, or one-way-feeling distance)",Radically different / alien social order,"Mostly same, with dialect/slang differences",Harsh and resource-intensive,Exceptionally rare (few astronauts/explorers),Multiple distinct space polities,Political / diplomatic,Entirely civilian,Like the frontier / colonial expansion,Very different (human bodies/technology constantly challenged),Vendacious seeks out Tycoon to form an alliance against Woodcarver and the humans. The rivalry between factions is ongoing but not yet erupted into open conflict; it is scheming and positioning rather than war.,"The human presence on Tines World consists of Ravna, the children, and their starship Oobii. Vendacious describes this as a small but transformative settlement that has expanded Woodcarver's domain across the Northwest.","Space is completely unreachable. The characters are trapped in the Slow Zone after the Great Surge. The humans arrived from space but cannot return, making their journey effectively one-way and their separation from galactic civilization permanent.","The chapter is entirely immersed in Tinish pack-mind culture. Tycoon's factory district, the gatekeeper's grotesque numerousness, and the social dynamics of pack economics represent a radically alien social order. Humans are described as 'mantis monsters' by those who don't know them.","The chapter is conducted entirely in Tinish pack-talk. Vendacious knows the human word 'Oobii' and uses human terminology like 'mantis' and 'maggot,' showing Samnorsk loanwords entering Tinish speech. Dataset is referenced as a source of knowledge.","Vendacious is a fugitive with only one servant, reduced from power to begging at factory gates. The world is harsh for those without political protection. The humans are described as having crashlanded with limited resources.",Only one adult human (Ravna) and the children are mentioned. Living in space is impossible; even reaching this world was a one-time event. Humans are exotic 'mantis monsters' to most Tines.,"Woodcarver's expanding domain (aided by humans), Tycoon's commercial empire in East Home, and Vendacious's independent scheming represent multiple distinct polities with competing interests.","The chapter is entirely political: Vendacious manipulates Tycoon through carefully chosen revelations about the humans, seeking to build an alliance against Woodcarver. Every exchange is calculated diplomatic maneuvering.","The setting is Tycoon's commercial district, a factory and business empire. There is no military activity; the conflict is conducted through espionage, business relationships, and political maneuvering.","The humans are described as colonial invaders who arrived with superior technology and expanded their sponsor's territory. Vendacious frames them as parasitic colonizers who stole their technology, directly evoking colonial expansion narratives.","Pack-mind biology pervades every interaction: mindsounds constrain social distance, packs of varying numbers think at different levels, and the concept of 'fission siblings' sharing memories represents fundamentally non-human psychology."
US,A Fire Upon The Deep,Chapter 1,Moderate contestation (ongoing rivalry/disputes),"Limited settlement (small colonies, hard to sustain/control)","Extreme / effectively unreachable (generational, completely separate, or one-way-feeling distance)",Distinct space culture,"Mostly same, with dialect/slang differences",Harsh and resource-intensive,Exceptionally rare (few astronauts/explorers),Multiple distinct space polities,Drama,Entirely civilian,Like the frontier / colonial expansion,Very different (human bodies/technology constantly challenged),Ravna's nightmare about the Blight fleet reveals ongoing existential threat. The Zone alarm spike suggests the enemy could arrive sooner than expected. Contestation exists at the cosmic level (Blight vs. the galaxy) and locally (managing the children's revival and settlement).,"Ravna manages coldsleep caskets in catacombs under Woodcarver's castle. Half the children have been revived but some caskets are defective. The settlement is small, fragile, and dependent on failing technology from the Beyond.",They are trapped in the Slow Zone where nothing goes faster than light. The Blight fleet is thirty light-years away but cannot reach them for centuries. Ravna is thousands of light-years from reliable advice. The separation is total and permanent.,"Human children attend school alongside Tinish packs, creating a hybrid culture. The Straumer Lander's technology fails in the Slow Zone, forcing adaptation. Ravna struggles with the lack of automation that Tines World children find incomprehensible.",Samnorsk is implied as the shared language. Ravna communicates with Tinish packs and human children alike. The children's school mixes human and Tinish students. Technical terminology from the Beyond persists but the concepts behind it are failing.,"Coldsleep caskets are failing, threatening children's lives. The Lander's technology doesn't function properly in the Slow Zone. Ravna must manually manage systems that should be automated. Timor's growth has stopped due to revival complications.","Ravna is the only adult human on the planet. The children are slowly being revived but most remain in coldsleep. Humans are extraordinarily rare, a tiny population on an alien world.","Woodcarver's domain hosts the human settlement, but the Blight fleet represents a distant enemy polity. Ravna's nightmare shows the encysted Blight rebuilding and planning, suggesting multiple competing powers even at cosmic scale.","The chapter is dramatic rather than action-driven: Ravna's guilt over Timor's failed revival, her nightmare vision of the Blight, and the alarming Zone spike that suggests their safety may be temporary. Emotional and existential stakes dominate.","The scene is entirely civilian: managing children's coldsleep, running schools, maintaining failing technology. There is no military activity, only the distant threat of the Blight fleet that cannot yet reach them.","Ravna manages a colonial settlement of revived children in an alien land, dealing with failing imported technology and the need to become self-sufficient. The catacombs under a medieval castle housing space-age coldsleep caskets perfectly embody the frontier colonial experience.","The Slow Zone physics prevents most Beyond technology from functioning. The Lander was modified in the Transcend and contains the Countermeasure fungus. Zone physics can spike unpredictably, briefly allowing FTL phenomena. The physical environment operates under fundamentally different rules than Earth."
