country,book,chapter,q1,q2,q3,q4,q5,q6,q7,q8,q9,q10,q11,q12,q1_justification,q2_justification,q3_justification,q4_justification,q5_justification,q6_justification,q7_justification,q8_justification,q9_justification,q10_justification,q11_justification,q12_justification
US,Dune,front_matter,Other / Unsure,Other / Unsure,Other / Unsure,Other / Unsure,Other / Unsure,Other / Unsure,Other / Unsure,Other / Unsure,Other / Unsure,Other / Unsure,Other / Unsure,Other / Unsure,"The front matter consists of praise quotes, publication information, a bibliography, copyright notice, dedication, and table of contents. No narrative content to assess space contestation.",No narrative content is present. The dedication to dry-land ecologists hints at the novel's ecological themes but provides no information about territorial inhabitation in space.,No narrative content addresses journey distance or separation from Earth.,No narrative content addresses cultural differences between space and Earth.,No narrative content addresses language differences.,No narrative content addresses environmental hostility.,No narrative content addresses how common space habitation is.,No narrative content addresses political structures in space.,"The front matter is paratextual. Praise quotes reference politics, ecology, religion, and philosophy as themes, but this is not narrative content.",No narrative content addresses military vs civilian domains.,No narrative content addresses domain characterization.,No narrative content addresses physical differences of space from Earth.
US,Dune,Book ONE - Dune - Chapter 01,High contestation (frequent conflict or strategic struggle),Habitable and governable (permanent settlements can hold territory),"Long-distance journey (years, major separation from Earth)",Distinct space culture,Shared lingua franca plus local variation,Manageable but risky,Normalized / widespread (space habitation is ordinary for humanity),"Highly fragmented political landscape (multipolar with many factions, corporations, colonies, microstates)",Political / diplomatic,Mostly civilian with some military presence,Like the frontier / colonial expansion,Somewhat different (manageable environmental differences),The Atreides-Harkonnen rivalry is central: the Harkonnens held Arrakis for 80 years and the transfer of fief is described as containing 'the deadliest peril.' Hawat warns that popularity among the Great Houses arouses jealousy of the powerful. The Bene Gesserit operate their own secret political and breeding agendas.,Planets are governed as permanent fiefs under noble houses. Caladan has served the Atreides for twenty-six generations. Arrakis is held under CHOAM contract. The Imperial system of planetary governance is well-established and permanent.,"Space travel between worlds is routine but significant. The Reverend Mother complains about space travel and the Spacing Guild. Caladan and Arrakis are clearly distant worlds requiring meaningful transit, though exact distances are not specified.","The chapter reveals a deeply distinct interstellar culture: the Bene Gesserit sisterhood with its breeding programs, the Spacing Guild, the faufreluches class system, Mentats replacing computers after the Butlerian Jihad, and the Fremen desert people. This is not Earth society transplanted.","Characters share a common language but use specialized vocabulary from multiple traditions: Bene Gesserit terms (gom jabbar, Kwisatz Haderach), Arabic-derived words (Muad'Dib), and Imperial terminology (Padishah, Landsraad, CHOAM). The Orange Catholic Bible provides shared religious language.","On Caladan, the environment is benign (green farmlands, rivers). Arrakis is described as a desert planet, but the chapter takes place before arrival. The Reverend Mother finds space travel unpleasant but manageable. Overall risk comes from political enemies, not environment.","Interstellar civilization is fully established. Humanity has spread across many worlds with an Emperor, Great Houses, and a complex feudal-corporate structure. Living on different planets is completely normalized.","The political landscape includes the Padishah Emperor, the Great Houses of the Landsraad, CHOAM Company, the Spacing Guild, the Bene Gesserit, and independent groups like the Fremen. Multiple overlapping power structures compete for influence.","The chapter is dominated by political maneuvering: the dangerous gift of Arrakis as a fief, the Bene Gesserit's secret breeding program, and the test of Paul as a potential Kwisatz Haderach. Conflict is political and strategic rather than military.","The chapter focuses on civilian and political life: a noble household preparing to move, a religious order's testing ritual, and discussion of breeding programs and political alliances. Military elements (Master of Assassins, poisons) are present but secondary.",The transfer of planetary fiefs strongly evokes colonial expansion: House Atreides replaces House Harkonnen on Arrakis as colonial administrators extracting spice under CHOAM contract. The faufreluches class system and desert-edge Fremen evoke colonial frontier dynamics.,"Caladan is depicted as Earth-like with green farmlands and rivers. Arrakis is described as a desert planet, but the chapter takes place on Caladan. Space itself is traversed via the Spacing Guild but not described physically. The environment is largely familiar."
US,Dune,Chapter 02,High contestation (frequent conflict or strategic struggle),Extensive territorial occupation (many settled worlds/regions held like states or empires),"Extreme / effectively unreachable (generational, completely separate, or one-way-feeling distance)",Radically different / alien social order,Shared lingua franca plus local variation,Harsh and resource-intensive,Normalized / widespread (space habitation is ordinary for humanity),Multiple distinct space polities,Political / diplomatic,Mixed civilian-military domain,Like the frontier / colonial expansion,Moderately different (regular adaptation needed),"The entire chapter revolves around Baron Harkonnen's elaborate conspiracy to destroy House Atreides using a traitor, Sardaukar disguised in Harkonnen livery, and Imperial backing. The Baron, Piter, and Feyd-Rautha discuss plans-within-plans to seize Arrakis and eliminate a rival Great House.","The chapter depicts planetary fiefs held by Great Houses as permanent territories—Giedi Prime for the Harkonnens, Caladan for the Atreides, Arrakis being transferred. These worlds are governed like feudal estates within a larger interstellar empire.",Travel occurs between distant star systems via Guild heighliners. Earth is never mentioned; the setting is entirely interstellar with planets separated by vast distances requiring specialized Guild transport.,"Society is a feudal interstellar order with Mentats replacing computers (due to the Butlerian Jihad), Great Houses holding planetary fiefs, the CHOAM Company controlling commerce, and Sardaukar serving as Imperial shock troops. This bears no resemblance to modern Earth society.","Characters communicate in a shared language but use extensive specialized vocabulary—Mentat, Sardaukar, CHOAM, Landsraad, siridar, kanly—reflecting distinct cultural institutions and feudal terminology unique to this civilization.","Arrakis is described as a harsh desert planet whose environment is a major concern. The Baron notes the need for stillsuits and the difficulty of operations there, though Giedi Prime (the chapter's setting) appears industrially developed.","Living on various planets across the Imperium is completely ordinary. Characters discuss multiple worlds, interstellar commerce, and planetary governance as routine matters of political life.","The chapter depicts multiple competing power centers: the Emperor with his Sardaukar, the Great Houses (Harkonnen, Atreides, others in the Landsraad), the Spacing Guild, and CHOAM. These function as distinct political entities with their own interests and power bases.","The chapter is entirely focused on political scheming—the Baron's conspiracy against House Atreides, manipulation of CHOAM directorships, use of a traitor, and negotiations about dividing spoils. It reads as a political thriller.","The chapter blends military planning (Sardaukar assault, military conquest of Arrakis) with political and commercial scheming (CHOAM shares, the traitor, Imperial politics). Both civilian governance and military force are integral to the plot.","Planetary fiefs are granted and revoked by Imperial authority, with Houses sent to govern distant worlds much like colonial administrators. The transfer of Arrakis from Harkonnen to Atreides resembles colonial territorial reassignment.","Different planets have distinct environments—Giedi Prime is industrial, Arrakis is extreme desert, Caladan has oceans—requiring adaptation but all remaining humanly habitable without fundamental physical differences from Earth-like conditions."
US,Dune,Chapter 03,High contestation (frequent conflict or strategic struggle),Extensive territorial occupation (many settled worlds/regions held like states or empires),"Extreme / effectively unreachable (generational, completely separate, or one-way-feeling distance)",Radically different / alien social order,Shared lingua franca plus local variation,Harsh and resource-intensive,Normalized / widespread (space habitation is ordinary for humanity),Multiple distinct space polities,Drama,Mixed civilian-military domain,Like the frontier / colonial expansion,Moderately different (regular adaptation needed),"The Reverend Mother explicitly describes the 'three-point civilization' as an unstable tripod of Emperor, Landsraad, and Guild, with forces arrayed against House Atreides. Jessica is warned she may become a fugitive with every hand turned against her.","The chapter references multiple settled worlds governed by Great Houses within the Landsraad, with the Imperial Household and CHOAM overseeing interstellar commerce. Territories are held permanently as feudal estates across the galaxy.","Characters reference multiple distant worlds (Caladan, Arrakis, Wallach IX) connected only by Guild transport. Earth is entirely absent from the narrative; these worlds feel completely separate from any origin point.","The Bene Gesserit breeding program spanning generations, the Missionaria Protectiva planting religious beliefs on planets, the feudal trade culture that 'turns its back on most science,' and the Kwisatz Haderach prophecy create a social order entirely unlike anything on Earth.","Characters share a common language but employ specialized Bene Gesserit terminology (Kwisatz Haderach, Missionaria Protectiva, Proctor Superior) and political vocabulary (Landsraad, CHOAM) reflecting distinct institutional cultures.","Arrakis is described as 'terrible' enough that the Missionaria Protectiva had to soften conditions. Jessica is warned of becoming a fugitive there, and the planet's harshness is a recurring concern throughout the conversation.","Multi-planet habitation is completely normalized. Characters casually reference living on Caladan, training on Wallach IX, and moving to Arrakis. Interstellar civilization spanning many worlds is the unremarkable baseline of their existence.","The Reverend Mother explicitly describes three competing power centers: the Imperial Household, the Federated Great Houses of the Landsraad, and the Guild with its monopoly on interstellar transport, calling it 'the most unstable of all structures.'","The chapter is an intensely emotional confrontation between Jessica and the Reverend Mother about Jessica's choice to bear a son, its consequences for the breeding program, and her family's likely fate. Paul's prophetic dreams add a personal, dramatic dimension.","The discussion encompasses both military threats (Sardaukar, becoming fugitives) and civilian/political concerns (breeding programs, CHOAM voting percentages, the Bene Gesserit order). The domain is thoroughly mixed.","The Missionaria Protectiva explicitly prepares planetary populations for future Bene Gesserit exploitation, paralleling colonial missionary activity. Planetary fiefs are governed as colonial possessions within a feudal imperial structure.","Paul's dream contrasts Caladan's ocean environment with Arrakis's desert, where he must explain concepts like 'beach' and 'surf' to a native. Different planets have meaningfully different environments requiring cultural and physical adaptation."
US,Dune,Chapter 04,High contestation (frequent conflict or strategic struggle),Extensive territorial occupation (many settled worlds/regions held like states or empires),"Extreme / effectively unreachable (generational, completely separate, or one-way-feeling distance)",Radically different / alien social order,Shared lingua franca plus local variation,Extremely hostile (constant survival pressure),Normalized / widespread (space habitation is ordinary for humanity),Multiple distinct space polities,Adventure / exploration,Mixed civilian-military domain,Like the frontier / colonial expansion,Very different (human bodies/technology constantly challenged),"The chapter is saturated with preparation for conflict—Hawat trains Paul in security awareness, Halleck conducts intense combat training, and both emphasize that the Harkonnens are a real and imminent threat on Arrakis.","Planetary fiefs are held by Great Houses as permanent territories. The Atreides are leaving Caladan for Arrakis, and Salusa Secundus is referenced as another governed world, all within a vast interstellar empire.","Travel between star systems requires Guild heighliners. The move from Caladan to Arrakis is treated as a permanent relocation across interstellar distances, with characters noting they will likely never return.","Society features Mentats (human computers), shield-fighting with personal force fields, feudal warrior culture with bodkins and kindjals, and the language 'Galach' is explicitly named. This is entirely unlike modern Earth civilization.","Galach is explicitly mentioned as the language of Arrakis, alongside specialized vocabulary (stillsuits, Fremen, kindjal, bodkin, baliset). The Reverend Mother tells Paul each world has its own 'language' beyond spoken words.","Arrakis storms are described in terrifying detail—building across thousands of kilometers, reaching 700 km/h, capable of eating flesh off bones. Stillsuits recycle body moisture because water is so scarce, and the environment is presented as extremely dangerous.","Interplanetary habitation is completely ordinary. Characters casually discuss moving between worlds, Duncan Idaho has already gone ahead to Arrakis, and Hawat says 'Arrakis is just another place.'","The chapter references the Imperium with its Emperor, competing Great Houses (Atreides vs. Harkonnens), the Fremen as a distinct population, and the overall feudal political structure with multiple power centers.","The chapter focuses on preparation for a journey to a dangerous new world—training, learning about the destination, and the excitement and fear of departure. It reads as adventure/exploration narrative.","Weapons training and combat readiness dominate the chapter (shield fighting, rapier and kindjal work), but this occurs alongside civilian life at Castle Caladan. The military preparation is embedded in a broader civilian context.","The Atreides are relocating to govern a distant, harsh planet—studying its dangers, preparing for hostile conditions, and establishing presence among native populations (Fremen). This closely parallels frontier colonial expansion.","Arrakis is described as radically different from Caladan—extreme storms, no water, stillsuits needed to survive, conditions that can strip flesh from bone. The environmental challenges constantly threaten human survival."
US,Dune,Chapter 05,High contestation (frequent conflict or strategic struggle),Extensive territorial occupation (many settled worlds/regions held like states or empires),"Extreme / effectively unreachable (generational, completely separate, or one-way-feeling distance)",Radically different / alien social order,Shared lingua franca plus local variation,Extremely hostile (constant survival pressure),Normalized / widespread (space habitation is ordinary for humanity),Multiple distinct space polities,Drama,Mixed civilian-military domain,Like the frontier / colonial expansion,Very different (human bodies/technology constantly challenged),Yueh's internal conflict reveals the Harkonnen plot to betray the Atreides. His anguished thoughts about being chosen as the instrument of betrayal and the Harkonnens holding his wife hostage underscore the intense strategic struggle between the Houses.,"The Emperor commands transfer of planetary fiefs between Great Houses. Arrakis is discussed as a territory to be governed, with its own ecology, populations, and political dynamics, within a vast interstellar empire.","The 'crossing to Arrakis' is mentioned as requiring filmbook lessons during transit, implying a significant interstellar journey. Multiple planets are referenced as distant, separate worlds connected only by space travel.","The chapter features Suk School Imperial Conditioning (marked by a diamond tattoo), the Orange Catholic Bible printed on filament paper, Fremen with completely blue eyes from melange saturation, and sandworms over 400 meters long—a deeply alien social and ecological order.","Characters share a common language but use extensive specialized terminology—Suk School, Imperial Conditioning, Orange Catholic Bible, Fremen, melange, stillsuits—reflecting distinct cultural and institutional vocabularies.","Arrakis is described as having sandworms over 400 meters long, uninhabitable desert regions, dangerous storms, and 'many costly perils.' Even the Fremen children are described as violent and dangerous.","Space travel and multi-planet habitation are entirely routine. Paul will study during the crossing, filmbooks are standard educational tools, and relocating between planets is treated as an administrative matter.","The Emperor issues commands over planetary fiefs, Great Houses (Atreides, Harkonnens) compete for territories, the Fremen exist as a distinct autonomous population, and Yueh references a planetary ecologist (Dr. Kynes) serving the Imperial system.","The chapter is a character-driven drama centered on Yueh's tormented internal conflict—his guilt over the coming betrayal, grief for his wife Wanna, and his attempt to salve his conscience by giving Paul the Bible.","The scene is ostensibly civilian—a doctor giving a student lessons and a gift—but the underlying context is thoroughly military: preparation for a dangerous political-military transition, with betrayal and armed conflict looming.","Paul studies the ecology, populations, and geography of Arrakis before arriving—learning about native peoples (Fremen), wildlife (sandworms), and terrain. This mirrors colonial preparation for frontier settlement.","Arrakis features sandworms exceeding 400 meters, entirely uninhabitable southern regions, terranic life forms that adapted in mysterious ways, and environmental conditions fundamentally unlike anything on Earth or Caladan."
US,Dune,Chapter 06,High contestation (frequent conflict or strategic struggle),Extensive territorial occupation (many settled worlds/regions held like states or empires),"Extreme / effectively unreachable (generational, completely separate, or one-way-feeling distance)",Radically different / alien social order,Shared lingua franca plus local variation,Extremely hostile (constant survival pressure),Normalized / widespread (space habitation is ordinary for humanity),Multiple distinct space polities,Political / diplomatic,Mixed civilian-military domain,Like the frontier / colonial expansion,Very different (human bodies/technology constantly challenged),"The Duke reveals the full scope of the conspiracy—the Emperor and Harkonnens stockpiling spice to frame the Atreides, Sardaukar disguised in Harkonnen livery, and the strategic plan to counter with Fremen allies. The entire chapter is a strategic briefing on existential conflict.","Multiple worlds are governed as feudal fiefs—Caladan, Arrakis, Salusa Secundus, Giedi Prime. The Emperor commands transfer of planetary territories, and CHOAM directorships are tied to planetary governance across the Imperium.","Paul's first trip off-planet requires a Guild Heighliner, described as truly enormous—able to tuck all Atreides frigates and transports into a small corner. The journey across interstellar distances is routine but vast.","Mentat capabilities as human computer replacements, Guild secrecy so extreme that even their agents never see a Guildsman, possible mutation of Guild navigators, CHOAM controlling interstellar commerce, and Sardaukar forged on hell-worlds—all radically unlike Earth society.","Characters share a common language but use extensive specialized vocabulary—CHOAM, Heighliner, Sardaukar, Mentat, Landsraad—and the Duke mentions products from many worlds (Ecaz art forms, Richesse and Ix machines) implying cultural-linguistic variation.","The Duke explicitly compares Arrakis to Salusa Secundus, the Emperor's prison planet described as a 'hell world.' Both planets forge extraordinarily tough people through extreme environmental pressure, and survival is a constant struggle.","Interplanetary travel is completely routine. The Guild Heighliner carries many Houses' ships simultaneously, products flow between dozens of worlds through CHOAM, and moving between planets is an administrative matter.","The Duke identifies multiple competing power centers: the Emperor with Sardaukar, the Landsraad Great Houses, the Guild with its transport monopoly, the Harkonnens, and the Fremen as an independent force. Each operates with distinct interests and capabilities.","The entire chapter is a political-strategic briefing—the Duke explains CHOAM economics, Harkonnen stockpiling, Imperial conspiracy, and the Fremen gambit. It reads as a diplomatic/political thriller focused on power dynamics.","The discussion covers both commercial interests (CHOAM profits, spice economics) and military strategy (Sardaukar, Fremen as potential fighting force). The civilian economy and military power are thoroughly intertwined.",The Duke's plan to recruit native Fremen as a military force against Imperial troops closely parallels colonial strategies of allying with indigenous peoples. The Atreides are establishing governance over a frontier territory with native populations.,Arrakis and Salusa Secundus are described as hell worlds that forge people through extreme environmental pressure. The Guild may have physically mutated beyond human appearance. These environments are fundamentally challenging to human survival.
US,Dune,Chapter 07,High contestation (frequent conflict or strategic struggle),Extensive territorial occupation (many settled worlds/regions held like states or empires),"Extreme / effectively unreachable (generational, completely separate, or one-way-feeling distance)",Radically different / alien social order,Shared lingua franca plus local variation,Extremely hostile (constant survival pressure),Normalized / widespread (space habitation is ordinary for humanity),Multiple distinct space polities,Drama,Mixed civilian-military domain,Like the frontier / colonial expansion,Very different (human bodies/technology constantly challenged),"The chapter is suffused with danger—Harkonnen intrigues infest the planet, poison snoopers are needed over dining tables, security inspections are constant, and Jessica feels an oppressive sense of threat throughout the move into the government mansion.","The change of fief from Harkonnen to Atreides governance is the central event. The government mansion, garrison town, and administrative infrastructure demonstrate permanent territorial occupation across multiple worlds in the Imperium.","Jessica experiences acute homesickness for Caladan, noting the sky looks 'black and cold—so much darker than the warm blue of Caladan.' Crossbeams shipped across space at 'monstrous cost' emphasize the vast distances between worlds.","The Missionaria Protectiva's planted legends, the crysknife ritual with its elaborate cultural significance, water sellers crying in the streets, the Shadout title, Fremen customs around blood and water—all create a deeply alien social order unlike anything on Earth.","Multiple languages are explicitly named—Chakobsa, Bhotani Jib, and other hunting languages that Jessica knows as Bene Gesserit training. Fremen terms (Shadout, shai-hulud, crysknife) and ritual phrases demonstrate significant linguistic variation.","Water is so scarce that sellers cry in the streets, stillsuits are essential for survival, the Fremen have developed ultrafast blood coagulation as a moisture-conserving mutation, and the phrase 'the body's water is scant enough' reveals constant survival pressure.","Interplanetary habitation is routine—Guild shuttles deliver cargo, trained spice hunters exercise their option to leave with the change of fief, and establishing governance on a new planet is an administrative process.","The chapter features multiple political entities: the Emperor and Landsraad who installed the Judge of the Change, the Atreides assuming governance, the Harkonnens' former rule, the Fremen as an autonomous people with their own customs and prophecies, and the Guild operating cargo ships.","The chapter is driven by emotional drama—Jessica's fear and homesickness, the tense encounter with Mapes and the crysknife test, the strained relationship between Jessica and Leto, and the ominous atmosphere of the new home.","Arrakeen is described as a 'dirty, dusty little garrison town' with military security measures (poison snoopers, guard rooms, Hawat's inspections), but the chapter focuses on domestic civilian concerns—unpacking, hiring servants, room assignments.",The Missionaria Protectiva explicitly planted prophetic legends among the Fremen centuries ago to prepare for future Bene Gesserit exploitation—a direct parallel to colonial missionary activity. The Atreides govern a frontier territory with indigenous populations and imported infrastructure.,"Arrakis has a black, cold sky unlike Caladan's blue, no trees grow on the planet, water sellers work the streets, and the Fremen have physically mutated for moisture conservation. The environment is fundamentally different from Earth-like conditions."
US,Dune,Chapter 08,High contestation (frequent conflict or strategic struggle),Extensive territorial occupation (many settled worlds/regions held like states or empires),"Extreme / effectively unreachable (generational, completely separate, or one-way-feeling distance)",Radically different / alien social order,Shared lingua franca plus local variation,Extremely hostile (constant survival pressure),Normalized / widespread (space habitation is ordinary for humanity),Multiple distinct space polities,Drama,Mixed civilian-military domain,Like the frontier / colonial expansion,Very different (human bodies/technology constantly challenged),"Jessica predicts imminent bloodshed between Atreides and Harkonnens, describes the old feud stretching back to the Battle of Corrin, and notes Hawat's massive security operations including bribes and battalions of agents. The planet is described as a Harkonnen trap.","The chapter depicts governance transfer between Great Houses over planetary fiefs, with the Atreides establishing administration on Arrakis including installing windtraps, managing population water needs, and maintaining a treasury for planetary operations.","Caladan feels impossibly distant—Jessica notes the alien dark sky, barren landscape, and hostile conditions utterly unlike their homeworld. The psychological separation between worlds is profound even though physical travel occurred.","Water economics dominate social life—twenty date palms represent one hundred men's water rations, water sellers cry in streets, water riots occur with population changes, and spice at 620,000 solaris per decagram drives an economy unlike anything on Earth.","Characters share a common language but use specialized vocabulary—CHOAM, melange, solaris, crysknife, stillsuit—and Jessica mentions knowing ancient tongues. The Harkonnens' suppression of information creates knowledge barriers between groups.","Water scarcity creates constant survival pressure—water riots break out over population increases, date palms represent water that could sustain human lives, and Jessica notes the planet's hostility through its dark sky, dusty landscape, and lack of moisture.","Interplanetary habitation is routine—the Atreides have relocated their entire household across space, installed infrastructure, and are managing a planetary population. Yueh discusses spice economics as ordinary commerce.","Multiple political entities operate simultaneously: the Atreides establishing governance, Harkonnen agents and intrigues remaining active, the Emperor's authority over fiefs, CHOAM commercial interests, and the Fremen as an autonomous population.","The chapter is an intimate character drama—Jessica and Yueh share personal fears and vulnerabilities, Yueh struggles with his secret betrayal, and both characters reveal emotional depth through their conversation about love, duty, and loss.","Guards and shields are ubiquitous—Jessica describes them blurring everywhere—and Hawat's security operations dominate the background. Yet the chapter focuses on civilian domestic concerns: room assignments, water infrastructure, and personal relationships.","The Atreides are settlers on hostile frontier soil, managing native population tensions over resources (water), installing colonial infrastructure (windtraps, condensers), and facing the challenges of governing a distant territory with unfamiliar conditions.","The too-dark sky, absence of moisture, volcanic rock landscape, mysterious disappearing water wells, and alien ecology make Arrakis fundamentally unlike Earth. Jessica's scientific curiosity about the water mystery underscores how physically alien the environment is."
US,Dune,Chapter 09,High contestation (frequent conflict or strategic struggle),Extensive territorial occupation (many settled worlds/regions held like states or empires),"Extreme / effectively unreachable (generational, completely separate, or one-way-feeling distance)",Radically different / alien social order,Shared lingua franca plus local variation,Extremely hostile (constant survival pressure),Normalized / widespread (space habitation is ordinary for humanity),Multiple distinct space polities,Thriller / Horror / Survival,Mixed civilian-military domain,Like the frontier / colonial expansion,Very different (human bodies/technology constantly challenged),"A hunter-seeker assassination device is hidden in Paul's bedroom, representing direct lethal conflict. Mapes reveals a traitor among the Atreides, and the house must be sealed and searched—demonstrating that strategic struggle penetrates even domestic spaces.","The chapter references Arrakis as 'His Imperial Majesty's Desert Botanical Testing Station' from before spice discovery, showing long-standing Imperial territorial claims. The house itself is part of governance infrastructure on a held planet.",Paul recalls terranic species from Earth's past found 'now nowhere else in the universe except here on Arrakis.' The connection to Earth is so distant it's purely historical—species names are preserved only through filmbooks as relics of a forgotten homeworld.,"Hunter-seeker assassination technology, personal shield belts, suspensor fields, the Fremen concept of 'water burden' debts, and the cultural protocol around life-debts create a social order completely unlike modern Earth civilization.","Mapes uses distinctly Fremen vocabulary—'manling,' 'water burden,' 'black debts or white debts'—alongside the common language. Her speech patterns and cultural concepts require translation even within a shared linguistic framework.","An assassination device lurks in Paul's own bedroom, making even sleep dangerous. Beyond the human threat, the environment itself is hostile—the planet was designated a desert botanical testing station, and survival requires constant vigilance.","Paul studies Arrakis ecology from filmbooks as routine pre-settlement education. The infrastructure of interplanetary habitation—shield belts, suspensor technology, house controls—is mundane and taken for granted.","The Fremen operate as a distinct political entity with their own intelligence networks—Mapes knows about the traitor independently. The Atreides governance, Harkonnen agents, and Imperial authority all operate as separate power structures on Arrakis.",The hunter-seeker scene is pure survival thriller—Paul frozen in immobility while a lethal device quartering the room searches for movement. The tension of whether he can grab it before it kills him or Mapes creates gripping suspense.,"The chapter blends military security (hunter-seekers, shield belts, Hawat's men sealing the house) with civilian domestic life (a boy exploring his new room, a housekeeper delivering messages). Assassination and domesticity are intertwined.",The filmbook describes Arrakis as an Imperial botanical testing station with terranic species transplanted from humanity's origin world—a direct parallel to colonial cataloguing and transplantation of species to frontier territories.,"Arrakis preserves terranic species found nowhere else in the universe, has a unique desert ecology with sandworms, and the environment is so different from Earth that species names from humanity's homeworld require filmbook education to learn."
US,Dune,Chapter 10,High contestation (frequent conflict or strategic struggle),Extensive territorial occupation (many settled worlds/regions held like states or empires),"Extreme / effectively unreachable (generational, completely separate, or one-way-feeling distance)",Radically different / alien social order,Shared lingua franca plus local variation,Extremely hostile (constant survival pressure),Normalized / widespread (space habitation is ordinary for humanity),Multiple distinct space polities,Thriller / Horror / Survival,Mixed civilian-military domain,Like the frontier / colonial expansion,Very different (human bodies/technology constantly challenged),"The chapter layers multiple threats: Paul's hunter-seeker assassination attempt, Lady Fenring's coded warning about a traitor and Harkonnen plot, and mysterious signal lights on the Shield Wall cliffs indicating enemy agents communicating covertly.","The government mansion represents Imperial territorial governance. Spice silos stretch across the basin, and the conservatory's extravagant water use is a deliberate statement of colonial power over a planetary territory held as a fief.","Filter glass is installed to transform Arrakis's white sun into something resembling a distant homeworld's light. The conservatory itself recreates a wet-planet environment, emphasizing the vast physical and psychological distance between worlds.","Bene Gesserit coded communications hidden on leaf surfaces, palm-lock technology, airlock rooms to preserve humidity as statements of wealth, and a water economy where a single room's fountain could support a thousand people—all reflect a deeply alien social order.",A Galach inscription is found above the conservatory door. Lady Fenring's note uses Bene Gesserit code phrases recognizable only to initiates. Multiple layers of language and coded communication operate simultaneously.,"The conservatory uses enough water to support a thousand people, making it a shocking extravagance on a planet where water is life. Assassins hide in the house walls, and the environment requires airlock rooms even for indoor gardens.","Interplanetary habitation is routine—cargo shuttles deliver goods, spice silos fill the basin, and the infrastructure of planetary governance operates as a matter of course despite the hostile conditions.","Multiple political actors converge: the Atreides establishing governance, Harkonnen agents signaling from the Shield Wall, Lady Fenring (wife of the Emperor's proxy) leaving coded warnings, and the Fremen as an autonomous presence.","The chapter is a survival thriller—Paul bursts in with a destroyed hunter-seeker, Lady Fenring's hidden message warns of imminent danger, signal lights reveal enemy presence, and Jessica faces cascading threats to her family's survival.","Military security dominates (Hawat's corps guarding, sonic probes, sealing the house) but the scenes take place in domestic spaces—a conservatory with roses and a fountain, a mother protecting her son.","The conservatory is a colonial luxury—recreating a wet-planet environment at enormous cost in a desert colony. The spice silos stretching to the cliffs represent colonial resource extraction, and the government mansion is inherited colonial infrastructure.","Arrakis has a white sun requiring filter glass, no natural moisture for plant life, airlock rooms needed for indoor gardens, and an environment so hostile that even humidity must be sealed and conserved. The physical difference from Earth is extreme."
US,Dune,Chapter 11,High contestation (frequent conflict or strategic struggle),Extensive territorial occupation (many settled worlds/regions held like states or empires),"Extreme / effectively unreachable (generational, completely separate, or one-way-feeling distance)",Radically different / alien social order,Shared lingua franca plus local variation,Extremely hostile (constant survival pressure),Normalized / widespread (space habitation is ordinary for humanity),Multiple distinct space polities,Military / war,Mostly military,Like the frontier / colonial expansion,Very different (human bodies/technology constantly challenged),"The Duke rages about the assassination attempt on Paul, deploys 300 men for 'knife work' against Harkonnens, anticipates both open battle and secret warfare, and states there will be 'blood aplenty spilled before we're through.'","The Duke has formally taken possession of Arrakis by Imperial order, posting notices of authority. Frigates guard the landing field, spice operations continue, and Houses Minor control interior trade—all elements of permanent territorial occupation.","Leto looks up at the stars, identifies one as Caladan, and thinks 'I'll never again see my home.' The emotional and physical separation between worlds is presented as effectively permanent and profoundly painful.","The faufreluches caste system, the Judge of the Change overseeing fief transfers, Guild Heighliners controlling interstellar transport, spice hunters as specialized laborers, and ritualistic Imperial proclamations create a feudal social order entirely unlike modern Earth.","Halleck quotes extensively from religious and literary texts in a shared language, but specialized terms abound—faufreluches, spice drivers, dune men, weather scanners—reflecting distinct occupational and cultural vocabularies.","Soldiers joke about scrubbing with sand instead of showers, the gravity is 0.9G, the landscape is barren rock and blowing dust, and the Duke describes the central wastelands as an uncharted dry wilderness. The environment challenges basic human needs.","Troops arrive via shuttle from a Guild Heighliner, carrying spacebags as routine luggage. Interplanetary military deployment is treated as ordinary—men joke about gravity differences and conditions like soldiers arriving at any new posting.","The chapter depicts the Emperor's authority, the Duke's Atreides forces, Houses Minor as Harkonnen creatures, the Guild operating its Heighliner and cargo ships, a Judge of the Change mediating the transition, and the Fremen in the desert wastes.","The chapter is dominated by military operations—troop deployment, armored squad dispersal orders, recruiting fighters, sending men for covert knife work, and preparing for open and secret warfare against the Harkonnens.","The entire chapter takes place at a military landing field with arriving troops, frigates, shuttle operations, and military planning. The Duke functions as military commander, deploying forces, recruiting spice workers, and planning armed dispersal.","The Duke's formal proclamation of possession and deployment of armed forces to secure a new territory directly parallels colonial conquest. Recruiting local workers, establishing military outposts, and managing indigenous populations mirror frontier expansion.","Soldiers notice the different gravity (0.9G), the dust-hazed moonlit landscape is alien, there are no water showers, and the barren rock desert with blowing dust is fundamentally unlike any Earth environment they've known."
US,Dune,Chapter 12,High contestation (frequent conflict or strategic struggle),Extensive territorial occupation (many settled worlds/regions held like states or empires),"Extreme / effectively unreachable (generational, completely separate, or one-way-feeling distance)",Radically different / alien social order,Shared lingua franca plus local variation,Extremely hostile (constant survival pressure),Normalized / widespread (space habitation is ordinary for humanity),Multiple distinct space polities,Political / diplomatic,Mixed civilian-military domain,Like the frontier / colonial expansion,Very different (human bodies/technology constantly challenged),"The chapter depicts a war of assassins with 259 Harkonnen agents eliminated, anticipation of Sardaukar invasion, and intense strategic planning. The Duke demands five Fremen battalions to counter the coming attack and confiscates Harkonnen properties.","Arrakis is governed as a planetary fief with formal Imperial inventory, Judge of the Change oversight, spice production operations, and administrative infrastructure. The Duke discusses abandoned desert bases from the Imperial Botanical Testing Station era.","The operational scale is entirely self-contained on Arrakis—Guild transport costs limit even military deployments to a few battalions. Off-planet raids to Giedi Prime are mentioned as exceptional diversions, emphasizing the vast distances between worlds.","Stilgar's spitting as a gesture of honor, the crysknife ritual forbidding the unsheathed blade to be seen by outsiders, water as the bond between peoples, and the concept of 'a body's water' belonging to different allegiances create a deeply alien social order.","Halleck quotes extensively from the O.C. Bible, Fremen terms permeate the discussion (sietch, crysknife, Liet), and specialized vocabulary (kanly, carryall, thopter) reflects distinct cultural and occupational languages within a shared framework.","Sandworms can swallow entire 120-meter harvester factories, shields attract worms into killing frenzies, and spice harvesting requires constant readiness to flee. The environment makes even basic industrial operations a life-or-death gamble.","Guild Heighliners transport troops between worlds, frigates operate routinely, smuggler caravans run spice off-planet, and the entire spice economy depends on normalized interplanetary commerce and habitation.","The chapter features the Atreides government, Harkonnen underground cells, Fremen sietches with their own leader (Liet), smuggler operations, the Emperor's authority through the Judge of the Change, the Guild controlling transport, and CHOAM managing trade.","The chapter is a political-strategic conference—alliance negotiations with Stilgar, smuggler diplomacy plans, economic analysis of spice profits, confiscation strategies, and the delicate balancing of multiple political relationships.","Military planning (Fremen battalions, Sardaukar defense, assassination war) interweaves with economic management (spice profits, equipment repair, smuggler tithes, CHOAM audit preparation). The domain is thoroughly mixed.","The Atreides manage colonial resource extraction (spice harvesting), negotiate with indigenous peoples (Fremen alliance), deal with smugglers exploiting frontier lawlessness, and confiscate properties of the former colonial power's agents.","Shields are useless in the desert due to sandworm attraction, massive factory equipment can be devoured by worms, and the complete absence of water forces radical technological and tactical adaptations unlike anything on Earth."
US,Dune,Chapter 13,High contestation (frequent conflict or strategic struggle),Extensive territorial occupation (many settled worlds/regions held like states or empires),"Extreme / effectively unreachable (generational, completely separate, or one-way-feeling distance)",Radically different / alien social order,Shared lingua franca plus local variation,Extremely hostile (constant survival pressure),Normalized / widespread (space habitation is ordinary for humanity),Multiple distinct space polities,Political / diplomatic,Mixed civilian-military domain,Like the frontier / colonial expansion,Very different (human bodies/technology constantly challenged),"Hawat reveals an intercepted Harkonnen note suggesting Jessica is the traitor, plans are made for a raid on Giedi Prime's spice stockpiles, and the Duke recognizes the vendetta's sophisticated layering of deception and counter-deception.","The Duke discusses raiding Harkonnen stockpiles on Giedi Prime and potentially sending Fremen off-planet, demonstrating the multi-world territorial scope of the conflict. Imperial and Harkonnen spice storehouses exist across multiple planets.",The Duke looks up at stars and recognizes one might be Caladan—an impossibly distant world he'll never see again. Arrakis feels completely separate from the rest of the Imperium despite being connected by Guild transport.,The Fremen Mahdi prophecy—a messiah figure expected as a child of a Bene Gesserit—represents a planted religious system (Missionaria Protectiva) entirely unlike anything in modern Earth culture. Dew gatherers sweep fields at dawn to collect precious moisture.,"Fremen terms permeate the chapter—Mahdi, Lisan al-Gaib (Voice from the Outer World), kanly (vendetta)—alongside standard Imperial vocabulary, showing distinct local linguistic and cultural layers.",Dawn reveals dew gatherers sweeping flower fields to collect every drop of moisture—water is so precious that even morning dew must be harvested. The environment imposes constant survival discipline on all inhabitants.,"The discussion of raids on Giedi Prime, Guild transport costs for troop movements, and routine communications equipment setup all demonstrate that interplanetary operations and habitation are normalized aspects of civilization.","The Duke, Harkonnens, Emperor, Fremen (with their Mahdi prophecy), and the Guild all operate as distinct political entities with competing interests. Even within the Atreides camp, suspicion creates fractures.","The chapter is pure political intrigue—Hawat's suspicion of Jessica, the intercepted coded note, the Duke's anguished assessment of whether to trust his concubine, and the intelligence about the Mahdi prophecy's political implications.","Intelligence operations (intercepted notes, surveillance orders) mix with military planning (raids on Giedi Prime) and political considerations (the Mahdi prophecy, Fremen relations). The domain blends military and civilian concerns.",The Fremen's Mahdi prophecy—planted by the Missionaria Protectiva—parallels colonial missionary preparation of indigenous populations. The Duke's dawn observation of dew gatherers mirrors a colonial administrator surveying native practices.,"The predawn desert with its strange beauty—shattered red horizons, purple cliffs, flower fields from overnight dew that must be immediately harvested—presents an environment fundamentally different from any Earth landscape."
US,Dune,Chapter 14,High contestation (frequent conflict or strategic struggle),Extensive territorial occupation (many settled worlds/regions held like states or empires),"Extreme / effectively unreachable (generational, completely separate, or one-way-feeling distance)",Radically different / alien social order,Shared lingua franca plus local variation,Extremely hostile (constant survival pressure),Normalized / widespread (space habitation is ordinary for humanity),Multiple distinct space polities,Drama,Mixed civilian-military domain,Like the frontier / colonial expansion,Very different (human bodies/technology constantly challenged),"The Duke orchestrates the sham suspicion of Jessica to smoke out the real traitor, discusses guerrilla training as contingency, and contemplates the possibility of becoming a hunted renegade House—all signs of intense strategic struggle.","The chapter discusses planetary governance of Arrakis as a fief, manufacturing filmbase from spice residue, propaganda distribution, and the strategic implications of controlling spice production across the Imperium.","The Duke speaks of Caladan's sea and air power as a lost inheritance, replaced by the need for 'desert power.' The previous homeworld feels impossibly distant, and Arrakis represents a completely separate existence.",Spice permeates everything—breathed and eaten—providing immunity to common poisons. Water discipline controls all food production. The Duke's concept of 'desert power' replacing 'sea and air power' reflects a fundamentally different civilization.,"Paul reads filmclips using terms like Mahdi and Lisan al-Gaib, while the Duke discusses guerrilla strategy and propaganda in standard Imperial vocabulary. Multiple cultural-linguistic layers coexist.","The Duke describes Arrakis as potentially requiring moral compromises to hold, notes that flowers wilt under the early sun and are trampled by dew gatherers, and acknowledges the environment shapes all aspects of life including ethics.","Planetary habitation is routine—manufacturing filmbase, distributing propaganda through settlements, and managing a planetary economy are treated as ordinary administrative tasks.","The Duke discusses the Imperium, Harkonnen adversaries, the possibility of becoming a renegade or guerrilla House, and the Fremen's messianic expectations—multiple distinct political entities with competing interests.","This is an intensely emotional father-son scene—the Duke's fatigue and despair, his love for Jessica, his preparation of Paul for possible orphanhood, and his confession that the Great Houses have degenerated morally.","The Duke discusses guerrilla training, propaganda operations, and filmbase manufacturing alongside deeply personal family concerns. Military preparation and civilian governance are inseparable.","The Duke's concept of building 'desert power' on a frontier planet, using propaganda to win native loyalty, and preparing for guerrilla warfare parallels colonial frontier strategy with its blend of settlement and military control.","Spice saturation of the environment changes human biology (poison immunity), water discipline controls all food production, and the desert demands a complete rethinking of power structures—fundamentally different from Earth conditions."
US,Dune,Chapter 15,High contestation (frequent conflict or strategic struggle),Extensive territorial occupation (many settled worlds/regions held like states or empires),"Extreme / effectively unreachable (generational, completely separate, or one-way-feeling distance)",Radically different / alien social order,Shared lingua franca plus local variation,Extremely hostile (constant survival pressure),Normalized / widespread (space habitation is ordinary for humanity),Multiple distinct space polities,Adventure / exploration,Mixed civilian-military domain,Like the frontier / colonial expansion,Radically non-Earth-like (physics/environment fundamentally unlike Earth experience),"The missing carryall implies Harkonnen sabotage of spice operations. The Duke risks his life to save the crew, and the constant tension between Atreides, Harkonnens, and Fremen pervades every interaction during the desert flight.","The chapter depicts full-scale planetary governance—spice mining operations with crawlers, spotters, carryalls, working frequencies, and an entire industrial infrastructure across the desert. Kynes serves as Imperial Judge of the Change over the fief.",Kynes thinks of the Duke and his people as 'water-soft invaders' from distant worlds. The complete separation between off-world arrivals and desert-adapted natives underscores the vast distances between planetary civilizations.,"The stillsuit's detailed engineering—recycling perspiration, urine, and feces for water—represents technology and culture shaped by extreme conditions utterly unlike Earth. Fremen rituals around sandworms ('Bless the Maker and His water') reflect a deeply alien spiritual order.","Halleck sings O.C. Bible songs, Fremen shout 'Lisan al-Gaib,' Kynes uses desert terminology (drum sand, tidal dust basins), and military radio protocols operate simultaneously—multiple linguistic registers in one chapter.","Sandworms can swallow entire 120-meter crawlers, shields attract worms into killing frenzies, drum sand summons worms, tidal dust basins swallow the unwary, and survival time after a forced landing may be only 15-20 minutes.","Industrial spice mining with hundreds of workers, ornithopter flights, radio communications, and military escorts all operate as routine planetary operations. The Duke's troops arrive via Guild Heighliner as a matter of course.","Kynes serves the Emperor but has 'gone native' with the Fremen. The Atreides are new rulers, Harkonnen sabotage lurks behind the missing carryall, smugglers operate independently, and the Fremen maintain autonomous presence on the spice sands.","The chapter is a thrilling desert adventure—flying over alien landscape, observing spice mining, spotting a giant worm, racing to rescue the crawler crew before the worm arrives, and the dramatic moment when the worm swallows the factory.",A military escort accompanies civilian spice mining observation. The Duke commands both rescue operations and military guard positions. Industrial extraction and military protection are inseparable on the desert.,"The Duke arrives as a colonial governor inspecting resource extraction, accompanied by military escorts, interacting with a native-aligned imperial scientist (Kynes), and encountering indigenous people (Fremen) who know the land far better than the colonizers.","Sandworms with mouths twice the length of a 120-meter crawler, drum sand that summons worms with footsteps, tidal dust basins that swallow people, and a complete absence of water create an environment radically unlike anything on Earth."
US,Dune,Chapter 16,High contestation (frequent conflict or strategic struggle),Extensive territorial occupation (many settled worlds/regions held like states or empires),"Extreme / effectively unreachable (generational, completely separate, or one-way-feeling distance)",Radically different / alien social order,Shared lingua franca plus local variation,Extremely hostile (constant survival pressure),Normalized / widespread (space habitation is ordinary for humanity),Multiple distinct space polities,Political / diplomatic,Mixed civilian-military domain,Like the frontier / colonial expansion,Very different (human bodies/technology constantly challenged),"A Harkonnen agent is identified at the dinner table by Jessica's Bene Gesserit analysis. Coded messages reveal captured lasguns, the missing carryall was stolen by a Harkonnen agent, and the entire dinner is a battlefield of espionage and political maneuvering.","The dinner features representatives of the planet's power structure—water magnates, Guild Bank, smugglers, manufacturers—all operating within an Imperial fief. Kynes discusses transforming the planet's ecology, and Jessica holds the conservatory 'in trust for Arrakis.'","The Duke's imported Caladan wine and chef, the stillsuit manufacturer's amazement at food without melange, and the profound cultural gap between off-world arrivals and desert natives all emphasize the vast distance between planetary civilizations.","Water customs define social hierarchy—laving basins where beggars collect towel squeezings, flagons of water worth a family's yearly supply poured on the floor as a statement of power. Poison snoopers hang over tables, and Kynes speaks of Kwisatz Haderach.","Kynes asks Jessica about 'the shortening of the way' (Kwisatz Haderach), the banker is exposed through Giedi Prime speech patterns, desert sayings permeate conversation, and multiple coded languages operate simultaneously at the dinner.",The water at the dinner table could sustain a poor family for over a year. Beggars gather for towel squeezings. Kynes discusses the Law of the Minimum—water as the critical survival factor. Every social custom revolves around water scarcity.,"Interplanetary commerce and habitation are routine—the Guild Bank operates, smugglers run fast ships, imported goods from Caladan are served at dinner, and the entire spice economy functions as normalized interstellar trade.","The dinner assembles representatives of multiple power structures: the Atreides government, the Guild Bank (with a Harkonnen agent), the water magnate Bewt, the smuggler Tuek, Kynes representing both Imperial authority and Fremen interests, and various local entrepreneurs.","The entire chapter is a political dinner party where every word and gesture carries strategic weight—identifying agents, building alliances, making coded threats, and maneuvering for political advantage through social ritual.","Armed house troopers in footman uniforms line the walls while guests engage in political conversation. Jessica wears a crysknife, guards carry coded messages about lasguns, and the social event is inseparable from military security operations.","The colonial dinner party features imported luxuries (Caladan wine, chef) alongside local power brokers, water customs that reveal colonial exploitation, and the colonizer's dream of ecological transformation—classic colonial frontier dynamics.","Water scarcity defines every social interaction—dinner water could sustain families for years, beggars collect towel squeezings, and the planetary ecology requires fundamental transformation. The environment has shaped an entirely different social order from Earth."
US,Dune,Chapter 17,High contestation (frequent conflict or strategic struggle),Extensive territorial occupation (many settled worlds/regions held like states or empires),"Extreme / effectively unreachable (generational, completely separate, or one-way-feeling distance)",Radically different / alien social order,Shared lingua franca plus local variation,Extremely hostile (constant survival pressure),Normalized / widespread (space habitation is ordinary for humanity),Multiple distinct space polities,Drama,Mixed civilian-military domain,Like the frontier / colonial expansion,Very different (human bodies/technology constantly challenged),"Internal suspicion threatens to tear the Atreides household apart—Jessica is suspected as a traitor, Idaho is drunk and demoralized, and Hawat's security apparatus has been turned against the Duke's own concubine by Harkonnen manipulation.","The chapter discusses the Atreides governing their planetary fief, with references to command posts, security operations, and the administrative infrastructure of territorial control across multiple worlds.","Idaho's drunken rant—'Can't live under the ground here. Can't live on the ground here'—captures the soldiers' despair at being stranded on an alien world impossibly distant from Caladan, their true home.",The Bene Gesserit Voice—Jessica's ability to command Hawat's body against his will—demonstrates a social order built on superhuman abilities entirely unlike anything in modern Earth civilization. The Mentat-vs-Bene Gesserit confrontation reveals deep cultural divisions.,"Bene Gesserit terminology (Truthsayer, Voice), Mentat language, and military jargon coexist within the shared Imperial language. Jessica's reference to the lost star-searcher Ampoliros invokes ancient legends from humanity's deep past.","The men's morale crisis stems from the hostile environment—the sun is too bright, nothing has the right color, they can't live above or below ground comfortably. The planet itself is breaking down the soldiers' will to fight.","The chapter's domestic setting—guards, households, command posts, screen monitors—reflects the normalized infrastructure of interplanetary settlement, even as the characters struggle to adapt to their new world.","The Harkonnens manipulate Atreides internal politics through planted suspicion. Jessica and Hawat represent competing power centers within the Atreides household, while the broader conflict with Harkonnens and the Emperor drives the crisis.","The chapter is intensely dramatic—Idaho's drunken breakdown, Jessica's discovery that she's suspected as a traitor, and the powerful confrontation with Hawat where she demonstrates the Voice, all driven by personal emotion and loyalty.","Security surveillance, intelligence operations, and military command structures frame a deeply personal domestic crisis. Jessica wears a crysknife while confronting the Duke's intelligence chief in her sitting room.","The colonial troops' morale crisis—homesickness, inability to adapt to the alien environment, drunkenness, quarrels—mirrors the psychological breakdown of colonial soldiers far from home in hostile territory.","Idaho's complaint that 'the sun's too bright, nothing has the right color, everything's wrong' captures the fundamental physical alienation of living on a world where even basic sensory experience is profoundly different from Earth-like conditions."
US,Dune,Chapter 18,High contestation (frequent conflict or strategic struggle),Extensive territorial occupation (many settled worlds/regions held like states or empires),"Extreme / effectively unreachable (generational, completely separate, or one-way-feeling distance)",Radically different / alien social order,Shared lingua franca plus local variation,Extremely hostile (constant survival pressure),Normalized / widespread (space habitation is ordinary for humanity),Multiple distinct space polities,Thriller / Horror / Survival,Mixed civilian-military domain,Like the frontier / colonial expansion,Very different (human bodies/technology constantly challenged),"Yueh betrays Duke Leto by paralyzing him with a drugged dart and sabotaging the house shield generators, enabling the Harkonnen attack. Mapes and the smuggler Tuek are found dead or dying in the hallways.",The Harkonnen assault aims to seize the Atreides holdings on Arrakis. The entire conflict centers on Houses waging war over planetary control within an interstellar feudal empire.,Arrakis is a distant planet in a far-future interstellar civilization. Earth is never referenced; the characters exist entirely within a remote planetary setting far from any origin world.,"The chapter features Suk Imperial Conditioning supposedly making betrayal impossible, a poison-tooth assassination gambit, feudal Great Houses, and Fremen desert culture as an escape route—all radically unlike any Earth society.","Characters communicate in a shared language but use specialized vocabulary including kindjal, suspensor, krimskell fiber, pyretic conscience, and shaitan, reflecting both a common tongue and local/cultural linguistic variation.","Shield generators are essential for household protection on Arrakis. Yueh's sabotage of the generators leaves the house 'wide open' to attack, underscoring how hostile the environment is even before considering the desert conditions outside.",Interplanetary civilization with Houses governing different worlds is taken completely for granted. No character remarks on space travel or habitation as unusual.,"House Atreides, House Harkonnen, the Emperor (implied through Yueh's bargain), and the Fremen all operate as distinct political entities with separate interests and power structures.","The chapter is a tense betrayal scene: Leto finds dead bodies in dim hallways, is paralyzed by a dart, and faces Yueh's desperate scheme involving a poison tooth—classic thriller/horror tension throughout.",Leto acts as both Duke and military commander investigating sounds in his residence. Yueh is a civilian doctor turned instrument of warfare. The scene blends household domestic space with military takeover.,"The feudal planetary governance system with Great Houses holding and defending territory on Arrakis parallels colonial expansion, with distant territories governed by appointed rulers and contested by rival powers.","The desert planet requires shield generators, suspensor lamps, and specialized technology for basic survival. The physical environment of Arrakis with its dim stone hallways and harsh conditions is very different from Earth."
US,Dune,Chapter 19,Total war / constant conflict,Extensive territorial occupation (many settled worlds/regions held like states or empires),"Extreme / effectively unreachable (generational, completely separate, or one-way-feeling distance)",Radically different / alien social order,Shared lingua franca plus local variation,Extremely hostile (constant survival pressure),Normalized / widespread (space habitation is ordinary for humanity),Multiple distinct space polities,Thriller / Horror / Survival,Mostly military,Like the frontier / colonial expansion,Very different (human bodies/technology constantly challenged),"The Baron personally oversees captives, orders Jessica and Paul dumped in the desert for sandworms to consume. Guards attempt execution; Paul kills a guard in a desperate escape. Active warfare engulfs all characters.","The Baron offers Piter an entire duchy to govern on Arrakis as reward, demonstrating that planetary-scale territorial control is a tangible prize within the interstellar feudal system.",The action takes place entirely on distant Arrakis with no reference to Earth. The interstellar setting places this world at extreme distance from any origin point.,"Bene Gesserit Voice powers that compel obedience, Mentat-Assassins, Truthsayers who can detect lies, and a feudal hierarchy of Barons and Dukes create a social order radically unlike anything on Earth.","All characters communicate in a common language, but Bene Gesserit terminology (Voice, Truthsayer), Mentat jargon, and Arrakeen expressions pervade the dialogue, showing local linguistic variation.",Guards plan to leave captives in the desert where sandworms will destroy all evidence. Jessica's thought 'waste of moisture' about spilled blood shows how Arrakeen survival pressure has already shaped her thinking.,"The interstellar feudal civilization with routine planetary habitation is completely normalized. Characters discuss duchies, exile from the Imperium, and planetary governance without any sense of space travel being remarkable.","The Harkonnens, the Emperor (implied through references to the Truthsayer and the Emperor being 'in on this'), and the Fremen represent distinct political entities operating with separate agendas.","Jessica awakens bound and gagged, faces threatened sexual assault from guards, Paul kills a man with a desperate kick, and a pursuing ornithopter approaches as they escape onto open desert—intense survival thriller throughout.","The chapter is dominated by Harkonnen troopers with lasguns, military execution orders, combat escape, and pursuit by armed ornithopters. The Baron operates as a military commander directing operations.","Captives are dumped in hostile wilderness for the desert to kill them, paralleling frontier-era practices. The Baron's seizure and redistribution of planetary territory mirrors colonial territorial conquest.","The open desert with lethal sandworms, ornithopter flight over the Shield Wall, and an alien landscape of dunes and wind-carved palisades present a physical environment fundamentally different from Earth."
US,Dune,Chapter 20,High contestation (frequent conflict or strategic struggle),Extensive territorial occupation (many settled worlds/regions held like states or empires),"Extreme / effectively unreachable (generational, completely separate, or one-way-feeling distance)",Radically different / alien social order,Shared lingua franca plus local variation,Extremely hostile (constant survival pressure),Normalized / widespread (space habitation is ordinary for humanity),Multiple distinct space polities,Military / war,Mostly military,Like the frontier / colonial expansion,Very different (human bodies/technology constantly challenged),"The Harkonnen military takeover is underway with Sardaukar in disguised uniforms, bodies of house troopers in the hallways, and burning palm trees illuminating the conquered Atreides residence.","The Harkonnens seize the Atreides holdings on Arrakis with the Emperor's covert Sardaukar support, demonstrating planetary-scale territorial control within an interstellar feudal empire.",The action takes place on distant Arrakis in a far-future interstellar civilization. Earth is never referenced; multiple star systems are implied.,"Suk Imperial Conditioning, Sardaukar elite troops disguised in Harkonnen uniforms, feudal Great Houses, and the Emperor's covert involvement in planetary warfare create a social order unlike anything on Earth.","Characters communicate in a common language but use specialized institutional and cultural terms like Sardaukar, Bashar, Fremkit, and ducal signet throughout.","The desert planet is under military assault with palm trees ablaze as illumination. Yueh fears for Paul and Jessica's survival if sent into the desert, and prepares a Fremkit survival pack for them.",Interplanetary civilization with multiple inhabited worlds is taken for granted. No character treats space habitation or interstellar travel as remarkable.,"The Emperor's Sardaukar, House Harkonnen, remnants of House Atreides, and the Fremen as a potential refuge all represent distinct political entities with separate interests.","The chapter depicts a military occupation scene with Sardaukar officers, Harkonnen guard patrols, burning trees, and bodies in hallways—entirely a wartime setting.",Sardaukar and Harkonnen guards dominate every scene. Yueh is the only civilian present and is treated as a disposable tool of the military operation.,The planetary conquest with one Great House violently replacing another's governance directly parallels colonial seizure of territory by rival powers.,The desert planet requires Fremkits for survival and ornithopters for transport. Suspensor technology and the harsh Arrakeen environment are fundamentally different from Earth conditions.
US,Dune,Chapter 21,Total war / constant conflict,Extensive territorial occupation (many settled worlds/regions held like states or empires),"Extreme / effectively unreachable (generational, completely separate, or one-way-feeling distance)",Radically different / alien social order,Shared lingua franca plus local variation,Extremely hostile (constant survival pressure),Normalized / widespread (space habitation is ordinary for humanity),Multiple distinct space polities,Military / war,Entirely military / war-focused,Like the frontier / colonial expansion,Very different (human bodies/technology constantly challenged),Explosive artillery seals Atreides men in Shield Wall caves to die. Duke Leto is interrogated and ultimately killed. His poison gas tooth kills Piter and several guards. Total warfare pervades the entire chapter.,"The Baron plans successive planetary governors—first Rabban, then Feyd-Rautha—to consolidate control of Arrakis, demonstrating systematic territorial occupation and governance across worlds.","Multiple star systems are referenced: Caladan, Giedi Prime, Tleielax, and Arrakis. The vast interstellar distances place these worlds effectively separate from each other.","Mentats as human computers, poison snoopers over dining tables, suspensor-buoyed Baron, Sardaukar elite troops with disdain for non-Imperial forces, and feudal hierarchy create an alien social order.","All characters share a common language, but specialized vocabulary pervades: Mentat, semuta, colonel bashar, Truthsayer, and Sardaukar reflect institutional and cultural linguistic variation.","Artillery bombardment seals men in caves to die by starvation. The desert conditions on Arrakis compound the military threat, creating constant survival pressure.","Multiple inhabited worlds are mentioned casually—Caladan, Giedi Prime, Tleielax, Gamont. Interplanetary civilization is the completely ordinary backdrop.","The Emperor and his Sardaukar, House Harkonnen, the deceased House Atreides, and the Fremen all operate as distinct political entities. The Sardaukar colonel bashar's disdain for the Baron highlights the power dynamics.","The entire chapter is warfare: artillery bombardment, military interrogation, assassination by poison gas, guard promotions, and strategic planning for planetary governance.","Every scene involves military operations: artillery against cave positions, interrogation of a captured Duke, guard assignments, Sardaukar demands, and the Baron's strategic military planning.","The Baron plans successive colonial governors—first the brutal Rabban to pacify the population, then Feyd-Rautha as a welcomed savior—mirroring colonial strategies of subjugation and control.","Shield Wall caves, explosive artillery revived in a shielded-combat era, suspensor technology, poison snoopers, and the harsh desert planet present a physical environment fundamentally unlike Earth."
US,Dune,Chapter 22,High contestation (frequent conflict or strategic struggle),Extensive territorial occupation (many settled worlds/regions held like states or empires),"Extreme / effectively unreachable (generational, completely separate, or one-way-feeling distance)",Radically different / alien social order,Shared lingua franca plus local variation,Extremely hostile (constant survival pressure),Normalized / widespread (space habitation is ordinary for humanity),Multiple distinct space polities,Drama,Mixed civilian-military domain,Like the frontier / colonial expansion,Very different (human bodies/technology constantly challenged),Radio intercepts reveal Atreides forces being destroyed across Arrakis. Sardaukar in Atreides uniforms frame them for the Guild Bank attack. Systematic extermination of all Atreides survivors is underway.,"Multiple settled worlds are referenced (Caladan, Arrakis, Giedi Prime). The Guild controls interstellar travel while feudal Houses hold planets as territory within a vast interstellar empire.","Guild navigators guide ships across vast interstellar distances. Paul and Jessica are trapped on Arrakis by spice addiction, unable to leave without taking spice with them, emphasizing the extreme separation.","Bene Gesserit breeding programs spanning generations, the Kwisatz Haderach prophecy, prescient visions, Missionaria Protectiva planting religious myths on planets, and spice-induced consciousness expansion create a radically alien social order.","Characters share a common language but use extensive specialized vocabulary: Arabic-derived Fremen terms (tahaddi al-burhan, Muad'Dib, Shai-hulud), Bene Gesserit terminology, and Guild jargon.","Desert survival requires stillsuits, literjons of water, and stilltents. Spice is revealed as an irreversible addictive substance trapping them on the planet. The environment poses constant mortal threat.",Multiple inhabited worlds are mentioned casually. Paul's prescient vision shows new planets and cultures. Guild navigators routinely guide interstellar ships. Space habitation is completely ordinary.,"The Emperor, Harkonnens, Atreides remnants, Fremen, Bene Gesserit Sisterhood, and the Spacing Guild all operate as distinct political entities with separate agendas and power structures.","Paul's prescient awakening, grief over his father's death, identity crisis upon learning his Harkonnen heritage, and confrontation with his mother about his Bene Gesserit training make this a deeply personal dramatic chapter.",Radio intercepts of ongoing battle alternate with deeply personal scenes of grief and revelation. Paul plans military strategy while processing prescient visions and family revelations.,The Fremen are desert-adapted indigenous people paying the Guild for privacy. The Missionaria Protectiva plants myths like colonial missionaries. Paul envisions harnessing 'desert power' as a frontier resource.,"Stillsuits reclaim body moisture, stilltents provide desert shelter, Fremkit contains specialized survival equipment, and the spice-saturated environment alters human consciousness—fundamentally alien physical conditions."
US,Dune,Chapter 23,Total war / constant conflict,Extensive territorial occupation (many settled worlds/regions held like states or empires),"Extreme / effectively unreachable (generational, completely separate, or one-way-feeling distance)",Radically different / alien social order,Shared lingua franca plus local variation,Nearly uninhabitable / lethal without major intervention,Normalized / widespread (space habitation is ordinary for humanity),Multiple distinct space polities,Thriller / Horror / Survival,Mostly military,Like the frontier / colonial expansion,Very different (human bodies/technology constantly challenged),"Harkonnens systematically hunt survivors with lasguns and jetflares, 'killing anything that moves.' Distant battle is visible as pillars of fire and purple lasgun beams across the desert landscape.","Planetary-scale territorial control is being consolidated by the Harkonnens. Paul explicitly compares sea power on Caladan to desert power on Arrakis, showing how different worlds require different forms of territorial dominance.","Caladan is referenced as a distant lost homeworld. Paul and Jessica are trapped on Arrakis by spice addiction and Harkonnen blockade, completely separated from any other world.","Stillsuits, sand snorkels, static compaction tools, and Bene Gesserit training informing survival decisions create a radically different way of life. Jessica reflects on being a Harkonnen child given to the Bene Gesserit Sisterhood.","Characters share a common language supplemented by desert survival terminology (stilltent, sphincter seal, sand snorkel, literjons) and Fremen cultural references.","A sandstorm buries their tent completely. Survival depends on sand snorkels pumping air from the surface, stillsuits reclaiming water from breath and sweat. Without this technology, death would be immediate.",Multiple worlds and interstellar civilization are referenced as ordinary background. The comparison of sea power on Caladan to desert power on Arrakis assumes routine planetary habitation.,"Harkonnens, Sardaukar (Emperor's forces), Atreides remnants, and Fremen are all mentioned as distinct factions operating with separate interests on Arrakis.","Hunted fugitives emerge from a sand-buried tent into a night lit by distant battle. They see Harkonnen ornithopters hunting survivors, then spot aircraft closing in on their position—intense survival thriller.",Harkonnen hunting operations with lasguns and jetflares dominate the chapter. Paul and Jessica are military fugitives evading systematic pursuit by Harkonnen forces and Sardaukar.,Paul explicitly compares 'sea power and air power on Caladan' to 'desert power' on Arrakis. The distant battle is likened to 'an ancient naval battle.' Frontier survival and indigenous desert power are central themes.,"Sandstorms bury shelters completely, stillsuits reclaim moisture from breath, sand snorkels provide air underground, and static compaction tools stabilize sand—a physical environment radically unlike Earth."
US,Dune,Chapter 24,Total war / constant conflict,Extensive territorial occupation (many settled worlds/regions held like states or empires),"Extreme / effectively unreachable (generational, completely separate, or one-way-feeling distance)",Radically different / alien social order,Shared lingua franca plus local variation,Nearly uninhabitable / lethal without major intervention,Normalized / widespread (space habitation is ordinary for humanity),Multiple distinct space polities,Military / war,Entirely military / war-focused,Like the frontier / colonial expansion,Very different (human bodies/technology constantly challenged),Sardaukar hunt Atreides survivors while Fremen ambush and destroy entire patrols. A Fremen pilot sacrifices himself by ramming a captured ornithopter into a troop carrier carrying 300 men. Hawat is captured by Sardaukar.,"Over 2,000 ships and ten legions were deployed to seize Arrakis, with Guild passage costs equivalent to fifty years of spice income, demonstrating the scale of interstellar territorial warfare.","Hawat's men realize there is no returning to Caladan. They are completely separated from other worlds, stranded on distant Arrakis with no possibility of escape.","Fremen water culture renders the dead for their water—'a man's flesh is his own; the water belongs to the tribe.' Message-carrying bats with spice-blue eyes, Mentat analysis, and the Lisan al-Gaib prophecy define a radically alien social order.","Characters communicate in a common language, but Fremen terms (Lisan al-Gaib, sietch, water decision) and Imperial military terminology (Sardaukar, Bashar) create significant local variation.","Without stillsuits, Hawat's men cannot survive. Water must be reclaimed from the dead. Shields attract lethal sandworms. The environment kills without specialized desert survival equipment.",Thousands of ships transport entire legions across interstellar distances as routine military logistics. Multiple inhabited worlds are referenced casually.,"The Emperor's Sardaukar, House Harkonnen, Atreides remnants, Fremen tribes, and smuggler factions all operate as independent political entities with separate agendas.","The entire chapter depicts warfare: Fremen ambushes against Sardaukar, a suicide ramming attack on a troop carrier, and Hawat's eventual capture by Sardaukar paratroopers.","Every scene involves combat operations, military survival decisions, and tactical engagements between Fremen guerrillas, Atreides remnants, and Sardaukar forces.","Fremen as formidable indigenous guerrilla fighters resisting imperial occupation, tribal bonds forged through shared survival, and frontier warfare against technologically equipped colonial forces.","The desert requires stillsuits for survival, shields attract lethal sandworms, message bats with spice-blue eyes are used for communication, and compaction tools manage sand—a fundamentally alien physical environment."
US,Dune,Chapter 25,Total war / constant conflict,Extensive territorial occupation (many settled worlds/regions held like states or empires),"Extreme / effectively unreachable (generational, completely separate, or one-way-feeling distance)",Radically different / alien social order,Shared lingua franca plus local variation,Nearly uninhabitable / lethal without major intervention,Normalized / widespread (space habitation is ordinary for humanity),Multiple distinct space polities,Thriller / Horror / Survival,Mostly military,Like the frontier / colonial expansion,Very different (human bodies/technology constantly challenged),"Idaho dies fighting Sardaukar in a last stand. Paul and Jessica flee under shellfire from projectile weapons, pursued by Harkonnen ornithopters, and dive into a lethal sandstorm to escape.",Paul plans to challenge the Emperor before the Landsraad for illegal use of Sardaukar against a Great House. Planetary governance and interstellar political authority are the central issues.,"Arrakis is an isolated distant planet. Paul plans interstellar political strategy involving the Emperor, Landsraad, and Great Houses spanning many worlds across vast distances.","Fremen guerrilla networks with hidden bases, Imperial ecological testing stations, Bene Gesserit training, prescient visions, the Lisan al-Gaib prophecy, and Landsraad politics create a radically different social order.","Common language supplemented by Fremen terms (Liet, Lisan al-Gaib), Imperial political vocabulary (Padishah Emperor, Landsraad, Great Convention), and technical desert terminology.","They fly into a sandstorm with winds of seven to eight hundred kilometers per hour that 'cut metal like butter, etch flesh to bone.' The desert is immediately lethal without advanced technology.",Interstellar political institutions like the Landsraad and Great Convention operate routinely across many inhabited worlds. Space habitation is the completely ordinary backdrop.,"The Emperor, Landsraad Great Houses, Harkonnens, Fremen, and the Spacing Guild all function as distinct political entities with competing interests and separate power structures.","Idaho's desperate last stand, escape through secret tunnels, flight under shellfire, and diving into a sandstorm that can strip metal create intense survival thriller tension throughout.","Sardaukar attack the hiding place, Idaho fights to the death, Paul flees under shellfire, and military-political planning dominates. Only Kynes' ecological work is non-military.","Fremen as indigenous allies with hidden bases, eighty years of Harkonnen colonial rule producing secret escape tunnels and hidden aircraft, ecological testing stations as frontier outposts.","Sandstorms with winds of 700-800 kph, ornithopter flight through dust that strips metal, desert caves with hidden aircraft, and compaction tools define a radically alien physical environment."
US,Dune,Chapter 26,High contestation (frequent conflict or strategic struggle),Extensive territorial occupation (many settled worlds/regions held like states or empires),"Extreme / effectively unreachable (generational, completely separate, or one-way-feeling distance)",Radically different / alien social order,Shared lingua franca plus local variation,Extremely hostile (constant survival pressure),Normalized / widespread (space habitation is ordinary for humanity),Multiple distinct space polities,Political / diplomatic,Mixed civilian-military domain,Like the frontier / colonial expansion,Very different (human bodies/technology constantly challenged),"The Baron consolidates his conquest, orders Kynes assassinated, plans to enslave Hawat through a residual poison scheme, and instructs Rabban to brutally oppress the population. Sardaukar continue hunting Fremen.","Planetary governance of Arrakis is assigned to Rabban. The Baron demands sixty years of spice income to repay the enormous cost of military conquest, treating the planet as a colonial holding.","The Guild monopoly on interstellar transport, CHOAM Company channels for communication, and references to multiple distant worlds establish vast distances between star systems.","Mentats as human computers, residual poison and antidote mechanisms for controlling subjects, subverted Suk Imperial Conditioning, suspensor technology, and feudal House politics create a radically different social order.","Characters share a common language supplemented by institutional and political terms: CHOAM, Sardaukar, Mentat, regent-siridar, and Padishah Emperor reflect the cultural-institutional variation.",Sandstorms that nothing survives are taken as fact. Spice addiction traps people on Arrakis permanently. The Baron weaponizes the desert environment against enemies.,Guild transport of thousands of military ships across interstellar distances is discussed as routine logistics. Multiple inhabited worlds are referenced as ordinary parts of the Imperium.,"The Emperor, Harkonnens, Sardaukar, Spacing Guild, CHOAM, Fremen, and Houses Minor all function as distinct political entities with separate interests and power structures.","The Baron's political scheming dominates: manipulating Hawat with poison, instructing Rabban on colonial governance, managing the Emperor's perception, and planning the succession from Rabban to Feyd-Rautha.",Political scheming and colonial governance planning occur against the backdrop of military conquest. Rabban will command both civilian administration and military operations on Arrakis.,"The Baron explicitly instructs Rabban to squeeze the colonial population for income, describing them as 'slaves envious of their masters.' This is classic colonial exploitation of a conquered territory.","The desert planet with lethal sandstorms, spice addiction that permanently traps inhabitants, and suspensor technology for the Baron's obese body presents a physical environment very different from Earth."
US,Dune,Chapter 27,Moderate contestation (ongoing rivalry/disputes),Extensive territorial occupation (many settled worlds/regions held like states or empires),"Extreme / effectively unreachable (generational, completely separate, or one-way-feeling distance)",Radically different / alien social order,Shared lingua franca plus local variation,Nearly uninhabitable / lethal without major intervention,Normalized / widespread (space habitation is ordinary for humanity),Multiple distinct space polities,Thriller / Horror / Survival,Entirely civilian,Like the frontier / colonial expansion,Radically non-Earth-like (physics/environment fundamentally unlike Earth experience),"No direct conflict occurs; Paul and Jessica survive the sandstorm, crash-land, and trek through the desert. The chapter focuses entirely on environmental survival rather than combat against other factions.","References to Fremen territory, Guild spaceships, and the broader interstellar civilization imply extensive planetary habitation, though the focus is on immediate desert survival.","Jessica's memories of Caladan—its jungles, rice paddies, and oceans—emphasize the impossibly distant, lost quality of their former home. They are completely stranded on Arrakis.",Bene Gesserit bindu suspension allows Jessica to survive burial in sand. Paul uses prescient awareness and improvises spice-based chemistry. Stillsuit culture and Fremkit tools define a radically different way of life.,"Common language supplemented by specialized vocabulary: bindu suspension, prana-musculature, Kitab al-Ibar, Fremkit, thumper, maker hooks, and other Fremen and Bene Gesserit terms.","Sandworms devour the crashed ornithopter. Sandslides bury Jessica alive. Water is desperately scarce—even hawk can sense it from great distance. Survival requires stillsuits, desert knowledge, and chemical improvisation.","Paul casually compares worms to Guild spaceships in size, showing routine familiarity with interstellar vessels. Space habitation is the ordinary backdrop to their desert survival.","References to Fremen territory, the Spacing Guild, and the broader political landscape of the Imperium imply multiple distinct political entities operating across the universe.","Jessica is buried alive in a sandslide, Paul desperately digs her out, they improvise chemistry to recover their buried pack, and massive worms patrol the desert around them—intense survival throughout.","No military action occurs. Paul and Jessica are civilians surviving in the desert through Bene Gesserit training, ingenuity, and knowledge of desert ecology.","Pure frontier survival in hostile wilderness. Paul and Jessica trek through unknown desert terrain, improvise survival tools, and seek refuge with the indigenous Fremen people.","Sandworms bigger than space frigates devour aircraft, lethal sandslides trap people, spice-based chemistry produces stabilizing foam, and hawks sense water from great distances—the environment is fundamentally unlike Earth."
US,Dune,Chapter 28,High contestation (frequent conflict or strategic struggle),Extensive territorial occupation (many settled worlds/regions held like states or empires),"Extreme / effectively unreachable (generational, completely separate, or one-way-feeling distance)",Radically different / alien social order,Shared lingua franca plus local variation,Extremely hostile (constant survival pressure),Normalized / widespread (space habitation is ordinary for humanity),Multiple distinct space polities,Drama,Mixed civilian-military domain,Like the frontier / colonial expansion,Very different (human bodies/technology constantly challenged),"Beast Rabban returns to oppress Arrakis. Harkonnens hunt Fremen with lasguns in a pogrom. Halleck's force has been reduced from 300 to 73 by Sardaukar attacks, and another man dies of wounds during the chapter.","Multiple settled worlds are referenced. Smugglers operate interstellar trade routes under Guild contract. Halleck's Caladan-born men are stranded on Arrakis, a conquered territory within the feudal Imperium.","Caladan-born men have lost everything and cannot return home. Smugglers offer possible passage off Arrakis but only after working off a debt, emphasizing the extreme separation between worlds.",Smuggler sietches carved from rock replicate space frigate control centers. Guild contracts govern smuggler behavior. Fremen water customs and the spice trade economy create a radically different social order.,"Characters share a common language supplemented by smuggler and Fremen vocabulary (sietch, spice lighters, baliset) and cultural references unique to Arrakis.",Only outpost medicine is available and men die of wounds that could be treated elsewhere. The desert is explicitly called 'our enemy' by the smuggler leader. Survival requires constant vigilance.,"Guild routes, spice lighters, space frigates, and interplanetary smuggling operations are referenced casually as routine aspects of civilization.","Smugglers under Guild contract, Harkonnens, Fremen, Sardaukar, and the broader Imperium all operate as distinct political entities with separate interests and territorial claims.","Halleck's grief over his lost Duke, the emotional choice between vengeance and survival, and the dying soldier Mattai requesting a farewell song make this a deeply personal dramatic chapter.","Smuggler operations are civilian commerce, but Halleck brings trained military men into the organization. The line between military and civilian blurs as fighting men become smuggler operatives.","Smuggler outposts carved from desert rock, frontier survival dynamics, indigenous Fremen as both potential allies and unknowns, and colonial occupation and resistance patterns define the setting.","Desert requiring stillsuits, rock-carved smuggler bases hollowed with cutteray burners, a spice-based trade economy, and no proper medical facilities create an environment very different from Earth."
US,Dune,Chapter 29,Moderate contestation (ongoing rivalry/disputes),Extensive territorial occupation (many settled worlds/regions held like states or empires),"Extreme / effectively unreachable (generational, completely separate, or one-way-feeling distance)",Radically different / alien social order,Shared lingua franca plus local variation,Nearly uninhabitable / lethal without major intervention,Normalized / widespread (space habitation is ordinary for humanity),Multiple distinct space polities,Thriller / Horror / Survival,Entirely civilian,Like the frontier / colonial expansion,Radically non-Earth-like (physics/environment fundamentally unlike Earth experience),"No direct combat with enemy factions occurs. Paul and Jessica cross the desert avoiding worms using thumpers and arrhythmic walking. At chapter's end, Fremen confront them demanding their water, introducing new tension.",The Fremen control deep desert territory marked with guide poles and carved stone stairways. The broader interstellar civilization with its feudal Houses and Guild transport is implied background.,"Paul and Jessica are completely isolated in Arrakis's deep desert, far from any civilization, with no way to contact other worlds or receive help.","Thumpers summon and divert sandworms, arrhythmic walking prevents detection, Fremen claim water rights from strangers' flesh, and hidden desert oases are maintained by indigenous people—all radically unlike Earth society.","Common language supplemented by extensive Fremen desert vocabulary: thumper, drum sand, maker hooks, sietch, and Bene Gesserit terminology like bindu and prana-musculature.",A sandworm with an eighty-meter mouth and crystal teeth pursues them. Drum sand creates lethal resonance that attracts worms. Arrhythmic walking is required for basic survival. Water is scarce enough to kill for.,"References to the interplanetary civilization are background context. The focus is entirely on desert survival, but space habitation remains the normalized backdrop.","Fremen territorial control of the deep desert, Harkonnen occupation of cities, and the broader Imperium represent distinct political entities with separate interests and power.",A sandworm with crystal teeth and an eighty-meter mouth pursues them across open desert. Drum sand nearly betrays their position. Fremen threaten to harvest their water—intense survival horror throughout.,"Pure survival scenario with no military action. Paul and Jessica are fugitives navigating the desert using only civilian training, Bene Gesserit skills, and Fremkit tools.","Frontier wilderness survival in unknown territory, encountering indigenous people who may be hostile, following marked trails with guide poles like frontier way-markers through dangerous wilderness.","Giant sandworms with crystal teeth and cinnamon breath, drum sand creating dangerous resonance, hidden desert oases, and the need for arrhythmic walking create an environment fundamentally unlike Earth."
US,Dune,Chapter 30,High contestation (frequent conflict or strategic struggle),Extensive territorial occupation (many settled worlds/regions held like states or empires),"Extreme / effectively unreachable (generational, completely separate, or one-way-feeling distance)",Radically different / alien social order,Shared lingua franca plus local variation,Nearly uninhabitable / lethal without major intervention,Normalized / widespread (space habitation is ordinary for humanity),Multiple distinct space polities,Drama,Mixed civilian-military domain,Like the frontier / colonial expansion,Radically non-Earth-like (physics/environment fundamentally unlike Earth experience),"Kynes has been left to die by Harkonnen troopers as punishment for helping the Atreides fugitives. He sends messages to Fremen sietches commanding them to protect Paul, continuing the strategic struggle even as he dies.","Kynes is Imperial Planetologist overseeing a planet-wide ecological transformation. Fremen sietch villages are distributed across the desert territory, operating as organized communities within the broader Imperium.",Kynes is stranded on the open desert of a distant planet with no possibility of rescue. The interstellar distances and spice addiction ensure complete separation from other worlds.,"Pre-spice masses forming underground, little makers (sandtrout) controlling planetary water cycles, generational terraforming plans, and Fremen ecological religion create a radically different social and natural order.","Common language with specialized ecological vocabulary (terraform, qanat, windtrap moisture precipitators, mass-ratio) and Fremen spiritual-ecological terminology.",Kynes dies without a stillsuit as the desert burns moisture from his body. A pre-spice blow—an underground CO2 explosion—swallows him. Hawks circle as carrion-eaters. The planet literally kills him.,Kynes' role as Imperial Planetologist and references to planet-wide ecological management show that interstellar governance and planetary habitation are normalized aspects of civilization.,"Imperial governance (Kynes as Emperor's planetologist), Harkonnen military occupation, and Fremen sietch communities all operate as distinct political entities with separate interests.",A dying ecologist hallucinates conversations with his dead father while hawks circle as carrion-eaters. His final thoughts blend profound ecological philosophy with the bitter irony of his planet killing him.,Kynes is a civilian scientist killed by military forces. His ecological mission intersects fatally with the military conflict between Houses. Fremen serve both as ecological collaborators and warriors.,A multigenerational project to terraform an entire planet's ecology mirrors frontier-era environmental transformation. Fremen as indigenous ecological partners working toward a shared vision of planetary change.,"Pre-spice blows (underground CO2 explosions), sandtrout controlling planetary water cycles, giant sandworms, and a nitrogen-oxygen atmospheric balance maintained without plant cover are fundamentally alien phenomena."
US,Dune,Chapter 31,High contestation (frequent conflict or strategic struggle),Extensive territorial occupation (many settled worlds/regions held like states or empires),"Extreme / effectively unreachable (generational, completely separate, or one-way-feeling distance)",Radically different / alien social order,Shared lingua franca plus local variation,Extremely hostile (constant survival pressure),Normalized / widespread (space habitation is ordinary for humanity),Multiple distinct space polities,Adventure / exploration,Mostly military,Like the frontier / colonial expansion,Very different (human bodies/technology constantly challenged),Armed confrontation between Paul and Jessica and Stilgar's Fremen band. Jessica physically subdues Stilgar; Paul disarms Jamis in combat. Sanctuary is negotiated under threat of violence.,"Fremen control deep desert territory with organized sietch communities. The broader Harkonnen and Imperial occupation of Arrakeen cities operates in parallel, demonstrating layered territorial control.","Paul and Jessica are deep in the desert, completely cut off from other worlds. The Harkonnens believe them dead. Their separation from interstellar civilization is total.","Fremen water culture allows killing strangers for their water. Crysknives are sacred weapons. The Chakobsa hunting language, Missionaria Protectiva prophecies, and Bene Gesserit weirding way as combat currency create a radically alien social order.","Common language alongside Chakobsa (ancient hunting language), Fremen terms (sietch, bakka, cielago, mihna, aql, taqwa, Lisan al-Gaib), and Bene Gesserit vocabulary create extensive linguistic variation.",Fremen law dictates that those untrained in desert survival must be killed as a liability to the tribe. The environment is so hostile that carrying dead weight endangers everyone's survival.,"References to the Imperium, the Guild, and multiple inhabited worlds serve as background, showing space habitation as the normalized condition of humanity.","Fremen sietches, Harkonnens, the Imperium, and the Bene Gesserit Sisterhood all operate as distinct political entities with separate governance structures and cultural practices.",Paul and Jessica enter Fremen society through combat and negotiation. Paul meets Chani for the first time. They begin a journey to Sietch Tabr—the start of a new adventure within desert culture.,Fremen travel as a military company with flankers and squad formation. Jessica's combat ability is the key currency for negotiating sanctuary. The entire Fremen culture is organized along military lines.,"Outsiders prove their worth through combat to join an indigenous warrior society, adopting local customs and receiving tribal protection—classic frontier dynamics of cultural encounter.","Projectile weapons replace shields in the desert, crysknives serve as sacred weapons, desert travel requires specialized rhythmic walking, and hidden cave dwellings define a physical environment very different from Earth."
US,Dune,Chapter 32,High contestation (frequent conflict or strategic struggle),Extensive territorial occupation (many settled worlds/regions held like states or empires),"Extreme / effectively unreachable (generational, completely separate, or one-way-feeling distance)",Radically different / alien social order,Shared lingua franca plus local variation,Extremely hostile (constant survival pressure),Normalized / widespread (space habitation is ordinary for humanity),Multiple distinct space polities,Political / diplomatic,Mixed civilian-military domain,Like the frontier / colonial expansion,Very different (human bodies/technology constantly challenged),"Tensions simmer within the Fremen troop regarding Jessica and Paul's status. Paul's prescient vision reveals a time nexus where most paths show his own death by knife, foreshadowing the coming ritual challenge.",The Fremen conduct a multigenerational terraforming project and bribe the Guild with spice to keep satellites away from Arrakis. Their organized sietch communities control deep desert territory.,"Paul and Jessica are permanently trapped on Arrakis. The Fremen terraforming project spans generations, showing complete commitment to this distant planet with no expectation of leaving.","Missionaria Protectiva legends shape Fremen religion, Sayyadina priestesses lead ceremonies, worm-riding is glimpsed in a mirage, and adab (demanding memory) produces involuntary prophetic recitation—all radically unlike Earth society.","Common language alongside extensive specialized vocabulary: adab, Sayyadina, Chakobsa, Shai-hulud, maker, Bi-la kaifa, dar al-hikman, sirocco, and many Fremen and Bene Gesserit terms.",Caves must be sealed with moisture hoods to conserve body moisture. Worms cannot be allowed in inhabited basins. Nocturnal existence is required. The environment demands constant technological and behavioral adaptation.,"The Guild, orbital satellites, and interstellar civilization are referenced as ordinary background. Fremen bribe the Guild for privacy, showing routine interaction with interstellar infrastructure.","Fremen sietches, the Spacing Guild, Harkonnens, Bene Gesserit Sisterhood, and the Emperor all operate as distinct political entities with separate interests and power structures.","Jessica's positioning as Sayyadina through political-religious ceremony dominates. Power dynamics between Jessica, Stilgar, and the troop are negotiated through ritual, prophecy, and careful diplomacy.",Religious and political ceremony (Sayyadina recognition) occurs within a military-organized troop. Stilgar balances leadership of warriors with religious and ecological leadership roles.,"Multigenerational terraforming to transform an entire planet, bribing the Guild for planetary privacy, and frontier-era religious-political dynamics where missionaries planted myths among indigenous people.","Worm-riding glimpsed in a desert mirage, moisture-sealed caves, stillsuit culture requiring constant discipline, and spice-induced prescient visions define a physical environment very different from Earth."
US,Dune,Chapter 33,High contestation (frequent conflict or strategic struggle),Extensive territorial occupation (many settled worlds/regions held like states or empires),"Extreme / effectively unreachable (generational, completely separate, or one-way-feeling distance)",Radically different / alien social order,Shared lingua franca plus local variation,Extremely hostile (constant survival pressure),Normalized / widespread (space habitation is ordinary for humanity),Multiple distinct space polities,Adventure / exploration,Mostly military,Like the frontier / colonial expansion,Very different (human bodies/technology constantly challenged),"Jamis invokes the tahaddi challenge against Paul—ritual combat to the death with crysknives. Paul kills Jamis despite his shield-fighter habits slowing his attacks, securing his place in the tribe.","Fremen sietch communities control desert territory. Paul's visions show interstellar jihad with Atreides legions across the universe, implying extensive multi-world territorial ambitions.","Paul's visions of interstellar jihad spanning the universe emphasize the vast distances involved. He and Jessica are completely separated from other worlds, trapped deep in the Arrakeen desert.","Tahaddi challenge (ritual combat to the death) determines tribal law. Crysknife combat with sacred weapons, Fremen naming ceremonies giving secret and public names, and a water economy with 10:1 field rates create a radically different social order.","Common language alongside extensive Fremen vocabulary: tahaddi, amtal, Usul, Ichwan Bedwine, ghafla, sarfa, burda, watermaster, and numerous other cultural-linguistic terms.",Water is so scarce it is measured in literjons with 10:1 repayment rates. People's catchpockets run dry on journeys. The extreme water scarcity drives ritual combat and social conflict.,"References to Atreides history across multiple worlds, shield-fighter training traditions, and Paul's visions of interstellar legions show space habitation as the ordinary backdrop.","Fremen tribes, Harkonnens, the Atreides legacy, Bene Gesserit, and the Emperor all function as distinct political entities whose interests intersect on Arrakis.","Paul enters Fremen society through ritual combat, earns his secret name Usul and public name Paul-Muad'Dib, and is embraced into the Ichwan Bedwine brotherhood—a new adventure beginning.","Warrior culture defines acceptance into the tribe. Combat skills determine status. The Fremen are organized as a military troop, and Paul's fighting ability earns his place.","An outsider earns his place in an indigenous warrior society through ritual combat, adopting local customs, receiving a new name, and beginning integration into frontier desert culture.","Crysknife combat without shields, stillsuit discipline during sealed cave dwelling, a water economy governing all social interactions, and the absence of familiar technology create a very different physical environment."
US,Dune,Chapter 34,High contestation (frequent conflict or strategic struggle),Extensive territorial occupation (many settled worlds/regions held like states or empires),"Extreme / effectively unreachable (generational, completely separate, or one-way-feeling distance)",Radically different / alien social order,Shared lingua franca plus local variation,Extremely hostile (constant survival pressure),Normalized / widespread (space habitation is ordinary for humanity),Multiple distinct space polities,Political / diplomatic,Mixed civilian-military domain,Like the frontier / colonial expansion,Very different (human bodies/technology constantly challenged),"Paul's internal struggle against the coming jihad dominates—he sees fanatic hordes cutting a gory path across the universe in his name. Tribal acceptance rituals carry undertones of tension, and Paul realizes his mother is his enemy bringing the jihad.",Stilgar reveals thousands of hidden water caches across Arrakis. Paul's prescient visions show Atreides legions with the green and black banner spreading across the universe. The Fremen control vast desert territories.,"Paul recalls moonlit waves on faraway Caladan, emphasizing the permanent separation. Jessica longs for rain that will never come. The Fremen terraforming project spans generations, reinforcing the vast temporal and spatial distance from other worlds.",Funeral water rites where the dead's water is reclaimed and measured to the fraction of a drachm. Tears are so sacred that Paul's weeping causes awe. Watercounters serve as currency. Offering watercounters to a woman constitutes courtship ritual.,"Common language alongside extensive specialized vocabulary: Chakobsa and Bhotani Jib fragments in the funeral ritual, Shai-hulud, Bi-lal kaifa, literjon, watercounters, Sayyadina, sietch, qanats, plus Arabic-derived terms throughout.",Water is so precious that tears are considered a sacred gift. Bodies are distilled for their water. Stillsuit discipline is constant. Jessica notes her skin drying and the searing breeze. The entire social structure revolves around water scarcity and survival.,"Paul's visions show interstellar jihad with legions charging across the universe. References to Caladan, prescient dreams experienced on other worlds, and the Guild as ordinary interstellar infrastructure indicate normalized space habitation.","Fremen tribes with their own governance, the Atreides legacy (green and black banner), the Emperor, and the Guild all operate as distinct political entities referenced in Paul's visions and the narrative.",The chapter centers on funeral ceremony as political integration—Paul navigating tribal acceptance through proper ritual participation. Water economics and the terraforming dream serve as political vision. Paul's internal struggle is about political destiny.,"The funeral ceremony blends the military troop structure with religious ritual and civilian community life. Watermasters, Sayyadina, and warriors participate together. The water cache serves both military security and civilian terraforming goals.","Underground water hoarding for multigenerational terraforming, frontier community rituals binding newcomers to the tribe, and Stilgar's vision of transforming the planet with grass, trees, and open water evoke colonial frontier settlement.","Underground water caches sealed from sandworms, windtrap technology precipitating moisture from air, stillsuits as constant requirement, water measured to fractions of drachms, and the complete absence of open water define a radically different physical environment."
US,Dune,Chapter 35,High contestation (frequent conflict or strategic struggle),Extensive territorial occupation (many settled worlds/regions held like states or empires),"Extreme / effectively unreachable (generational, completely separate, or one-way-feeling distance)",Radically different / alien social order,Shared lingua franca plus local variation,Harsh and resource-intensive,Normalized / widespread (space habitation is ordinary for humanity),Multiple distinct space polities,Political / diplomatic,Mixed civilian-military domain,Like the frontier / colonial expansion,Moderately different (regular adaptation needed),"Baron and Count Fenring engage in intense political maneuvering over Arrakis, Sardaukar deployment, and treason threats. Feyd-Rautha's arena fight involves a secret plot using an undrugged Atreides soldier. The Emperor threatens to charge the Baron with treason.","The Harkonnen homeworld of Giedi Prime, Arrakis as colonial holding, the Emperor's Salusa Secundus prison planet, and references to the Great Houses and CHOAM directorship show extensive multi-world territorial control by multiple powers.",Giedi Prime and Arrakis are completely separate worlds requiring Guild transport. The Fenrings travel from the Imperial Court. Arrakis is discussed as a distant colonial holding whose events are known only through reports and smuggler overflights.,"Gladiatorial slave combat as public entertainment and political theater, suspensor-hung Baron, semishield technology in arena fights, the elaborate Harkonnen feudal court with Houses Minor, and Bene Gesserit breeding schemes create a radically different social order.","Common language with specialized political and arena terminology: na-Baron, pru-door, semishield, elacca drug, CHOAM directorship, Landsraad Council. Count and Lady Fenring communicate in a secret humming-code language.","Giedi Prime is an industrialized world with rubbish heaps, dark puddles, and military checkpoints everywhere, but it is not environmentally lethal. The oppressive social environment requires constant vigilance rather than survival against natural forces.","Multiple planets are referenced casually—Giedi Prime, Arrakis, Salusa Secundus, Caladan. Guild transport, Imperial Court observers traveling between worlds, and CHOAM interstellar commerce are treated as routine aspects of civilization.","Harkonnens, the Emperor (through Fenring), Bene Gesserit Sisterhood (through Lady Fenring), the Spacing Guild, CHOAM, Houses Minor, and the Landsraad Council all operate as distinct political entities with competing interests.","The Baron-Fenring political dialogue dominates—discussions of treason, audits, Sardaukar deployment, and heir designation. The arena fight is political theater. The Fenrings' secret Bene Gesserit breeding mission adds another layer of political intrigue.",The gladiatorial arena blends military combat with civilian entertainment. The Harkonnen keep has military checkpoints and armed guards alongside courtly politics. Feyd-Rautha operates as both warrior and political heir.,"The Baron and Emperor engage in Cold War-style maneuvering through intermediaries (Fenring), with mutual threats, intelligence gathering, plausible deniability about Sardaukar involvement, and subtle power struggles between great houses.","Suspensor technology supporting the Baron's weight, body shields and semishields in arena combat, cone of silence technology, and industrial Giedi Prime represent a moderately different physical environment—advanced technology but recognizably human surroundings."
US,Dune,Chapter 36,High contestation (frequent conflict or strategic struggle),Extensive territorial occupation (many settled worlds/regions held like states or empires),"Extreme / effectively unreachable (generational, completely separate, or one-way-feeling distance)",Radically different / alien social order,Shared lingua franca plus local variation,Extremely hostile (constant survival pressure),Normalized / widespread (space habitation is ordinary for humanity),Multiple distinct space polities,Adventure / exploration,Mixed civilian-military domain,Like the frontier / colonial expansion,Very different (human bodies/technology constantly challenged),"Sardaukar are actively hunting Fremen, forcing the sietch to flee. Liet-Kynes has been killed by Harkonnen treachery. Paul inherits Jamis' family through combat rights. The entire community operates under immediate military threat.","The sietch is a fully developed community with manufacturing (plastics, weaving), schools, food processing, and residential quarters. The Fremen control extensive desert territory with multiple sietches they can relocate between.","Paul is permanently embedded in Fremen society with no prospect of return. Harah notes he lacks the blue eyes of the Ibad, marking him as an outworlder completely cut off from his origin. The dew collector terraforming spans generations.",A killer inherits his victim's wife and children. Water tallies dangle as jewelry from earrings. Children carry crysknives and serve as armed escorts. Ecological literacy is taught as religious duty. Dew collectors using chromoplastic sustain desert plantings.,"Common language alongside extensive Fremen vocabulary: Ibad, Chakobsa, tahaddi al-burhan, Lisan al-Gaib, sietch, yali, Sayyadina, Usul, stillsuit, dew collectors, and numerous cultural terms woven into everyday speech.",Constant stillsuit discipline is required—Chani scolds Paul for exposing his forehead. The sietch stinks of reclaimed wastes and recycled moisture. Manufacturing dew collectors continues even as they flee Sardaukar. Water conservation governs every aspect of life.,Paul is casually identified as an outworlder. References to other planets and interstellar civilization are routine background. The Fremen distinguish between their world and the wider universe without any sense of wonder.,"Fremen sietches, Harkonnens (whose treachery killed Kynes), Sardaukar (the Emperor's forces hunting Fremen), and the implied broader Imperium all operate as distinct political entities affecting life on Arrakis.","Paul explores and integrates into a completely new society—touring the sietch, learning about dew collectors, meeting Harah and Jamis' sons, discovering the children's school. His immersion in Fremen culture is an adventure of discovery.","The sietch combines civilian manufacturing (plastics shop, weaving, food processing), education (children's ecological school), and domestic life with military preparations to flee Sardaukar. Armed children serve as escorts alongside civilian activities.","Dew collectors sustaining desert plantings, manufacturing for terraforming continuing under military threat, ecological education as cultural mission, and relocation between frontier settlements under attack evoke colonial frontier dynamics.","Chromoplastic dew collectors condensing moisture for desert plants, stillsuit-dependent cave dwelling, air recycled through reclamation chambers, no poison snoopers despite toxic manufacturing, and children armed with crysknives define a radically different physical environment."
US,Dune,Chapter 37,High contestation (frequent conflict or strategic struggle),Extensive territorial occupation (many settled worlds/regions held like states or empires),"Extreme / effectively unreachable (generational, completely separate, or one-way-feeling distance)",Radically different / alien social order,Shared lingua franca plus local variation,Extremely hostile (constant survival pressure),Normalized / widespread (space habitation is ordinary for humanity),Multiple distinct space polities,Adventure / exploration,Mixed civilian-military domain,Like the frontier / colonial expansion,Very different (human bodies/technology constantly challenged),"The tribe must flee south from Sardaukar hunters. Jessica risks her life in the Reverend Mother transformation. Paul's prescient vision reveals the Imperium, Sardaukar, Guild, and Bene Gesserit arrayed against the Fremen, with jihad looming.","Jessica's inherited memories reveal Fremen history across multiple worlds—Poritrin, Bela Tegeuse, Rossak, Harmonthep, Salusa Secundus, and Arrakis. Paul's vision shows the Imperium spanning countless worlds with forces massed on his horizon.",The Reverend Mother memories span generations of migration across worlds. The Fremen's ancestral journey from Poritrin through slave cribs to Arrakis covers vast generational distance. Paul and Jessica are permanently embedded in this remote desert culture.,"The Water of Life ceremony involves drinking sandworm exhalation, molecular-level poison transformation, psychic memory transfer between Reverend Mothers, communal drug experiences creating shared awareness, and consecration of a Sayyadina before twenty thousand people.","Common language with extensive ritual vocabulary: Sayyadina, Shai-hulud, Water of Life, Hajj, Sunni, Lisan al-Gaib, Misr, Nilotic al-Ourouba, Bi-lal kaifa, Sihaya, plus Bene Gesserit terms like prana-bindu and Kwisatz Haderach.",The Water of Life is literal poison requiring molecular transformation to survive. The tribe of twenty thousand must flee south into the desert. The drug ceremony itself is a survival test—failure means death. The entire existence is under constant threat.,"Multiple planets referenced in Reverend Mother memories—Poritrin, Bela Tegeuse, Rossak, Harmonthep, Salusa Secundus. Paul's vision encompasses countless worlds. Interstellar civilization is the ordinary backdrop of existence.","Paul's vision explicitly names the Imperium, Harkonnens (Feyd-Rautha), Sardaukar, the Guild, and the Bene Gesserit as distinct forces. The Fremen stand as their own polity. Historical memories add Imperial raiders and slave traders.","Jessica's transformation into a Reverend Mother is the central mystery—discovering the Water of Life's source (drowned sandworm), experiencing psychokinesthetic molecular manipulation, receiving generations of ancestral memories, and unlocking the Fremen's deep history.","A profound religious ceremony (Reverend Mother transformation, communal drug ritual) occurs within a military context—the tribe must flee south from Sardaukar. Paul's visions blend spiritual awareness with strategic military positioning against the Imperium.","Fremen ancestral memories trace forced migration from world to world—Imperial raiders harvesting people from Poritrin, slave cribs on Bela Tegeuse, spreading to Rossak and Arrakis. The tribe flees south like frontier refugees, carrying their religious traditions.","The Water of Life requires molecular-level body manipulation to survive. Psychokinesthetic mote-awareness, memory transfer between minds, communal drug-induced shared consciousness, and the drug derived from drowning a sandworm define a profoundly different physical reality."
US,Dune,Chapter 39,High contestation (frequent conflict or strategic struggle),Extensive territorial occupation (many settled worlds/regions held like states or empires),"Extreme / effectively unreachable (generational, completely separate, or one-way-feeling distance)",Radically different / alien social order,Shared lingua franca plus local variation,Extremely hostile (constant survival pressure),Normalized / widespread (space habitation is ordinary for humanity),Multiple distinct space polities,Political / diplomatic,Mixed civilian-military domain,Like the frontier / colonial expansion,Moderately different (regular adaptation needed),"Hawat reveals the Fremen killed 15,000 Harkonnens while losing only proportionally fewer, exposing a hidden war. He secretly plots the Baron's destruction while devising strategies to oppress Arrakis further. Political scheming permeates every exchange.","Multiple worlds discussed as holdings: Arrakis, Giedi Prime, Salusa Secundus. The Great Houses hold territories across the Imperium. Hawat estimates at least 250 Fremen sietch communities with a population of ten million controlling Arrakis.",Giedi Prime and Arrakis are completely separate worlds connected only by Guild Heighliner transport. Intelligence about Arrakis comes through reports and couriers. The Baron cannot directly observe or control what happens on his distant colonial holding.,"Mentat human-computer analysis, suspensor-supported Baron, poison-controlled loyalty (Hawat's latent poison requiring regular antidote), and the revelation that Salusa Secundus functions as a secret Sardaukar breeding ground create a radically different social order.","Common language with specialized terminology: Mentat, Sardaukar, Heighliner, Fedaykin, Muad'Dib, sietch, CHOAM, Landsraad, Great Houses, and military-political jargon specific to the Imperium's feudal structure.",Arrakis is described as having conditions harsh enough to produce fighters equal to Sardaukar. Salusa Secundus has 60% mortality among new prisoners. Hawat explicitly parallels these extreme environments as crucibles that forge elite warriors through brutal survival pressure.,"Multiple planets referenced casually—Giedi Prime, Arrakis, Salusa Secundus. Guild Heighliners, interstellar communication by courier, and CHOAM interplanetary commerce are treated as routine aspects of civilization.","Harkonnens, the Emperor (and his Sardaukar), the Fremen (now revealed as a massive hidden force), Great Houses of the Landsraad, the Spacing Guild, and smuggler bands all operate as distinct political entities with competing interests.","The entire chapter is political scheming: Hawat's Mentat analysis of Fremen population, the Salusa Secundus parallel, devising the plan to abandon Rabban and install Feyd-Rautha, and Hawat's secret plotting against the Baron.","Military analysis (troop losses, Fremen fighting capacity, Sardaukar comparisons) merges with political governance (spice quotas, colonial administration, heir placement). Hawat functions as both military strategist and political advisor.","Secret training programs producing elite fighters, proxy conflicts on Arrakis, intelligence gathering through agents, political maneuvering between the Baron and Emperor, and Hawat's double-agent plotting parallel Cold War-era great power competition.","The chapter is set in an indoor conference room with suspensor chairs and glowtubes. While the technology is advanced (Mentat computation, suspensors), the physical environment is a recognizable political meeting space rather than an extreme alien landscape."
US,Dune,Chapter 40,High contestation (frequent conflict or strategic struggle),Extensive territorial occupation (many settled worlds/regions held like states or empires),"Extreme / effectively unreachable (generational, completely separate, or one-way-feeling distance)",Radically different / alien social order,Shared lingua franca plus local variation,Extremely hostile (constant survival pressure),Normalized / widespread (space habitation is ordinary for humanity),Multiple distinct space polities,Adventure / exploration,Mostly military,Like the frontier / colonial expansion,Very different (human bodies/technology constantly challenged),Paul faces the dangerous worm-riding test while the Harkonnen pogrom continues in the background. Chani kills challengers to protect Paul's leadership. The jihad looms as an unstoppable force. Paul's entire existence is shaped by conflict.,"The Fremen control vast desert territory with southern sietch strongholds, northern raiding territories, and the deep erg. Paul's prescient visions encompass the entire universe. References to multiple planetary civilizations provide interstellar scope.","The deep south is a twenty-thumper journey away. Paul is completely separated from galactic civilization, embedded in Fremen desert culture. His memories of Caladan and the wider universe feel like another life entirely.","Worm-riding as a rite of passage at age twelve, Fedaykin death commandos, women killing challengers to protect their men, water rings worn as personal wealth, desert chanties as cultural expression, and the Sayyadina watching rites create a radically different social order.","Common language alongside dense Fremen vocabulary: Shai-hulud, hiereg, Fedaykin, Sayyadina, alam al-mithal, nezhoni, el-Sayal, Kitab al-Ibar, Sihaya, Naib, maker, thumper, and numerous ritual and cultural terms.",Extreme heat and dryness define the day. Riding a wild sandworm is a life-or-death test. The pre-spice mass signals danger. Stillsuit discipline is constant. The desert is described as a landscape beyond pity where survival requires total adaptation.,"Paul's visions encompass the entire universe with jihad spreading across countless worlds. References to the Imperium, Harkonnens, Sardaukar, and interstellar civilization are casual background. Space habitation is the ordinary context of existence.","Paul's prescient vision explicitly names the Imperium, Harkonnens (Feyd-Rautha), Sardaukar, the Guild, and the Bene Gesserit as forces arrayed against the Fremen. The Fremen themselves operate as a distinct desert polity with their own governance.",Paul's worm-riding test is a classic adventure rite of passage—confronting a monstrous creature alone in the desert to prove his worth. The chapter builds tension toward this climactic personal challenge.,"Fedaykin death commandos guard Paul. The camp operates under military discipline. Worm-riding is framed as a military skill necessary for raiding and warfare. Paul's leadership is measured in military terms—raids, battle training, and tactical planning.","A frontier survival test where Paul must master indigenous desert skills (worm-riding) to be accepted as a full member of the community. The deep south settlements, desert pioneering, and rites of passage evoke frontier expansion dynamics.","Riding giant sandworms using plasteel hooks to control ring segments, stilltents on flour sand, thumper technology to summon makers, constant stillsuit discipline, and a landscape of extreme heat where survival requires total physical adaptation."
US,Dune,Chapter 41,High contestation (frequent conflict or strategic struggle),Extensive territorial occupation (many settled worlds/regions held like states or empires),"Extreme / effectively unreachable (generational, completely separate, or one-way-feeling distance)",Radically different / alien social order,Shared lingua franca plus local variation,Extremely hostile (constant survival pressure),Normalized / widespread (space habitation is ordinary for humanity),Multiple distinct space polities,Political / diplomatic,Mixed civilian-military domain,Like the frontier / colonial expansion,Very different (human bodies/technology constantly challenged),Young Fremen are banding together to force Paul to challenge Stilgar for tribal leadership. A succession crisis threatens tribal unity. Harkonnen raids continue in the background. Internal political tensions dominate the chapter.,"Fremen control both northern and deep southern sietch territories. The mourning ceremony references historical Fremen settlements across Poritrin, Bela Tegeuse, Rossak, and Harmonthep. Paul's new weapons extend Fremen raiding power.","Jessica is deep in a southern sietch, completely isolated from galactic civilization. The Fremen mourning ceremony recalls generational separation from their ancestral worlds. Paul's sandrider test occurs in the remote desert beyond all Harkonnen patrols.",Alia is a pre-born child with ancestral memories who has never been a normal child. Fremen babies must cry only at birth and never again. The mourning ceremony for slave raids generations past structures community identity. A killer's wife becomes servant to the victor.,"Common language with dense Fremen vocabulary: ghanima, Sayyadina, razzia, Mudir Nahya, hajr, Subakh ul kuhar, Subakh un nar, portyguls, mushtamal, aba, Lisan al-Gaib, plus cultural and ritual terminology throughout.","Stillsuit discipline is constant. Harkonnen raids and Sardaukar pogrom force the Fremen into hiding. Pit traps with poisoned barbs, dust chasms, and sandworms are ever-present dangers. The desert environment requires total adaptation for survival.","Multiple worlds referenced in the mourning ceremony—Poritrin, Bela Tegeuse, Rossak, Harmonthep. Jessica's Bene Gesserit background spans interstellar civilization. Paul's identity as Atreides Duke connects to the wider galactic order.",Fremen sietches operate as autonomous political units. Harkonnens conduct raids from Arrakeen. The Emperor's Sardaukar have conducted a pogrom. The Bene Gesserit sisterhood influences events. These are all distinct competing polities.,The chapter centers on succession politics—young men pressuring Paul to challenge Stilgar. Alia's social integration requires diplomatic management by Harah. Jessica strategizes about Paul's political marriage prospects. Internal Fremen politics dominate.,"Domestic sietch life (birth celebrations, children's education, coffee sharing) coexists with military concerns (Harkonnen raids, young men banding for razzia, new weapons training). Jessica functions as both spiritual leader and political strategist.",A frontier community managing internal succession politics while under external military threat. The mourning ceremony for ancestral homelands echoes colonial displacement. Sietch life combines pioneer self-sufficiency with resistance against occupiers.,"Sietch cave dwelling with acrid recycled air, stillsuit discipline, spice-permeated diet creating communal tau awareness, pre-born children with ancestral memory, and the constant requirement to conserve moisture define a radically different physical environment."
US,Dune,Chapter 42,High contestation (frequent conflict or strategic struggle),Extensive territorial occupation (many settled worlds/regions held like states or empires),"Extreme / effectively unreachable (generational, completely separate, or one-way-feeling distance)",Radically different / alien social order,Shared lingua franca plus local variation,Extremely hostile (constant survival pressure),Normalized / widespread (space habitation is ordinary for humanity),Multiple distinct space polities,Adventure / exploration,Mostly military,Like the frontier / colonial expansion,Very different (human bodies/technology constantly challenged),"Paul faces the deadly worm-riding test, then navigates a succession crisis as young Fremen pressure him to challenge Stilgar for leadership. He decides to capture smugglers. Every interaction carries undertones of political and physical conflict.",The Fremen claim vast desert territory spanning at least twenty thumpers from north to south. Paul plans a ten-day-plus journey to the deep south. Smuggler and Harkonnen patrol zones define competing territorial claims over Arrakis.,The deep southern sietches are a twenty-thumper journey away—at least ten days riding sandworms. Paul has only seen the south through others' eyes. The scale of the desert creates effectively unreachable distances even on the same planet.,"Worm-riding as a coming-of-age rite normally done at twelve, Fremen succession by combat challenge, sandwalk technique to avoid worm attention, goading worm tail segments for speed, and the ritual first-up-last-off protocol create a radically different social order.","Common language with specialized Fremen terminology: mudir, Geyrat, Hal yawm, drumsand, Habbanya erg, Naib, sandrider, thumper, maker, Fedaykin, cielago, and numerous cultural terms embedded in everyday speech and ritual.",Riding a wild sandworm of unprecedented size is a life-or-death test. Drumsand threatens to trap and kill the unwary. Stillsuit discipline is constant. Hiding from ornithopters requires instant burial in sand. The desert demands total vigilance.,Paul's identity as Atreides Duke connects to interstellar civilization. Smuggler ornithopters from offworld operate in the desert. References to the broader universe and Harkonnen patrols indicate normalized interstellar activity as backdrop.,"Fremen, Harkonnen patrols, and smugglers all operate as distinct entities competing for control of desert territory. Paul's dual identity as Fremen leader and Atreides Duke bridges two polities. The broader Imperium looms in the background.","Paul's successful worm-riding test is a classic adventure climax—mounting a giant sandworm, steering it, and earning his place. The planned twenty-thumper journey south to see new lands and the decision to capture smugglers extend the adventure.",The worm-riding test is framed as a military skill. Fedaykin death commandos accompany Paul. The troop operates under military discipline—scatter drill when the ornithopter appears. Plans to capture smugglers with new weapons demonstrate military focus.,"Frontier survival skills (worm-riding, sandwalk, desert concealment) define acceptance into indigenous society. Paul plans to explore the deep south frontier. Capturing smugglers who venture into Fremen territory asserts frontier sovereignty.","Riding giant sandworms using plasteel hooks to control ring segments, sandwalk rhythm to avoid attracting worms, instant burial in sand for concealment, stillsuit life support, and navigating drumsand hazards define a profoundly different physical environment."
US,Dune,Chapter 43,Total war / constant conflict,Extensive territorial occupation (many settled worlds/regions held like states or empires),"Extreme / effectively unreachable (generational, completely separate, or one-way-feeling distance)",Radically different / alien social order,Shared lingua franca plus local variation,Extremely hostile (constant survival pressure),Normalized / widespread (space habitation is ordinary for humanity),Multiple distinct space polities,Adventure / exploration,Mostly military,Like the frontier / colonial expansion,Very different (human bodies/technology constantly challenged),"Sardaukar disguised as smugglers attack the Fremen, resulting in deadly combat (seven Sardaukar dead for two Fremen). Paul claims ducal authority over Arrakis. The succession crisis between Paul and Stilgar threatens tribal unity. Multiple levels of conflict converge.",Paul declares he controls the surface of Arrakis. The Harkonnens hold fortified graben villages. Smugglers operate from offworld. The Emperor sends Sardaukar agents. Multiple powers claim territory across an interstellar empire.,Gurney has been stranded on Arrakis for years believing Paul dead. The deep desert is far beyond Harkonnen patrols. Paul and the Fremen operate in total isolation from the galactic civilization they plan to challenge.,"Fremen ride giant sandworms as transportation, use rockets against aircraft, hide spice factories inside rocks, and practice succession by combat. The reunion between Gurney and Paul occurs in a culture completely alien to their Caladan origins.","Common language with extensive specialized terms: Fedaykin, Muad'Dib, Lisan al-Gaib, crysknife, burnoose, Shai-hulud, maker, sandrider. Gurney uses Atreides formal address while Fremen use their own terminology throughout.",Shields cannot be used in the desert because they attract worms. A sandstorm forces immediate shelter. Stillsuit discipline is constant. Combat with Sardaukar erupts without warning. Worms threaten the spice factory. The desert demands total vigilance.,Smugglers operate interstellar trade routes. Sardaukar agents infiltrate from offworld. Guild agents buy spice. Gurney speaks of offworld foods and the spice trade. Interstellar civilization is the ordinary backdrop of all events.,"Fremen, Harkonnens, Imperial Sardaukar (disguised as smugglers), the Spacing Guild (buying spice), and smuggler organizations all operate as distinct political entities competing on Arrakis. Paul bridges Fremen and Atreides identities.","Paul's dramatic reunion with Gurney Halleck, the ambush of the smuggler spice factory, the Sardaukar combat, and the resolution of the succession crisis with Stilgar create a chapter of high adventure and dramatic confrontation.","Military operations dominate: the spice factory ambush, Sardaukar combat, tactical analysis of Harkonnen defenses, and the role of Fedaykin death commandos. Paul's authority is expressed through military command and combat prowess.","Frontier warfare between indigenous Fremen and colonial Harkonnens, smuggler operations in lawless territory, and Paul claiming sovereign control over desert territory evoke frontier colonial expansion dynamics.","Worm-riding as standard transportation, rockets against aircraft, crysknife combat, stillsuit life support, sandstorm shelter procedures, and hiding heavy equipment inside desert rock formations define a profoundly different physical environment."
US,Dune,Chapter 44,Total war / constant conflict,Extensive territorial occupation (many settled worlds/regions held like states or empires),"Extreme / effectively unreachable (generational, completely separate, or one-way-feeling distance)",Radically different / alien social order,Shared lingua franca plus local variation,Extremely hostile (constant survival pressure),Normalized / widespread (space habitation is ordinary for humanity),Multiple distinct space polities,Political / diplomatic,Mixed civilian-military domain,Like the frontier / colonial expansion,Very different (human bodies/technology constantly challenged),Paul declares himself Duke of Arrakis and prepares for total war against the Harkonnens. The intercepted message reveals Rabban is abandoned. Paul prepares to take the Water of Life—risking death to become the Kwisatz Haderach. Gurney's assassination attempt on Jessica adds mortal danger.,Paul claims rule over every square inch of Arrakis. The Baron controls Giedi Prime. The Emperor rules the Imperium from Kaitain. Paul plans to challenge the entire Imperial order. Multiple Great Houses hold territories across the universe.,"Jessica has spent nearly three years in the deep desert, becoming a different person from her Caladan self. Evidence of Yueh's betrayal is in Tabr sietch far to the south. The distance from this cave to the centers of Imperial power is effectively unbridgeable.",Fremen succession by combat challenge is overturned by Paul's political innovation. The Atreides investiture ceremony is merged with Fremen tribal customs. The Water of Life ritual involves drowning a sandworm. Paul's dual identity as Duke and Muad'Dib creates a unique social order.,"Common language with interwoven Fremen, Atreides, and Imperial terminology: Lisan al-Gaib, Muad'Dib, Ya hya chouhada, Kwisatz Haderach, Fedaykin, crysknife, razzia, baliset, shigawire, cielago, and numerous cultural terms.",The Water of Life is a deadly poison that kills most who attempt to change it. Desert warfare is imminent. The cave environment requires wind pumps and moisture seals. Stillsuits are worn constantly. Every aspect of existence carries mortal risk.,"Multiple planets referenced casually—Arrakis, Caladan, Giedi Prime, Chusuk, Kaitain. Imperial politics, Great Houses, Landsraad Council, and Guild commerce form the ordinary backdrop. Paul's ducal claim derives from interstellar legal traditions.","Paul formally establishes himself as Atreides Duke over Arrakis, distinct from the Harkonnen occupation, the Emperor's authority, and the Fremen tribal structure. The Council of Leaders represents autonomous Fremen governance. Multiple polities compete for power.",Paul's speech to the assembly is masterful political rhetoric using Voice. The investiture ceremony merges Atreides and Fremen governance. The Gurney-Jessica confrontation resolves a deep political misunderstanding. Battle planning for the campaign follows.,Political assembly and investiture ceremony blend with military planning. Jessica's role as Reverend Mother intersects with Paul's military command. Gurney transitions from smuggler to retainer. The chapter bridges political consolidation and military preparation.,"Paul declares sovereign control over frontier territory, merging colonial Atreides authority with indigenous Fremen governance. The campaign to retake Arrakis from Harkonnen occupiers parallels anti-colonial liberation movements.","The Water of Life produced by drowning a sandworm, shigawire garrotes hidden in hair, false toenails concealing transmitters, crysknife combat, cave dwelling with wind pumps, and the physical transformation of prescient spice awareness define a radically different physical reality."
US,Dune,Chapter 45,Total war / constant conflict,Extensive territorial occupation (many settled worlds/regions held like states or empires),"Extreme / effectively unreachable (generational, completely separate, or one-way-feeling distance)",Radically different / alien social order,Shared lingua franca plus local variation,Extremely hostile (constant survival pressure),Normalized / widespread (space habitation is ordinary for humanity),Multiple distinct space polities,Adventure / exploration,Mixed civilian-military domain,Like the frontier / colonial expansion,Very different (human bodies/technology constantly challenged),"The Emperor, five Sardaukar legions, the Baron, and every Great House have gathered above Arrakis to destroy the Fremen. Paul threatens to destroy the spice entirely—an existential threat to the Guild and the Imperium. The stakes are universal annihilation.",Every Great House has raiders in orbit above Arrakis. The Emperor commands an interstellar empire. Paul controls Arrakis and threatens to destroy the substance that holds the entire multi-world civilization together.,"A massive fleet fills the space above Arrakis, arriving from across the universe. Paul has been in a coma for three weeks in a remote desert cave. Chani was summoned from the deep south by ornithopter. The distances between the converging forces are interstellar.",Paul converts the Water of Life—a poison from a drowned sandworm—becoming the Kwisatz Haderach who can see where Reverend Mothers cannot. Guild navigators use spice for prescient navigation. The threat of a spice chain reaction (Water of Death) could destroy the basis of civilization.,"Common language with specialized terminology: Kwisatz Haderach, Water of Life, Water of Death, Lisan al-Gaib, pre-spice mass, Heighliners, Fedaykin, Reverend Mother, Sayyadina, and numerous Fremen and Bene Gesserit terms.",The Water of Life nearly killed Paul—three weeks in a death-like coma. Five Sardaukar legions threaten the Fremen. The entire military might of the Imperium is poised above them. Paul's threat to destroy the spice would make Arrakis a true desolation.,"Space above Arrakis is filled with Guild ships carrying every Great House. Heighliners, Guild navigators, and interstellar fleet operations are treated as routine. The entire universe's civilization depends on spice for space travel.","The Emperor with Sardaukar, the Baron with Harkonnen conscripts, every Great House with raiders, the Spacing Guild controlling orbital access, and the Fremen under Paul all operate as distinct competing polities in this climactic convergence.","Paul's awakening as the Kwisatz Haderach is the central revelation—he has seen the Now, perceived the fleet above Arrakis, and discovered the Water of Death that could destroy all spice. The chapter reveals the full scope of his prescient powers.",Jessica and Chani tend to Paul in a medical/spiritual crisis while military forces converge above Arrakis. Paul's awakening blends mystical revelation with military strategic awareness. The Water of Life ceremony intersects with war preparations.,"Paul holds the equivalent of a nuclear deterrent—the ability to destroy the spice. The Guild, Emperor, and Great Houses are locked in a standoff. Mutual assured destruction prevents direct attack. The balance of power depends on who controls the most critical resource.",The Water of Life transforms consciousness at a molecular level. Guild navigators use spice for prescient space navigation. Paul's body spent three weeks in suspended animation while his mind traversed time. The physical reality is profoundly different from any Earth experience.
US,Dune,Chapter 46,Total war / constant conflict,Extensive territorial occupation (many settled worlds/regions held like states or empires),"Extreme / effectively unreachable (generational, completely separate, or one-way-feeling distance)",Radically different / alien social order,Shared lingua franca plus local variation,Nearly uninhabitable / lethal without major intervention,Normalized / widespread (space habitation is ordinary for humanity),Multiple distinct space polities,Military / war,Mostly military,Like the frontier / colonial expansion,Very different (human bodies/technology constantly challenged),Paul uses atomics to blast open the Shield Wall. The massive storm destroys enemy shields. Fremen gunners fire on Imperial and Harkonnen ships. Paul's son Leto is killed and Alia captured. The battle for Arrakis is total war with existential consequences.,The Emperor's hutment houses five Sardaukar legions. Harkonnen frigates line the landing field. Every Great House has ships in orbit. The entire Imperial apparatus has converged on Arrakis. Fremen control all territory outside the basin.,A fleet from across the universe fills Arrakis orbit. Forces from countless worlds have converged on this single planet. The Guild controls whether any ship can leave. The interstellar distances that separate these civilizations are collapsed into this one confrontation.,"The CHOAM flag signals interstellar corporate politics. Atomics are used against landscape rather than people to exploit a legal loophole. Cielago messenger birds, sandstorms as tactical weapons, and Fremen guerrilla warfare against Imperial forces create a radically different battlefield.","Common language with military and political terminology: Fedaykin, cielago, Muad'Dib, CHOAM, Great Convention, Shield Wall, stillsuit, Sardaukar, lasbeams, Heighliners, and numerous Fremen tactical terms.","The sandstorm is so massive it's called a 'great-great-great grandmother' storm. It destroys shields and buries everything. Sand needles sting exposed skin. Without stillsuits and shelter, death is immediate. Atomics reshape the landscape.","A fleet from every Great House orbits Arrakis. Starship lighters, orbital communications, and interstellar logistics are routine. The Emperor's metal hutment houses thousands. Space infrastructure is the ordinary backdrop of this planetary battle.","The Emperor (with Sardaukar and Truthsayer), Baron Harkonnen (with Hawat and conscripts), the Spacing Guild (controlling orbit), every Great House (with raiders), CHOAM, and Paul's Fremen all converge as distinct competing polities in the final battle.","The chapter is entirely about battle: atomic detonation of the Shield Wall, storm-based tactical warfare, rocket launchers and projectile weapons, ground car sorties, and the opening of a massive military assault. War dominates every moment.","Military operations dominate completely: atomic weapons deployment, storm tactics, troop positioning, communications in combat, rocket launchers, ground assaults, and the opening salvos of the battle for Arrakis. Every action is military.",Atomic weapons exploit legal loopholes (Great Convention). The Guild holds a deterrent balance preventing the fleet from acting. Multiple great powers converge with their forces. The CHOAM flag signals economic warfare. Paul's spice threat is a doomsday device.,Atomic weapons blast open a mountain wall. A superstorm destroys all energy shields. Stillsuits are essential for survival. Sand needles cut exposed skin. Lasbeams must avoid shields to prevent nuclear-scale explosions. The physical environment is utterly alien and lethal.
US,Dune,Chapter 47,Total war / constant conflict,Extensive territorial occupation (many settled worlds/regions held like states or empires),"Extreme / effectively unreachable (generational, completely separate, or one-way-feeling distance)",Radically different / alien social order,Shared lingua franca plus local variation,Extremely hostile (constant survival pressure),Normalized / widespread (space habitation is ordinary for humanity),Multiple distinct space polities,Military / war,Mixed civilian-military domain,Like the frontier / colonial expansion,Very different (human bodies/technology constantly challenged),The Fremen launch a full-scale assault riding sandworms into the Emperor's position. Sardaukar are overwhelmed for the first time in their history. Alia kills the Baron with a gom jabbar. The Emperor's ship is damaged and his forces routed. The battle is existential for all sides.,The Emperor commands an interstellar empire with five Sardaukar legions and every Great House in orbit. The Baron controls Harkonnen holdings across multiple worlds. Paul's Fremen control Arrakis. The confrontation involves rulers of vast multi-world domains.,"Forces from across the universe have converged on Arrakis. The Emperor brought his entire court, Sardaukar legions, and suite across interstellar distances. Guild ships from every Great House fill orbit. The distances involved are interstellar.","Alia is a pre-born child with ancestral memories who terrifies the Reverend Mother. Guild navigators have completely blue eyes from spice mutation. Fremen ride sandworms into battle. The social order encompasses Bene Gesserit mental powers, pre-born consciousness, and worm cavalry—radically alien.","Common language with extensive specialized vocabulary: selamlik, noukkers, Burseg, gom jabbar, Truthsayer, cielago, Lisan al-Gaib, abomination, Kwisatz Haderach, Fedaykin, and numerous Bene Gesserit and Imperial court terms.",A massive sandstorm provides cover for the Fremen assault. Shields are shorted out by the storm's static charge. The Emperor's hutment is blasted open. Ball lightning bounces through the selamlik. Combat rages between Sardaukar and Fremen across the plain. Survival is in constant jeopardy.,"Guild ships carry every Great House in orbit. The Emperor travels with his full court across interstellar space. Heighliners, Guild navigators with prescient abilities, and interstellar fleet operations are treated as ordinary aspects of civilization.","The Emperor with Sardaukar, Baron Harkonnen, the Spacing Guild (with navigators whose blue eyes betray their nature), every Great House in orbit, the Bene Gesserit, and Paul's Fremen all operate as distinct competing polities in this climactic confrontation.",The chapter builds from political confrontation to full-scale battle. Fremen riding sandworms crash into Sardaukar lines. Alia assassinates the Baron. The Emperor's ship is damaged. Man-to-man combat rages across the plain. War dominates the chapter's climax.,"The first half features political and psychological confrontation in the Emperor's audience chamber—with courtiers, Princess Irulan, and Truthsayer present. The second half is pure military assault. Alia's assassination of the Baron bridges both domains.","The Emperor, Guild, and Fremen are locked in a multi-polar power struggle. The Guild navigators cannot see the future clearly. Multiple great powers with competing interests converge. Treachery and deterrence define the relationships between factions.",Guild navigators have total blue eyes from spice mutation. Alia possesses pre-born ancestral consciousness. Sandworms serve as living war vehicles. Static lightning shorts out shields. Ball lightning bounces through metal structures. The physical reality is profoundly altered from any Earth experience.
US,Dune,Chapter 48,Total war / constant conflict,Extensive territorial occupation (many settled worlds/regions held like states or empires),"Extreme / effectively unreachable (generational, completely separate, or one-way-feeling distance)",Radically different / alien social order,Shared lingua franca plus local variation,Extremely hostile (constant survival pressure),Normalized / widespread (space habitation is ordinary for humanity),Multiple distinct space polities,Military / war,Mixed civilian-military domain,Like the frontier / colonial expansion,Very different (human bodies/technology constantly challenged),"Paul threatens to destroy all spice production forever, which would collapse interstellar civilization. He defeats the Emperor's champion Feyd-Rautha in ritual combat. The jihad looms as an unstoppable force that will sweep across the universe. The stakes are civilizational.","Paul claims the Imperial throne controlling countless worlds. He demands the Emperor's entire CHOAM holdings, grants Gurney the fief of Caladan, and installs Stilgar as Governor of Arrakis. The chapter involves the transfer of an interstellar empire.","A massed armada of Great Houses orbits Arrakis from across the universe. Paul envisions his legions raging out from Arrakis across interstellar distances in the jihad. Caladan, Salusa Secundus, and countless other worlds are referenced as distant imperial holdings.",Paul is the Kwisatz Haderach who can see through time. The Bene Gesserit breeding program spanning ninety generations is revealed. Kanly ritual combat decides political fate. Alia kills wounded enemies for water recovery. The social order is radically different from anything familiar.,"Common language saturated with specialized terms: kanly, crysknife, Kwisatz Haderach, Fedaykin, CHOAM, Landsraad, Truthsayer, gom jabbar, Sihaya, stillsuit, Muad'Dib, Usul, Bene Gesserit, and numerous Fremen and Imperial political terms.",Feyd-Rautha fights with a soporific-coated blade and a hidden poison needle on his hip. Thufir Hawat carries a poisoned needle meant for Paul. The aftermath of battle fills the hall. Paul's son has been killed. Treachery within treachery defines the environment.,"Guild navigators with limited prescience control interstellar travel. A fleet of Great Houses orbits overhead. Paul commands them to disperse via Guild communications. Interstellar empire, space fleets, and multi-world governance are treated as ordinary background.","Paul's Fremen, the Emperor and Sardaukar, the Spacing Guild, the Bene Gesserit, the Landsraad Great Houses, and the Harkonnen remnant all operate as distinct polities. Paul must negotiate with or coerce each separately to claim the throne.","The ritual kanly combat between Paul and Feyd-Rautha is the chapter's centerpiece—a detailed knife fight with treachery, poison, and lethal stakes. The aftermath of the planetary battle frames the political confrontation. Combat resolves the plot.","Military victory transitions to political negotiation. The kanly duel is ritualized personal combat within a political context. Paul issues governance orders—appointing Stilgar as governor, granting fiefs. Jessica and Chani will negotiate marriage terms. Military and civilian domains interweave.",Paul holds the spice deterrent—the power to destroy all production. The Guild cannot function without spice. The Emperor cannot rule without Guild transport. Multiple great powers must negotiate under mutual threat. Paul leverages his deterrent to force political submission.,Paul uses Bene Gesserit-trained muscles to realign his metabolism against a soporific. Feyd-Rautha hides a poison flip-dart in his fighting girdle. Guild navigators have total blue eyes from spice addiction. Prescience allows Paul to see time-lines. The physical reality is profoundly altered.
US,Dune,Chapter 38,Moderate contestation (ongoing rivalry/disputes),Extensive territorial occupation (many settled worlds/regions held like states or empires),"Extreme / effectively unreachable (generational, completely separate, or one-way-feeling distance)",Radically different / alien social order,Shared lingua franca plus local variation,Benign / easily survivable,Normalized / widespread (space habitation is ordinary for humanity),Multiple distinct space polities,Political / diplomatic,Mostly civilian with some military presence,Like the frontier / colonial expansion,Somewhat different (manageable environmental differences),"The chapter centers on Feyd-Rautha's assassination attempt against the Baron using a poisoned slave boy. The internal Harkonnen power struggle is intense but contained—a rivalry between uncle and nephew, not open war. News of Fremen unrest on Arrakis is mentioned as background.","The Baron controls Giedi Prime and Arrakis as Harkonnen holdings within a vast interstellar empire. The Emperor, Great Houses, and faufreluches class system govern settled worlds across the universe. Arrakis is referenced as a distant colonial possession.","The chapter is set on Giedi Prime while Arrakis is a distant holding. News from Arrakis arrives as reports of a new Fremen prophet. The interstellar distances between Harkonnen holdings are vast, requiring Guild transport.","Suspensor technology keeps the Baron afloat. Semuta narcotic and its eerie music pervade the guard quarters. Body shields, Mentats, Bene Gesserit Truthsayers, and the faufreluches class system create a social order radically different from any Earth analogue.","Common language with extensive specialized vocabulary: semuta, na-Baron, cheops, Muad'Dib, Mentat, Bene Gesserit, Truthsayer, faufreluches, suspensors, slip-tip, entrisseur, and Harkonnen political terminology.","The chapter takes place entirely within the Baron's luxurious private apartments on Giedi Prime. The physical environment poses no natural survival challenge—suspensor chairs, divans, and comfortable quarters. The threats are entirely from other actors, not conditions.","Interstellar governance is taken for granted. The Baron receives reports from Arrakis across space. Imperial appointments, Guild transport, and multi-world political scheming are ordinary aspects of civilization in this universe.","The Harkonnens, the Emperor (with Truthsayer), the Fremen (referenced as Muad'Dib's followers), and the implied presence of other Great Houses all exist as distinct competing polities within the feudal interstellar system.","The entire chapter is palace intrigue: Feyd-Rautha's assassination attempt on the Baron, the Baron's counter-manipulation, their bargain for succession, and the strategic deployment of Hawat. Pure political maneuvering without combat.","The setting is the Baron's private quarters with guards, servants, and family. The guard captain Nefud and his men are present but serve a domestic security role. The chapter is fundamentally about civilian political power dynamics within the Harkonnen household.",Arrakis is discussed as a colonial holding to be exploited. The Baron manages distant territories through appointed rulers (Rabban). The feudal structure of planetary fiefs mirrors colonial administration of frontier territories.,Suspensor technology keeps the Baron mobile despite his massive weight. Body shields provide personal protection. Semuta is a narcotic unique to this universe. But the physical setting is a comfortable palace—the environmental differences are technological rather than extreme.
US,Dune,Appendix I - The Ecology of Dune,Moderate contestation (ongoing rivalry/disputes),Extensive territorial occupation (many settled worlds/regions held like states or empires),"Extreme / effectively unreachable (generational, completely separate, or one-way-feeling distance)",Radically different / alien social order,Shared lingua franca plus local variation,Nearly uninhabitable / lethal without major intervention,Normalized / widespread (space habitation is ordinary for humanity),Multiple distinct space polities,Adventure / exploration,Mostly civilian with some military presence,Like the frontier / colonial expansion,Radically non-Earth-like (physics/environment fundamentally unlike Earth experience),"Pardot Kynes kills six Harkonnen bravos to save Fremen youths, and the Fremen debate whether to execute Kynes. The Harkonnens oppress the Fremen. But the chapter focuses primarily on ecological science rather than conflict, with ongoing rivalry as background.",The Imperial Planetologist serves across Arrakis under Harkonnen rule within a multi-world empire. The Guild controls orbital space. Fremen hold hidden territories. References to Caladan and terraform plants adapted from other worlds confirm extensive interstellar settlement.,Arrakis is a remote desert planet within a vast interstellar empire. The ecological transformation is planned over 350 years. Plants adapted from Caladan's northern reaches are imported across interstellar distances. The Guild must be bribed to prevent orbital surveillance.,"The sandworm lifecycle—sandtrout to cyst-hibernation to shai-hulud—is entirely alien. Fremen water culture, sietch warrens, and a 350-year terraforming plan organized around tribal structures create a radically different social order built around ecological survival.","Common language heavily inflected with specialized terms: shai-hulud, sietch, bled, stillsuit, crysknife, umma, sadus, thumper, sif, palmaries, qanats, pyons, faufreluches, and extensive ecological terminology unique to Arrakis.",Sand surface temperatures reach 344-350 degrees absolute. Water is so scarce that a two-meter root tuber yields only half a liter. Stillsuits are essential for survival. The entire appendix describes the extreme hostility of Arrakis and the centuries-long effort to make it habitable.,"Imperial appointments, Guild transport, Biological Testing Stations, and interstellar governance are treated as ordinary. The Guild is bribed to prevent weather satellites. Plants from multiple worlds are imported. Space-faring civilization is the unremarkable backdrop.","The Imperium (appointing planetologists), the Harkonnens (ruling Arrakis), the Fremen (hidden ecological movement), and the Spacing Guild (controlling orbital access and requiring spice bribes) all operate as distinct polities with competing interests.","The appendix chronicles Pardot Kynes's scientific exploration of Arrakis ecology—discovering the salt pan, unraveling the sandworm lifecycle, and launching a centuries-long terraforming project. Discovery and exploration of an alien world's ecology drive the narrative.","The chapter is predominantly scientific—ecological research, terraforming plans, biological testing stations. Kynes's fight with the Harkonnens and the Fremen's guerrilla resistance provide some military elements, but the focus is civilian scientific endeavor.",Pardot Kynes is an Imperial Planetologist sent to a frontier world under colonial rule. The Harkonnens exploit Arrakis as a colonial resource extraction site. The Fremen are indigenous people being systematically oppressed. The terraforming project mirrors frontier settlement and colonial development.,Sand surface temperatures reach 344-350 degrees absolute. Giant sandworms produce oxygen through internal chemical processes. Sandtrout seal water underground creating a planet-wide arid cycle. The sand plankton-sandworm-spice ecosystem has no Earth parallel whatsoever.
US,Dune,Appendix II - The Religion of Dune,High contestation (frequent conflict or strategic struggle),Extensive territorial occupation (many settled worlds/regions held like states or empires),"Extreme / effectively unreachable (generational, completely separate, or one-way-feeling distance)",Radically different / alien social order,Shared lingua franca plus local variation,Extremely hostile (constant survival pressure),Normalized / widespread (space habitation is ordinary for humanity),Multiple distinct space polities,Political / diplomatic,Mostly civilian with some military presence,Like the frontier / colonial expansion,Very different (human bodies/technology constantly challenged),"Religious riots killed an estimated eighty million people across thousands of worlds. Eighteen C.E.T. delegates were lynched, one committed suicide by diving a frigate into the sun. The Butlerian Jihad brought two generations of chaos. Religious conflict is pervasive throughout the history described.","The Landsraad League maintained a 2,000-year meeting record across multiple worlds. Religious traditions are traced to specific planets—Chusuk, Lankiveil, Sikun, III Delta Pavonis, Salusa Secundus, Caladan. The riots averaged six thousand deaths per world in the Landsraad League.",Early space travel was described as slow and uncertain. Communication between worlds was at low ebbs during religious crises. Religious traditions are scattered across planets separated by interstellar distances. The history spans over eleven thousand years across the universe.,"The Butlerian Jihad overthrew machine-logic. The Bene Gesserit consolidated sorceresses and developed prana-bindu training. The Guild built a monopoly on interstellar travel. Religious synthesis spanning Zensunni, Buddislamic, Navachristian, and dozens of other traditions created a radically alien cultural landscape.","Common language with vast specialized religious vocabulary: Maometh Saari, Kitab al-Ibar, Orange Catholic Bible, Zensunni, Buddislamic, Navachristianity, Kwisatz Haderach, Missionaria Protectiva, sunnan, Shari-ah, Tawrah, bakka, baraka, and many more.","The Fremen are described as a desert people whose entire ancestry was accustomed to hostile landscapes, where survival each second requires surmounting open hostility. Their everyday existence requires brutal and often deadly judgments. Arrakis is characterized by totality of desert and absolute lack of open water.",Space travel is described as the fifth and most universal force shaping religion. Mankind's movement through deep space spanned one hundred and ten centuries before the Butlerian Jihad. Early space travel was widespread. The Guild built a monopoly over all interstellar travel. Space habitation is the norm.,"The Landsraad League, the Spacing Guild, the Bene Gesserit, various religious congregations, and the agnostic ruling class all operate as distinct power centers. The Guild gives free transport for political and ecumenical business. Multiple competing religious and political factions span thousands of worlds.","The appendix chronicles religious-political negotiations, the C.E.T. ecumenical commission, diplomatic compromises between faiths, and the political fallout of religious synthesis. It is fundamentally about the politics of religion across an interstellar civilization.","The appendix focuses on religious institutions, ecumenical negotiations, and cultural history. The Butlerian Jihad and religious riots represent military/violent elements, but the primary domain is civilian religious and political activity.",Space travel reshaped religion as frontier expansion historically reshaped beliefs. The Missionaria Protectiva planted legends on frontier worlds. Religious traditions scattered across colonized planets. The pattern mirrors how colonial expansion drove religious syncretism and conflict on Earth.,Guild navigators use spice for prescient space navigation through higher-order dimensions. Bene Gesserit sorceresses possess real powers through prana-bindu training and subtle narcotics. Fremen survive extreme desert through stillsuits and water discipline. Human biology is fundamentally altered by spice and training.
US,Dune,Appendix III - Report on Bene Gesserit Motives and Purposes,High contestation (frequent conflict or strategic struggle),Extensive territorial occupation (many settled worlds/regions held like states or empires),"Extreme / effectively unreachable (generational, completely separate, or one-way-feeling distance)",Radically different / alien social order,Shared lingua franca plus local variation,Nearly uninhabitable / lethal without major intervention,Normalized / widespread (space habitation is ordinary for humanity),Multiple distinct space polities,Political / diplomatic,Mostly civilian with some military presence,Like the frontier / colonial expansion,Very different (human bodies/technology constantly challenged),"The Harkonnens and Emperor's Sardaukar reoccupied Arrakis, killing Duke Leto and most Atreides troops. The Bene Gesserit's millennia-long breeding program is a form of strategic struggle. The Arrakis Affair represents intense multi-factional conflict over the most valuable planet in the universe.",The Bene Gesserit breeding program spans thousands of years across multiple planetary bloodlines. The Guild controls interstellar travel. The Emperor and Harkonnens fight over Arrakis. Multiple worlds and Great Houses are referenced as part of an extensive interstellar empire.,The Bene Gesserit breeding program watched the Atreides bloodline for over a thousand years and Jessica's gene-markers for almost two thousand years. Guild navigators traverse the void between stars. Arrakis is a distant desert planet. The distances and timescales are extreme.,The Bene Gesserit bred for a Kwisatz Haderach—a human who can use higher-order dimensions. Guild navigators use spice for limited prescience to guide ships through the void. The Missionaria Protectiva implanted legends on worlds centuries in advance. This social order is radically unlike Earth.,"Common language with extensive specialized terminology: Kwisatz Haderach, Sayyadina Rite, Missionaria Protectiva, Bene Gesserit, Reverend Mother, super-Mentat, prescience, nexus, and numerous terms from the breeding program and religious apparatus.",Arrakis is described as having a 'totality of desert landscape' and 'absolute lack of open water' with emphasis on 'the most primitive necessities for survival.' The planet inevitably produces a high proportion of sensitives due to its extreme environmental pressures.,Guild navigators routinely guide spaceships through the void. The Bene Gesserit operate across multiple worlds over millennia. The Missionaria Protectiva implants legends on planets as standard procedure. Interstellar civilization is the unremarkable backdrop of all events described.,"The Bene Gesserit, the Spacing Guild, the Emperor, the Harkonnens, the Atreides, and the Fremen all operate as distinct polities with competing agendas. The Guild's overtures to the Bene Gesserit about the future show them as separate powers negotiating.","The appendix is an analytical report on the Bene Gesserit's political and genetic scheming, their failure to recognize Paul, and the intersection of Guild, Imperial, and Sisterhood politics. It is fundamentally a political analysis.","The report focuses on the Bene Gesserit's civilian breeding program, religious manipulation, and political analysis. The Harkonnen-Sardaukar reoccupation of Arrakis is mentioned as military context, but the dominant focus is on civilian institutional scheming.",The Missionaria Protectiva planted legends on frontier worlds as a form of cultural colonization. Arrakis is treated as a frontier resource world. The Bene Gesserit's breeding program across worlds mirrors colonial-era programs of social engineering on distant territories.,Guild navigators use spice to access higher-order dimensions for space navigation. Paul demonstrates prescient abilities that defy four-dimensional explanation. The Bene Gesserit breed for superhuman mental powers. Arrakis's spice-rich diet produces sensitives. Human capabilities are profoundly altered.
US,Dune,Appendix IV - The Almanak en-Ashraf,High contestation (frequent conflict or strategic struggle),Extensive territorial occupation (many settled worlds/regions held like states or empires),"Extreme / effectively unreachable (generational, completely separate, or one-way-feeling distance)",Radically different / alien social order,Shared lingua franca plus local variation,Other / Unsure,Normalized / widespread (space habitation is ordinary for humanity),Multiple distinct space polities,Other / Unsure,Mixed civilian-military domain,Like the frontier / colonial expansion,Other / Unsure,The Arrakis Revolt overthrew Shaddam IV. Duke Leto was killed by treachery involving a Suk doctor and the Siridar-Baron. Feyd-Rautha briefly held the Harkonnen title before dying. House Ginaz was defeated in a War of Assassins. The biographical entries are structured around conflict and power struggles.,"Multiple planetary fiefs are referenced: Caladan (Atreides for twenty generations), Arrakis, Salusa Secundus (Imperial Prison Planet and retirement location), Lankiveil, Kaitain (seat of the Royal Court). House Corrino occupied the Golden Lion Throne for 81 generations.",Noble houses are scattered across separate star systems. The Emperor retired to Salusa Secundus. Fenring served on Arrakis then became Siridar-Absentia of Caladan. Jessica graduated from Wallach IX. The distances between these worlds are interstellar.,"Lady Alia's prenatal exposure to an awareness-spectrum narcotic made her 'pre-born.' Jessica was a Bene Gesserit of natural (illegitimate) Harkonnen birth. Anirul held Bene Gesserit Hidden Rank. The siridar-fief system, formal concubinage, and chaumurky (poison in drink) define a radically different social order.","Common language saturated with unique Imperial terminology: Padishah Emperor, siridar-fief, Siridar-Baron, na-Baron, chaumurky, Burseg, Sardaukar, Siridar-Absentia, Umma Regent, Bene Gesserit Hidden Rank, and numerous House-specific titles.","This appendix is a biographical reference with no direct depiction of environmental conditions. While Arrakis's hostility is implied in the Arrakis Revolt and Alia's birth there, the text itself is encyclopedic and does not describe survival conditions.","Multiple inhabited worlds are referenced casually—Caladan, Arrakis, Salusa Secundus, Lankiveil, Kaitain, Wallach IX. Interplanetary governance, planetary fiefs lasting generations, and interstellar political structures are treated as ordinary.","House Corrino (Imperial throne), House Atreides (Caladan fief), House Harkonnen (Giedi Prime), and numerous other Great Houses are described as distinct ruling entities controlling planetary fiefs within the Imperial system.",This appendix is an encyclopedic biographical reference—selected excerpts from the Almanak en-Ashraf describing noble houses. It does not function as narrative in any genre but serves as reference material.,"Military elements include Sardaukar training appropriations, Burseg ranks, and the Arrakis Revolt. Civilian elements include court functions, Bene Gesserit schooling, and planetary governance. The biographical entries span both domains.","Planetary fiefs are governed by siridar-governors, mirroring colonial administration. Arrakis was a colonial holding exploited for spice. The Atreides ruled Caladan as a siridar-fief for twenty generations. The system of planetary governorships closely parallels frontier colonial expansion.","As a biographical reference appendix, it does not directly describe physical environments. While references to awareness-spectrum narcotics, pre-born consciousness, and suspensor technology imply significant physical differences, the text itself is encyclopedic."
US,Dune,Terminology of the Imperium,High contestation (frequent conflict or strategic struggle),Extensive territorial occupation (many settled worlds/regions held like states or empires),"Extreme / effectively unreachable (generational, completely separate, or one-way-feeling distance)",Radically different / alien social order,Distinct space language(s),Nearly uninhabitable / lethal without major intervention,Normalized / widespread (space habitation is ordinary for humanity),Multiple distinct space polities,Other / Unsure,Mixed civilian-military domain,Like the frontier / colonial expansion,Radically non-Earth-like (physics/environment fundamentally unlike Earth experience),"Definitions include War of Assassins, kanly (formal vendetta), Sardaukar (soldier-fanatics), Fedaykin (death commandos), Battle Language, hunter-seekers, and numerous weapons. The Great Convention regulates but does not prevent constant conflict. The terminology is saturated with warfare.","Dozens of planets are named: Arrakis, Caladan, Giedi Prime, Salusa Secundus, Ecaz, Chusuk, Hagal, Tleilax, Tupile, Poritrin, and many others. Houses Major hold planetary fiefs. Houses Minor are planet-bound. The entire glossary describes an extensively settled multi-world empire.",The Zensunni Wanderers' forced migration passed through multiple star systems over generations. Heighliners carry cargo between distant worlds. The Ampoliros is the legendary Flying Dutchman of space. Planets orbit different stars across the galaxy.,"The glossary defines Bene Gesserit mental training, Mentat human computers, sandworms over 400 meters long, the Butlerian Jihad against thinking machines, Water of Life transformations, and the faufreluches caste system. Every aspect of this civilization is radically different from Earth.",The entire appendix IS the specialized language of the Imperium. Galach is defined as the official language—a hybrid Inglo-Slavic with strong cultural-specialization terms. Chakobsa is a secret 'magnetic language.' Battle Language is restricted-etymology combat speech. Multiple distinct languages exist.,"Stillsuits are body-enclosing garments essential for survival on Arrakis. Coriolis storms reach 700 km/h. Sandworms grow to over 400 meters. Dust chasms are deadly traps. Water discipline is 'harsh training' for existence on Arrakis. Without major technological intervention, death is immediate.",Heighliners are major cargo carriers of the Guild's transport system. Troop carriers move armies between planets. Frigates are grounded and launched routinely. Dozens of inhabited worlds are named. Interstellar civilization spanning countless planets is the ordinary background.,The Guild monopolizes space travel and banking. Houses Major hold planetary fiefs. Houses Minor are planet-bound entrepreneurs. The Emperor commands Sardaukar. The Bene Gesserit operate as a semi-independent order. The Landsraad High Council adjudicates disputes. CHOAM controls commerce.,This is a glossary/dictionary appendix providing definitions of Imperial terminology. It does not function as narrative in any genre but serves as an encyclopedic reference for the novel's specialized vocabulary.,"Military terms (Sardaukar, Bashar, Burseg, lasgun, shield, War of Assassins) are interleaved with civilian terms (stillsuit, melange, qanat, baliset, CHOAM). The glossary covers both military and civilian aspects of the Imperium equally.",Planetary fiefs governed by siridar-governors mirror colonial administration. The Missionaria Protectiva plants superstitions on primitive worlds for exploitation. Sardaukar training on harsh planets parallels frontier toughening. The entire structure resembles colonial imperial expansion.,Sandworms exceed 400 meters in length. Holtzman shields permit only slow-moving objects to pass. Suspensors nullify gravity. Coriolis storms reach 700 km/h. Spice transforms human consciousness and enables prescient space navigation. The physics and environment are fundamentally unlike Earth.
US,Dune,Afterword,Other / Unsure,Other / Unsure,Other / Unsure,Other / Unsure,Other / Unsure,Other / Unsure,Other / Unsure,Other / Unsure,Other / Unsure,Other / Unsure,Other / Unsure,Other / Unsure,The Afterword by Brian Herbert is non-fiction biographical commentary about Frank Herbert and the creation of Dune. It discusses the novel's themes of messianic leadership and ecological consciousness but does not itself portray space contestation.,"As a non-fiction afterword about the author's life and the novel's publishing history, it does not portray territorial occupation in space. It references the 'galactic empire' of the novel in passing but as meta-commentary.","The Afterword discusses the real-world inspirations for Dune (Oregon sand dunes, Lawrence of Arabia, Mexican deserts) rather than depicting interstellar distances. It is biographical non-fiction, not narrative.","While the Afterword discusses how Frank Herbert drew on diverse cultural sources (Buddhism, Islam, Catholicism, Navajo, Aboriginal) to create Dune's culture, it does so as literary analysis, not as space-culture portrayal.","The Afterword notes that Dune's words come from many real-world languages including Navajo, Latin, Chakobsa, Arabic, and others. However, this is meta-commentary about the novel's construction, not in-universe language portrayal.","The Afterword discusses Arrakis as a hostile desert planet and draws parallels to Earth deserts (Gobi, Kalahari, Australian Outback), but as literary analysis rather than direct environmental portrayal.","The Afterword briefly mentions the galactic empire and Guild Navigators as elements of the novel's worldbuilding, but as biographical and literary commentary rather than narrative depiction of space habitation.","Political structures are referenced as themes Frank Herbert explored (drawing on his experience as a political speechwriter), but the Afterword is non-fiction meta-commentary about the novel's creation.",The Afterword is non-fiction biographical and literary commentary by Brian Herbert about his father Frank Herbert and the creation of Dune. It does not function as narrative fiction in any genre.,"As a non-fiction afterword about the author's life and creative process, it does not depict military or civilian space domains. It discusses these themes only as elements of the novel's construction.","The Afterword draws parallels between Dune and Lawrence of Arabia, and between sandworms and Beowulf's dragon, but as literary analysis. It characterizes the desert as an 'ocean of sand' but this is meta-commentary.","The Afterword discusses Arrakis's extreme physical differences from Earth as thematic elements (no aliens, mutant Guild Navigators are human, sandworms as dragons), but as literary analysis rather than direct portrayal of physical space conditions."
