country,book,chapter,q1,q2,q3,q4,q5,q6,q7,q8,q9,q10,q11,q12,q1_justification,q2_justification,q3_justification,q4_justification,q5_justification,q6_justification,q7_justification,q8_justification,q9_justification,q10_justification,q11_justification,q12_justification
US,Foundation,front_matter,Other / Unsure,Other / Unsure,Other / Unsure,Other / Unsure,Other / Unsure,Other / Unsure,Other / Unsure,Other / Unsure,Other / Unsure,Other / Unsure,Other / Unsure,Other / Unsure,The front matter consists only of a table of contents listing the five parts of Foundation. No narrative content or depiction of conflict is present.,"The table of contents provides part titles (The Psychohistorians, The Encyclopedists, The Mayors, The Traders) but no substantive portrayal of territorial occupation in space.",No journey distances or spatial separations are depicted in this table of contents.,No cultural details are presented in the front matter beyond the book's structural organization.,No language or communication details are depicted in the front matter.,No environmental conditions are described in this table of contents.,No information about the prevalence of space habitation is provided in the front matter.,No political structures are described in this table of contents.,"The front matter is a table of contents, not a narrative chapter with discernible genre.",No military or civilian domain is depicted in this front matter.,No characterization of space as a domain is present in this table of contents.,No physical environment is described in the front matter.
US,Foundation,Part 1 Chapter 1,No contestation,Extensive territorial occupation (many settled worlds/regions held like states or empires),"Extreme / effectively unreachable (generational, completely separate, or one-way-feeling distance)",Distinct space culture,"Mostly same, with dialect/slang differences",Manageable but risky,Normalized / widespread (space habitation is ordinary for humanity),Single unified authority,Drama,Entirely civilian,Like the ocean / naval,Moderately different (regular adaptation needed),The chapter depicts Gaal Dornick's peaceful journey to Trantor to join the Seldon Project. There is no conflict—only a young scholar's wonder at space travel and his eagerness to see the Imperial capital. The Empire is presented as stable and unified.,"There are nearly twenty-five million inhabited planets in the Galaxy, all owing allegiance to the Empire seated on Trantor. This is the most extensive territorial occupation conceivable—an entire galaxy governed as a single imperial domain.",Gaal travels from Synnax at the edges of the Blue Drift to Trantor near the Galactic center via multiple hyper-space Jumps. Travel through ordinary space at light speed would mean years between even the nearest systems. The distances are galaxy-spanning.,"A 12,000-year-old Galactic Empire with hyper-video, three-dimensional newscasts, Imperial Coronations, and Galactic Council sessions. Gaal's provincial accent marks him as culturally different from Trantor natives. The culture is distinctly space-based but recognizably human.","Gaal and the ship's officer communicate in the same language without difficulty, but Gaal is self-conscious about his provincial accent. The differences are dialectal rather than linguistic—different worlds produce different accents.","The ship's officer warns Gaal that viewing Trantor from the sunside would leave him 'blinded, burnt, and radiation-scarred.' Space travel involves radiation hazards, but the ship is large, glistening, and comfortable. The risks are managed by technology.",Twenty-five million inhabited planets exist. Gaal had traveled in space before. Space travel is routine—even Synnax at the galaxy's edge is 'not cut off from civilization.' Hyper-video connects all worlds. Space habitation is completely ordinary.,"Every one of the twenty-five million inhabited planets owes allegiance to the Empire seated on Trantor. It is explicitly stated as a single unified imperial authority, though noted this was the last half-century this would be true.","A young scholar travels to the galactic capital to join a great project. The chapter is driven by Gaal's wonder, his personal journey, and the introduction of the Seldon Project. No combat, exploration, or political maneuvering—pure character-driven drama.",Gaal is a mathematician with a fresh doctorate. He travels on a civilian vessel to join an academic project. The ship's officer wears a white uniform but serves a transport role. Everything in the chapter is civilian.,"Space travel mirrors ocean voyaging: a ship with officers in white uniforms bearing the Spaceship-and-Sun emblem, a View-room for watching the stars, announced landing preparations, and the guide pointing out destinations. The language and structure are naval.","Hyper-space Jumps produce only a trifling jar. The ship is comfortable and glistening. However, radiation risks near suns require shielded landing procedures. Gaseous nebulae and dense star clusters near the Galactic center create an unfamiliar physical environment that requires technological adaptation."
US,Foundation,Part 1 Part V,Other / Unsure,Other / Unsure,Other / Unsure,Other / Unsure,Other / Unsure,Other / Unsure,Other / Unsure,Other / Unsure,Other / Unsure,Other / Unsure,Other / Unsure,Other / Unsure,"This is Isaac Asimov's non-fiction essay about the creation of the Foundation series, discussing his meetings with editor John Campbell, the publishing history, and the inspiration from Gibbon's Decline and Fall. It is authorial meta-commentary, not narrative.","As a non-fiction essay about the writing and publishing history of Foundation, it does not portray territorial occupation. It mentions the Galactic Empire concept only as a plot idea Asimov developed.",No narrative depiction of journey distances. The essay discusses Asimov's real-world travels to meet editors in New York and his career progression.,"The essay discusses real-world American literary culture of the 1940s-1980s, not the fictional space culture of Foundation. References to psychohistory and Galactic Empires are as plot concepts, not depicted culture.",No fictional language or communication is depicted. The essay is written in standard English about the publishing industry.,"No environmental conditions of space are described. The essay takes place entirely in real-world settings (Columbia University, editors' offices, Brooklyn Bridge).",No depiction of space habitation. The essay is about the real-world creation of a science fiction series.,No fictional political structures are depicted. The essay mentions the Galactic Empire only as a story concept.,"This is a non-fiction authorial essay about publishing history, not a narrative chapter. It has no fictional genre.",No military or civilian space domain is depicted. The essay is about Asimov's career in the publishing industry.,"No characterization of space as a domain is present. The essay discusses the inspiration (Roman Empire, Gibbon) but as literary influence, not in-universe portrayal.",No physical space environment is described. The essay is entirely about the real-world creation of the Foundation series.
US,Foundation,Part 1 Chapter 2,"Low contestation (minor competition, little open conflict)",Extensive territorial occupation (many settled worlds/regions held like states or empires),"Extreme / effectively unreachable (generational, completely separate, or one-way-feeling distance)",Distinct space culture,"Mostly same, with dialect/slang differences",Manageable but risky,Normalized / widespread (space habitation is ordinary for humanity),Single unified authority,Drama,Entirely civilian,Like the ocean / naval,Moderately different (regular adaptation needed),"A mysterious figure follows Gaal from the debarkation desk, noting his destination. This surveillance implies underlying tension and possible threat, but there is no open conflict. The chapter is otherwise peaceful—a routine arrival at an imperial capital.","Gaal arrives at Trantor, the seat of a Galaxy-spanning Empire with twenty-five million inhabited planets. The massive Debarkation Building, visa inspections, and mass transit infrastructure reflect the administrative apparatus of an empire holding extensive territory.",Gaal has traveled from Synnax at the galaxy's edge to Trantor near the galactic center. The different gravity and air thickness between his home world and Trantor reflect the vast distances separating inhabited worlds.,Trantor is an entirely enclosed city-planet with no glimpse of sky. Force-fields orient debarkation rooms to changing gravity. Guided light trails navigate passengers through vast buildings. Flying taxis travel through tunnel networks inside the planet's structure. This is a distinctly space-era culture.,"Gaal communicates easily with the desk clerk, taxi supervisor, and driver in the same language. His provincial background is implied by his unfamiliarity with Trantor's systems, but no accent or language barriers are noted in this chapter.","Trantor's air is slightly thicker and gravity slightly greater than Synnax. Atmospheric friction during landing creates heat requiring conditioners. However, all risks are managed by technology—force-fields, conditioners, and enclosed structures make the environment comfortable.","Thousands of passengers debark simultaneously in routine fashion. The Debarkation Building operates with the efficiency of mass transit. Taxis, hotels, and infrastructure serve a constant flow of interstellar arrivals. Space habitation is completely ordinary.",Gaal's visa is inspected and stamped at the Imperial capital. The Debarkation Building's massive scale and organized infrastructure reflect a single centralized authority governing the galaxy. No competing polities are evident.,"A provincial newcomer arrives overwhelmed at the immense imperial capital, navigates unfamiliar systems, and is secretly followed by a mysterious figure. The chapter is character-driven drama about a young man's disorientation in a vast city.","The chapter depicts entirely civilian activities: debarkation, visa inspection, taxi hailing, hotel arrival. The infrastructure is civilian mass transit. No military presence or references appear.","The ship lands with debarkation rooms, locks, hoists for baggage, and passengers crawling down ramps—all naval terminology and procedures. The flight of taxis and tunnel navigation echo harbor and port operations. Space travel mirrors maritime arrival procedures.","Trantor has slightly different gravity and air thickness than Synnax. The planet is entirely enclosed with no sky visible. Flying taxis navigate through tunnel networks within the structure. The physical environment requires regular adaptation—adjusting to gravity, air, and enclosed living—but is not extreme."
US,Foundation,Part 1 Chapter 3,"Low contestation (minor competition, little open conflict)",Extensive territorial occupation (many settled worlds/regions held like states or empires),"Extreme / effectively unreachable (generational, completely separate, or one-way-feeling distance)",Distinct space culture,"Mostly same, with dialect/slang differences",Manageable but risky,Normalized / widespread (space habitation is ordinary for humanity),Single unified authority,Drama,Entirely civilian,Like the ocean / naval,Moderately different (regular adaptation needed),"Jerril, an agent of the Commission of Public Safety, covertly follows Gaal and questions him about Seldon. Seldon is nicknamed 'Raven' for predicting disaster. The Encyclopedia Galactica notes revolts made Emperors conscious of Trantor's vulnerability. Tension is building but there is no open conflict.",Trantor's 75 million square miles are entirely urbanized with forty billion people. Twenty agricultural worlds supply its food. The planet is the administrative center of a galaxy-spanning Empire. The scale of territorial occupation is immense.,Gaal has traveled from the galaxy's edge to its center. The Emperor's palace with its natural soil might be ten thousand miles away on the same planet. The galaxy-wide supply lines and planet-scale infrastructure reflect extreme distances.,"Trantorians are born in cubicles, grow up in corridors, work in cells, and vacation in artificial sun-rooms. Children brought outside scream in hysteria. The room clerk hasn't been outdoors in three years. The culture of an entirely enclosed city-planet is distinctly space-era, profoundly different from Earth life.","Gaal and Jerril communicate easily in the same language. 'Raven Seldon' is identified as slang. The language is the same throughout the Empire, with slang and colloquial variations.","Trantor is a completely managed environment—geothermal energy, tunneled over a mile deep, enclosed living. However, the Encyclopedia notes its dependence on external food makes it increasingly vulnerable to siege. The risks are systemic rather than environmental.",Forty billion people live on a single enclosed planet. Fleets of tens of thousands of ships bring food daily from twenty agricultural worlds. Living entirely beneath metal with no exposure to sky is the norm for Trantorians. Space-era living is completely ordinary.,"The Empire governs from Trantor with an Emperor and administrative apparatus serving twenty-five million worlds. The Commission of Public Safety operates as an internal security force. Despite noted revolts, the unified authority still holds.","Gaal experiences the awe of seeing Trantor's surface for the first time, converses with the mysterious Jerril, and discovers Seldon waiting in his room. The chapter is driven by wonder, character interaction, and the gradual revelation of political tension—dramatic rather than action-oriented.","The chapter depicts a tourist outing to an observation tower, a hotel room, and civilian conversation. The Commission of Public Safety operates covertly. No military presence or operations are depicted.","Trantor is described like an island dependent on maritime supply lines—fleets of ships bring food from agricultural worlds, and its vulnerability is its 'delicate jugular vein' of supply. The enclosed planet with supply ships echoes a naval/maritime dependency.",Trantor is entirely enclosed in metal with no visible sky or greenery except the Emperor's palace. Gravitic-repulsion elevators cause zero-gravity moments. Geothermal energy replaces atomic generators. The physical environment requires significant adaptation from open-world dwellers but is manageable.
US,Foundation,Part 1 Chapter 4,Moderate contestation (ongoing rivalry/disputes),Extensive territorial occupation (many settled worlds/regions held like states or empires),"Extreme / effectively unreachable (generational, completely separate, or one-way-feeling distance)",Distinct space culture,"Mostly same, with dialect/slang differences",Manageable but risky,Normalized / widespread (space habitation is ordinary for humanity),Single unified authority,Political / diplomatic,Entirely civilian,Like the frontier / colonial expansion,Moderately different (regular adaptation needed),"Seldon reveals the Commission of Public Safety is investigating his project, he has a 1.7% probability of execution, and psychohistory predicts Imperial assassination, viceregal revolts, and Trantor's 92.5% probability of total destruction within three centuries. The Empire is riven with ongoing rivalry and decline.","The Galactic Empire spans twenty-five million worlds. Seldon's psychohistory factors in planetary explorations, viceregal governance, and imperial economics across this vast territory. The scale of territorial occupation is galaxy-wide.",Psychohistory analyzes trends across a galaxy of twenty-five million worlds over centuries. The prediction spans three hundred years into the future. The distances and timescales are extreme—galactic in scope and generational in duration.,Psychohistory is a mathematical science that treats entire civilizations as statistical populations. Seldon uses a calculator pad with glowing red symbols to model the Empire's fate. The concept of scientifically predicting civilizational collapse defines a distinctly space-era culture.,"Gaal and Seldon discuss mathematics fluently using specialized terminology—Seldon Functions, set-transformations, field-differentiation, socio-operations. The language is the same throughout the Empire, enriched by technical jargon.",The physical environment is comfortable—a hotel room conversation. The risks are political: Seldon faces a 1.7% execution probability. Trantor's systemic vulnerability to siege represents a managed but risky civilizational condition rather than immediate environmental hostility.,The entire conversation assumes galaxy-wide civilization as ordinary background. Declining planetary explorations and recurring economic depressions are treated as statistical variables in a model. Space habitation spanning millions of worlds is the unremarkable norm.,"The Imperium operates as a single authority with Emperors, viceroys, and a Commission of Public Safety. However, Seldon identifies instability: uncertain Imperial succession, feuding great families, and viceregal revolts indicating the authority is fragmenting.","The chapter centers on Seldon's political analysis of the Empire's decline—using psychohistory to demonstrate civilizational collapse. Government surveillance, risk of execution, and the suppression of unfavorable predictions make this fundamentally political.",The chapter is an academic discussion between a professor and student about mathematical predictions. The Commission of Public Safety is a civilian security apparatus. No military presence or operations are depicted.,Seldon describes declining planetary explorations and the fragmentation of imperial authority into viceregal revolts and feuding families—the pattern of a colonial empire losing control of its frontier territories as central authority weakens.,"The physical setting is a hotel room on an enclosed city-planet. Calculator pads with glowing symbols are used for mathematical analysis. The environment is technologically advanced but physically comfortable, requiring moderate adaptation from visitors accustomed to open-sky worlds."
US,Foundation,Part 1 Chapter 5,Moderate contestation (ongoing rivalry/disputes),Extensive territorial occupation (many settled worlds/regions held like states or empires),"Extreme / effectively unreachable (generational, completely separate, or one-way-feeling distance)",Distinct space culture,"Mostly same, with dialect/slang differences",Manageable but risky,Normalized / widespread (space habitation is ordinary for humanity),Single unified authority,Political / diplomatic,Entirely civilian,Like the frontier / colonial expansion,Moderately different (regular adaptation needed),"Gaal is detained by the Commission of Public Safety and interrogated about Seldon's predictions. Seldon is arrested. The lawyer Avakim reveals the Commission has been increasingly hostile to the Seldon project, interfering with new recruits. The Commission uses illegal spy beams. Political conflict between the project and the imperial authorities is active.","The Galactic Empire spans the galaxy with its Commission of Public Safety, Imperial citizens' rights, and administrative structure governing billions of people. Gaal asserts his rights as an Imperial citizen from Synnax, showing the Empire's reach.",Seldon's psychohistory can predict fifteen hundred years into the future. Gaal has traveled from Synnax at the galaxy's edge. The project encompasses plans spanning centuries across galaxy-wide distances.,"Psychohistory as a statistical science of civilizational prediction defines this culture. Cellomet legal forms on thin metal tape, personal capsules, pocket recorders that blank spy beams, and the mathematical calculation of individual probabilities (77.2% for Gaal's safety) show a distinctly space-era culture.","Gaal, Avakim, and the inquisitors all communicate in the same language without difficulty. Gaal is noted as 'from the provinces,' implying dialectal difference. Technical and legal terminology enriches the common language.","The physical environment is comfortable—hotel rooms and detention quarters on Trantor. The risks are political: Gaal has a 77.2% chance of favorable outcome, less than 1% chance of death. The dangers are from state actors, not environmental conditions.",Imperial citizenship spans the galaxy. Gaal's rights as a citizen of distant Synnax are recognized on Trantor. The legal and political infrastructure operates across space as ordinary governance.,"The Commission of Public Safety operates as the de facto power on Trantor, with the Emperor reduced to a figurehead. The aristocratic families (Chens and Divarts) control the Commission. Despite internal politics, it remains a single imperial authority.","The chapter is entirely political: detention, interrogation, legal representation, spy beams, counter-surveillance, and calculated probabilities of trial outcomes. Seldon deliberately forced the Commission's hand for strategic purposes. Pure political maneuvering.",The detention and interrogation are conducted by civilian authorities (Commission of Public Safety). The lawyer Avakim handles legal matters. No military forces or operations appear. The conflict is entirely political-civilian.,Avakim describes an Empire where the Emperor is a figurehead and aristocratic families control the state—the pattern of a colonial empire's central authority decaying into oligarchy. The provincial citizen Gaal has fewer practical rights than the metropolitan aristocracy.,"Cellomet legal forms, personal capsules, pocket recorders with spy-beam-blanking capabilities, and the enclosed city-planet setting represent moderate physical differences. The technology is advanced but the human experience is recognizable—rooms, doors, conversations."
US,Foundation,Part 1 Chapter 6,Moderate contestation (ongoing rivalry/disputes),Extensive territorial occupation (many settled worlds/regions held like states or empires),"Extreme / effectively unreachable (generational, completely separate, or one-way-feeling distance)",Distinct space culture,"Mostly same, with dialect/slang differences",Manageable but risky,Normalized / widespread (space habitation is ordinary for humanity),Single unified authority,Political / diplomatic,Entirely civilian,Like the frontier / colonial expansion,Moderately different (regular adaptation needed),"Seldon is on trial before the Commission of Public Safety, accused of treason for predicting the Empire's fall. The Advocate accuses him of gathering a private army. Cries of 'Treason' erupt from the audience of Imperial Barons. The trial represents intense political contestation between Seldon's project and the ruling aristocracy.",The Empire has stood for twelve thousand years with a quadrillion human beings across the galaxy. Trantor alone has forty billion people. The Encyclopedia Galactica is to be distributed to every major library in the Galaxy. The scale of territorial occupation is galaxy-wide.,"Seldon predicts thirty thousand years of dark ages—worlds losing touch with the main body of the Galaxy. Interstellar wars will be endless, interstellar trade will decay. The distances between worlds are so vast that without imperial order, civilizations will become isolated.",Psychohistory treats a quadrillion humans as a statistical population. The Commission wears scarlet and gold with plastic judicial caps. The aristocratic Barons form the audience. The concept of compressing thirty thousand years of dark ages into one millennium through an Encyclopedia defines a distinctly space-era cultural ambition.,"The trial proceeds in a common language understood by all participants. Legal terminology, psychohistoric concepts, and political rhetoric are specialized but shared. No translation or language barriers are noted.","The physical setting is a courtroom—no environmental hazards. The risks are political: Seldon faces possible execution. He predicts interstellar wars and civilizational collapse as future hazards. Currently, the environment is managed and comfortable.","A quadrillion human beings live across the galaxy. The Encyclopedia Galactica will have copies in every major library. Interstellar trade, communication, and governance are ordinary. Space habitation across millions of worlds is the unremarkable norm.","The Galactic Empire remains a single authority, though Seldon predicts its imminent collapse. The Commission of Public Safety conducts the trial under imperial auspices. The Barons form the audience. One Empire still governs, though its fall is mathematically certain.","The entire chapter is a political trial: legal arguments, accusations of treason, Seldon's masterful political performance predicting imperial collapse. Seldon manipulates the proceedings to achieve his own strategic goals. Pure political drama.",The trial is conducted by civilian commissioners and an advocate. The audience is aristocratic Barons. Seldon's project consists of thirty thousand civilians working on an encyclopedia. The Advocate's accusation of a private army is refuted—none have military training.,"Seldon describes an Empire losing its frontier—declining planetary explorations, receding initiative, freezing of caste. Worlds will lose touch with the Galaxy. The pattern is colonial collapse: a central authority losing control of distant territories, reverting to isolated frontier outposts.","The courtroom setting with scarlet-and-gold uniforms, plastic judicial caps, and the Chief Commissioner's gavel represents moderate technological difference. Calculator pads and psychohistoric mathematics are advanced, but the physical environment is a recognizable courtroom on an enclosed city-planet."
US,Foundation,Part 1 Chapter 7,"Low contestation (minor competition, little open conflict)",Extensive territorial occupation (many settled worlds/regions held like states or empires),"Extreme / effectively unreachable (generational, completely separate, or one-way-feeling distance)",Distinct space culture,Same languages as Earth,Benign / easily survivable,Normalized / widespread (space habitation is ordinary for humanity),Single unified authority,Political / diplomatic,Entirely civilian,Like the frontier / colonial expansion,Almost Earth-like,"The chapter depicts a political negotiation between Seldon and Chief Commissioner Linge Chen, who holds real power behind the Emperor. The conflict is political maneuvering rather than open warfare, with Chen offering exile as an alternative to execution.","The Galactic Empire controls vast territories. Terminus is described as an uninhabited planet at the edge of the Galaxy that the Commission can assign as an exile destination, implying extensive imperial control over worlds.","Terminus is described as being at the edge of the Galaxy, effectively serving as a remote exile location. The distance is so great that exile there is considered a severe punishment, separating Seldon from the center of civilization.","The political structure with a figurehead Emperor and a powerful Commission of Public Safety, combined with psychohistory as a discipline and Trantor as a galaxy-spanning capital, reflects a culture far removed from Earth norms.",All characters communicate without any language barriers or translation needs. There is no mention of linguistic diversity or communication challenges in this political meeting.,The chapter takes place entirely within Trantor's enclosed environment. The physical environment poses no survival challenges; all danger comes from political threats rather than environmental hostility.,"Space habitation across the Galaxy is completely normalized. The discussion of exiling thousands of people to a distant planet is treated as a logistical and political matter, not an extraordinary feat.","The Galactic Empire under the Emperor (with real power held by the Commission of Public Safety and Linge Chen) represents a single unified authority governing the Galaxy, though Seldon predicts its eventual fall.","The entire chapter is a political negotiation where Chen offers Seldon a deal—exile to Terminus or death. It is a diplomatic exchange with ultimatums, deadlines, and strategic calculations about the Empire's future.","The scene is a civilian political meeting between a commissioner and an academic. While the threat of execution looms, the interaction is entirely within civilian governmental and judicial frameworks.","Terminus at the Galaxy's edge evokes frontier imagery—an uninhabited world where exiles will establish a new settlement far from the center of civilization, reminiscent of colonial exile to distant territories.","The chapter takes place in enclosed rooms on Trantor. The physical environment described is entirely comfortable and Earth-like in terms of gravity, atmosphere, and living conditions."
US,Foundation,Part 1 Chapter 8,"Low contestation (minor competition, little open conflict)",Extensive territorial occupation (many settled worlds/regions held like states or empires),"Extreme / effectively unreachable (generational, completely separate, or one-way-feeling distance)",Distinct space culture,Same languages as Earth,Benign / easily survivable,Normalized / widespread (space habitation is ordinary for humanity),Single unified authority,Political / diplomatic,Mostly civilian with some military presence,Like the frontier / colonial expansion,Almost Earth-like,"The chapter shows Seldon operating under martial law but with no active conflict. The soldiers enforcing the University's restrictions are orderly, and Seldon reveals the exile was planned years in advance, suggesting managed political tension rather than open conflict.","References to Terminus, Anacreon, and the second Foundation at 'Star's End' at the other end of the Galaxy reinforce the vast territorial scope of human settlement across the entire Galaxy.","Terminus is at the Galaxy's edge, and the second Foundation is at 'Star's End' at the opposite end. These extreme distances mean effective separation from Trantor and the galactic center, with exile feeling permanent.",Trantor's University district with open sky and silvery metal buildings represents a unique cultural space. The concept of psychohistory shaping civilization's future and the enclosed planet-city reflect a culture entirely distinct from Earth origins.,"All dialogue occurs without any language barriers. Seldon, Gaal, and the soldiers communicate seamlessly with no mention of translation or linguistic differences.","The University grounds feature open sky, fresh air, and comfortable buildings. Even Trantor's enclosed sections are described as easily habitable. The environment poses no physical survival challenge.",Planning to relocate an entire academic community to a distant planet is treated as a logistical exercise. Space travel and habitation across the Galaxy are completely ordinary aspects of this civilization.,"The Empire still functions as a single authority imposing martial law and controlling planetary assignments. However, Seldon hints at future fragmentation by mentioning instigating a revolt on Anacreon.","Seldon reveals his long-term political strategy: the exile was planned 2.5 years in advance, a revolt on Anacreon will be timed precisely, and a second Foundation exists at Star's End. The chapter is dominated by strategic political planning.","Soldiers enforce martial law at the University, but the focus is on Seldon's civilian academic mission. The military presence is a backdrop to the civilian planning for the Encyclopedia Foundation.","The planned settlement of Terminus explicitly evokes frontier colonization—academics exiled to an uninhabited world at the Galaxy's edge to build a new community, paralleling historical colonial expeditions.","The University grounds with open sky, natural light, and silvery buildings present a comfortable, Earth-like environment. Even the taxi ride through tunnels suggests engineered but livable conditions throughout Trantor."
US,Foundation,Part 2 Chapter 1,Moderate contestation (ongoing rivalry/disputes),Extensive territorial occupation (many settled worlds/regions held like states or empires),"Extreme / effectively unreachable (generational, completely separate, or one-way-feeling distance)",Distinct space culture,Same languages as Earth,Manageable but risky,Normalized / widespread (space habitation is ordinary for humanity),Multiple distinct space polities,Political / diplomatic,Entirely civilian,Like the frontier / colonial expansion,Almost Earth-like,"Anacreon's governor has declared himself king, cutting off Terminus's trade routes. At least twenty outer prefects have broken away from the Empire. An envoy from Anacreon is being sent to Terminus, suggesting growing political pressure and rivalry over control of the Periphery.","The Galaxy contains numerous settled worlds organized into prefects. Terminus is described as a planet at the fringe of the Galactic spiral, and trade routes connect it to Santanni, Trantor, and Vega. Multiple kingdoms are forming from former Imperial prefects.","Terminus is at the very edge of the Galactic spiral, isolated from the inner regions. The cutoff of trade routes by Anacreon effectively severs Terminus from Trantor and the Empire's core, emphasizing the vast separating distances.","Terminus has developed its own culture over 50 years as a scholarly community centered on the Encyclopedia. It uses stainless steel currency because all metals must be imported, and has its own municipal government, City Council, and newspaper—a distinct small-world academic culture.","All characters communicate without any language barriers. Hardin and Pirenne discuss politics, trade, and the Encyclopedia without any mention of linguistic differences across the Galaxy.","Terminus itself is physically habitable but resource-poor, lacking metals entirely. The planet cannot support a mechanized civilization independently and depends on imports, making survival manageable but precarious when trade routes are cut off.",Space habitation across the Galaxy is completely ordinary. The discussion centers on political and economic problems rather than the novelty of living on distant worlds. Terminus has a growing population with municipal governance after 50 years.,"The Galactic Empire is fragmenting. At least twenty outer prefects have broken away, with Anacreon declaring a kingdom. Terminus exists as a nominally Imperial domain but is practically independent. The political landscape is shifting from unified empire to multiple kingdoms.","The chapter is entirely about political tensions: Anacreon's secession, the threat to Terminus's trade, the debate between Hardin and Pirenne about how to respond, and the announcement of an incoming diplomatic envoy.","Both Hardin and Pirenne are civilians—a mayor and an academic administrator. Their debate concerns trade, governance, and the Encyclopedia. No military characters or operations appear in this chapter.","Terminus is explicitly a frontier world—resource-poor, at the Galaxy's edge, dependent on imports, with a small population trying to sustain civilization. The breakdown of central authority mirrors frontier colonial situations where distant settlements lose metropolitan support.","Terminus appears to have a comfortable, habitable environment with aqueducts, a city, and agricultural potential. The challenges are economic (lack of metals) rather than environmental. Living conditions seem Earth-like."
US,Foundation,Part 2 Chapter 2,Moderate contestation (ongoing rivalry/disputes),Extensive territorial occupation (many settled worlds/regions held like states or empires),"Extreme / effectively unreachable (generational, completely separate, or one-way-feeling distance)",Distinct space culture,Same languages as Earth,Manageable but risky,Normalized / widespread (space habitation is ordinary for humanity),Multiple distinct space polities,Political / diplomatic,Mostly civilian with some military presence,Like the frontier / colonial expansion,Almost Earth-like,Anacreon has recently fought a war with Smyrno and now pressures Terminus for tribute and a military base. Multiple kingdoms compete for territory in the Periphery. The diplomatic visit is essentially a veiled threat of annexation.,"Multiple kingdoms (Anacreon, Smyrno, Konom, Daribow) control stellar systems. Anacreon holds territory including two systems taken from Smyrno. The discussion of land estates and strategic planetary positions confirms extensive territorial occupation across many worlds.","Terminus is less than fifty parsecs from Smyrno's capital yet feels completely cut off from the Empire's center. The Galaxy stretches from horizon to horizon in the sky, and the few stars at the universe's edge are insignificant, emphasizing the vast scale.","Anacreon has developed a feudal noble culture with estates, peasantry, and military nobility—completely different from Terminus's scholarly republic. The cultural gap between the two worlds is stark, with Haut Rodric bewildered by a society without peasants or nobles.",All characters communicate freely despite being from different worlds. The sub-prefect and the Terminus officials converse without any translation needs or linguistic barriers.,"Terminus is habitable with fertile land and agricultural capability, but lacks metals entirely and uses steel as currency. The risk comes from resource dependency and political vulnerability rather than environmental hostility.","Living on different worlds is completely ordinary. The envoy casually discusses wars between stellar kingdoms, land estates on planets, and interstellar trade as mundane political realities.","The chapter features several independent kingdoms (Anacreon, Smyrno, Konom, Daribow) plus the weakening Empire and the quasi-independent Foundation. These are distinct polities with their own rulers, militaries, and foreign policies.","The entire chapter is a diplomatic encounter where Anacreon's envoy attempts to negotiate Terminus's submission through a mix of military intimidation and political maneuvering, while Hardin strategically extracts intelligence about Anacreon's technological decline.","The diplomatic meeting is civilian, but Haut Rodric is a military nobleman who describes war exploits and proposes establishing a military base. The blaster exchange ceremony and discussion of wars between kingdoms introduce a military dimension.","The dynamic strongly evokes colonial frontier politics: a powerful kingdom trying to annex a weaker frontier settlement, proposing to parcel land into noble estates with peasantry, and extracting tribute—classic colonial expansion patterns.","The chapter describes a warm summer evening on a balcony, fertile unoccupied land, and agricultural production. Terminus's physical environment is comfortable and Earth-like despite its resource poverty in metals."
US,Foundation,Part 2 Chapter 3,Moderate contestation (ongoing rivalry/disputes),Extensive territorial occupation (many settled worlds/regions held like states or empires),"Extreme / effectively unreachable (generational, completely separate, or one-way-feeling distance)",Distinct space culture,Same languages as Earth,Manageable but risky,Normalized / widespread (space habitation is ordinary for humanity),Multiple distinct space polities,Political / diplomatic,Entirely civilian,Like the frontier / colonial expansion,Almost Earth-like,"Anacreon threatens Terminus with annexation while the Board of Trustees relies on the Emperor's protection. Hardin warns of imminent danger, noting the Foundation has bluffed Anacreon about nuclear weapons for two months. The Periphery is revolting and petty wars are becoming eternal.","The chapter references the vast Galactic Empire with its Chancellor, the breakaway Periphery kingdoms, and Terminus with its million inhabitants. Multiple worlds and political entities occupy the Galaxy as settled territories.","Hardin notes the Emperor is thousands of parsecs away and doubts he cares about Terminus. The vast distance makes Imperial protection effectively meaningless, leaving Terminus isolated at the Galaxy's edge.","Terminus has evolved a unique culture: a scientific foundation with a million inhabitants, its own municipal government, newspaper, and economy based on stainless steel currency. The tension between Encyclopedia scholars and ordinary citizens reflects a distinct cultural identity.",All characters communicate without language barriers during the Board meeting and political discussions. No linguistic differences are mentioned across the various worlds referenced.,"Terminus has farms, homes, and factories supporting a million people, but cannot sustain mechanized civilization without metal imports. The cutoff of trade and the threat of Anacreonian annexation make survival precarious.","A million people live on Terminus as an ordinary community with farms, factories, and civic institutions. Space habitation across the Galaxy is completely routine; the concerns are political, not about the novelty of space living.","The weakening Empire, the breakaway Periphery kingdoms, and the quasi-independent Foundation represent multiple distinct polities. Hardin notes whole systems are losing nuclear power and going back to barbarous techniques as the political landscape fragments.","The chapter centers on a Board of Trustees meeting debating how to handle Anacreon's threat—whether to rely on Imperial diplomacy, militarize, or wait for Seldon's Vault. It is entirely political deliberation.","All participants are civilians: scholars on the Board, a mayor, and politicians. Hardin advocates for military preparedness but the Foundation currently has no military capability, only commercial nuclear power.","Terminus is a frontier settlement losing contact with the metropolitan center. The breakdown of Imperial authority over the Periphery, the reversion to primitive technology, and the vulnerability of the isolated Foundation all parallel colonial frontier dynamics.","Terminus supports agriculture, aqueducts, and a city of a million people. The physical environment is comfortable and Earth-like; challenges are political and economic rather than environmental."
US,Foundation,Part 2 Chapter 4,Moderate contestation (ongoing rivalry/disputes),Extensive territorial occupation (many settled worlds/regions held like states or empires),"Extreme / effectively unreachable (generational, completely separate, or one-way-feeling distance)",Distinct space culture,Same languages as Earth,Manageable but risky,Normalized / widespread (space habitation is ordinary for humanity),Multiple distinct space polities,Political / diplomatic,Entirely civilian,Like the frontier / colonial expansion,Almost Earth-like,The Anacreonian threat looms while Lord Dorwin dismisses the Periphery kingdoms as barbarous. The Empire's inability to maintain its own nuclear infrastructure and its dismissive attitude toward the outer regions reveal deepening rivalry and breakdown of order.,"The chapter references numerous settled systems including Sirius, Alpha Centauri, Sol, Arcturus, Gamma Andromeda, Vega, and Anacreon. The Galaxy is extensively settled with the Origin Question debating which system humanity first occupied.","Lord Dorwin has traveled to the Periphery from the Imperial center, and considers it barbarous and remote. The distances are so great that even the Chancellor finds original archaeological research at distant systems unthinkable.","Lord Dorwin represents a decadent Imperial court culture with elaborate hair, snuff-taking, and affected speech. This contrasts sharply with Terminus's practical scholarly culture and Anacreon's militaristic feudalism—three distinct cultures have diverged across the Galaxy.","Lord Dorwin speaks with an affected accent (dropping r's) but this is an aristocratic affectation, not a different language. All characters communicate in the same language without translation needs.",The power plant meltdown on Gamma Andromeda and the loss of nuclear expertise in the Empire reveal growing technological risks. The Periphery has already lost nuclear power entirely. Civilization is becoming harder to sustain.,Humanity has spread across the entire Galaxy over millennia. The Origin Question—debating which single planetary system humanity originally occupied—underscores how completely normalized galactic habitation has become.,The weakening Empire maintains nominal sovereignty through treaties with independent Periphery kingdoms. Dorwin admits these kingdoms have considerable freedom of action. The political landscape is fragmenting into multiple entities.,Lord Dorwin's visit is a diplomatic mission. The chapter focuses on political maneuvering—Hardin probing Dorwin for information about the Empire's technological decline while Dorwin avoids discussing business. The archaeological discussion serves as a metaphor for intellectual stagnation.,"Lord Dorwin is a civilian chancellor and aristocratic diplomat. The interactions are entirely diplomatic and scholarly, with no military characters or operations present.","The Imperial center views the Periphery as barbarous and expendable, mirroring metropolitan attitudes toward colonial frontiers. Dorwin's dismissal of outer worlds and the Empire's willingness to let them fend for themselves reinforces frontier-colonial dynamics.",The chapter takes place in comfortable indoor settings on Terminus. The physical environments on various worlds are not discussed as challenging; the concerns are cultural and technological rather than environmental.
US,Foundation,Part 2 Chapter 5,Moderate contestation (ongoing rivalry/disputes),Extensive territorial occupation (many settled worlds/regions held like states or empires),"Extreme / effectively unreachable (generational, completely separate, or one-way-feeling distance)",Distinct space culture,Same languages as Earth,Manageable but risky,Normalized / widespread (space habitation is ordinary for humanity),Multiple distinct space polities,Political / diplomatic,Entirely civilian,Like the frontier / colonial expansion,Almost Earth-like,"Anacreon has issued a one-week ultimatum to Terminus demanding submission. Hardin demonstrates through symbolic logic that the Empire-Anacreon treaty grants the Empire zero power, and Lord Dorwin's assurances contained zero content. The Foundation faces imminent annexation.","The chapter references the vast Empire, breakaway Periphery kingdoms, and the Foundation's isolated position. Multiple settled worlds and political entities span the Galaxy with treaties and diplomatic relationships between them.","Hardin questions why Seldon placed the Foundation on distant Terminus if he foresaw the isolation and break in communication lines. The Foundation is effectively cut off from the Galactic center, making Imperial help unreachable.","The chapter reveals a Galaxy-wide cultural stagnation: scholars worship past knowledge rather than advancing it, Lord Dorwin studies archaeology by reading old books rather than visiting sites, and nuclear technology is being lost. This deteriorating academic culture is distinctly different from any Earth parallel.","All characters communicate freely. Hardin uses symbolic logic to analyze documents, but this is an analytical technique, not a linguistic barrier. No language differences are mentioned.","Terminus faces annexation by Anacreon with no military capability to resist. The planet lacks metals and depends on imports. While physically habitable, the political and resource situation makes survival precarious.","Galactic civilization spanning countless worlds is taken for granted. The discussion centers on political strategy and cultural decline rather than the mechanics of space living, which is completely ordinary.","The Empire, Anacreon, and other Periphery kingdoms operate as effectively independent polities. Hardin proves the Empire-Anacreon treaty is a declaration of total independence, confirming the political landscape has fragmented.","The chapter is dominated by political analysis: Hardin uses symbolic logic to expose the emptiness of diplomatic assurances, argues against the Board's passive strategy, and diagnoses a Galaxy-wide cultural stagnation. It is entirely political discourse.","All characters are civilian politicians and scholars debating strategy. The military threat is from Anacreon, but the Foundation's response is entirely civilian—political maneuvering and intellectual analysis rather than military preparation.","Terminus is a frontier settlement abandoned by the metropolitan center. Hardin explicitly describes the Galaxy-wide pattern of decline: the Periphery losing technology, communication breaking down, and the center unable to project power—classic frontier-imperial collapse dynamics.","The chapter takes place in Board meeting rooms. The physical environment is entirely comfortable and Earth-like, with no environmental challenges mentioned."
US,Foundation,Part 2 Chapter 6,Moderate contestation (ongoing rivalry/disputes),Extensive territorial occupation (many settled worlds/regions held like states or empires),"Extreme / effectively unreachable (generational, completely separate, or one-way-feeling distance)",Distinct space culture,Same languages as Earth,Manageable but risky,Normalized / widespread (space habitation is ordinary for humanity),Multiple distinct space polities,Political / diplomatic,Entirely civilian,Like the frontier / colonial expansion,Almost Earth-like,The Anacreonians are landing in two days. Hardin is planning a coup d'etat against the Board of Trustees to take control of Terminus's response to the crisis. Political contestation operates on multiple levels—internal and external.,"The broader context of galactic settlement continues, with Anacreon projecting military power to annex Terminus. The Empire's vast territorial holdings are referenced through the Board's authoritarian assumptions about Imperial power.","Terminus remains isolated at the Galaxy's edge, facing Anacreonian invasion with no hope of Imperial intervention. The extreme distance from the Galactic center makes the Foundation effectively on its own.","Terminus has developed its own political dynamics: a scholarly Board of Trustees clashing with an elected mayor, with Hardin planning a civilian coup. The authoritarian academic culture versus practical governance represents a distinct societal tension unique to this world.","Hardin and Lee communicate without any language barriers. No linguistic differences are mentioned in this brief, focused chapter.","Terminus is physically habitable but politically endangered, with Anacreonian forces arriving in two days and no military defense available. The risk is existential but comes from politics, not environment.",Space habitation is completely normalized. The chapter focuses entirely on political strategy without any reference to the challenges or novelty of living in space.,"The Foundation, the Board of Trustees (nominally representing the Emperor), and Anacreon represent distinct political authorities. Hardin's planned coup will further fragment governance on Terminus itself.","The chapter is entirely about Hardin's planned coup d'etat against the Board. He discusses strategy with his lieutenant Lee, analyzing the Board's psychological weaknesses and planning the timing of the takeover.","Hardin's coup is a civilian political maneuver, not a military operation. He plans to give orders with impudence and rely on habit-based obedience rather than force. All characters are civilians.",The frontier settlement is about to undergo a political transformation as the scholarly colonial administration is overthrown by pragmatic local leadership—a pattern common in colonial history when frontier communities outgrow their original governance structures.,The chapter takes place in Hardin's office with mundane details like a water cooler. The physical environment is entirely comfortable and Earth-like.
US,Foundation,Part 2 Chapter 7,Moderate contestation (ongoing rivalry/disputes),Extensive territorial occupation (many settled worlds/regions held like states or empires),"Extreme / effectively unreachable (generational, completely separate, or one-way-feeling distance)",Distinct space culture,Same languages as Earth,Manageable but risky,Normalized / widespread (space habitation is ordinary for humanity),Multiple distinct space polities,Political / diplomatic,Entirely civilian,Like the frontier / colonial expansion,Almost Earth-like,"Anacreon is landing spaceships on Terminus the next day, but Hardin has already executed his coup and has a plan. Seldon reveals the Foundation faces a series of crises over centuries, with the first being the current Anacreonian threat.","Seldon describes a Galaxy-spanning civilization in decline, with the Periphery breaking away. The Foundation and its companion at the other end of the Galaxy are positioned within this vast occupied space as seeds of a future Second Galactic Empire.","The Foundation is deliberately placed at the Galaxy's edge, cut off from civilized centers. Seldon mentions a companion Foundation at the other end of the Galaxy, emphasizing the extreme distances spanning the entire galactic structure.","Seldon reveals the Encyclopedia was a fraud, and the Foundation's true purpose is to shorten 30,000 years of barbarism to 1,000. This psychohistorical manipulation of entire civilizations represents a radically distinct cultural framework unlike anything on Earth.",Seldon's holographic message is understood by all present without any translation. No language differences are mentioned across the 50-year time gap or between different parts of the Galaxy.,"Seldon describes Terminus as a small world of scientists surrounded by rapidly expanding barbarism, an island of nuclear power lacking metals. The situation is survivable but risky, requiring careful navigation of crises.","Galactic civilization spanning countless worlds is completely normalized. The discussion is about the fall of that civilization and its replacement, not about the mechanics or novelty of space habitation.","The Empire is falling apart, the Periphery has broken away into multiple kingdoms, and the Foundation exists as an independent entity. Seldon describes a future with a Second Galactic Empire, confirming the current era of multiple competing polities.",Seldon's revelation is fundamentally about political manipulation on a galactic scale—psychohistory engineering crises to guide civilization. Hardin's simultaneous coup completes the political takeover of Terminus. The chapter is pure political drama.,Seldon is a scientist delivering a recorded message. Hardin's coup is a civilian political maneuver. The Anacreonian military landing is mentioned but happens offscreen. All characters present are civilian scholars and politicians.,"Seldon explicitly frames Terminus as a frontier outpost: a small world cut off from civilization, surrounded by barbarism, destined to seed a new empire. This is a deliberate colonial-frontier project designed to rebuild civilization from the periphery.","The chapter takes place in the Vault room on Terminus. The physical environment is entirely comfortable and unremarkable, with standard lighting and furnishings."
US,Foundation,Part 3 Chapter 1,Moderate contestation (ongoing rivalry/disputes),Extensive territorial occupation (many settled worlds/regions held like states or empires),"Extreme / effectively unreachable (generational, completely separate, or one-way-feeling distance)",Distinct space culture,Same languages as Earth,Manageable but risky,Normalized / widespread (space habitation is ordinary for humanity),Multiple distinct space polities,Political / diplomatic,Mostly civilian with some military presence,Like the frontier / colonial expansion,Almost Earth-like,"The Four Kingdoms compete for nuclear power from Terminus, kept in check only by fear of each other. Internally, Sermak's political party challenges Hardin's appeasement policy. Ambassador Verisof's return suggests an external crisis is brewing.","The Four Kingdoms (former Imperial prefects) control multiple stellar systems. Terminus serves as a technological hub connected to all of them. The former Empire's structure of prefects, sectors, and quadrants confirms extensive galactic settlement.","Communications with the central regions of the Empire broke down thirty years ago. Hardin doesn't even know if there's still an Emperor. Terminus exists in complete isolation at the Galaxy's edge, with its universe consisting only of itself and four neighboring kingdoms.","The Foundation has created a unique techno-religious culture: science packaged as religious ritual, with a trained priesthood operating power plants across the kingdoms. The barbarian kingdoms have feudal societies with comic-opera kings, while Terminus maintains a democratic scientific community.","All characters communicate freely, including across different worlds. The Foundation trains priests from the kingdoms with no mention of language barriers. Communication is seamless.","Terminus is balanced on a sharp sword between four hostile kingdoms, surviving through strategic distribution of nuclear technology. The situation is manageable through careful diplomacy but constantly at risk of collapse if the balance shifts.","Space habitation is completely ordinary. The discussion covers decades of interplanetary politics, trade, and cultural exchange as routine matters. People travel between worlds for education and diplomacy without remark.","The Four Kingdoms, the Foundation, and the remnants of the distant Empire represent multiple distinct polities. Each kingdom has its own ruler and military, and the Foundation operates as an independent technological power.","The chapter is entirely political: Hardin explains thirty years of balance-of-power diplomacy, Sermak challenges his policy, and the return of Ambassador Verisof signals a new diplomatic crisis. It centers on political strategy and governance.","Terminus is a civilian society, but the Four Kingdoms have navies that the Foundation has serviced. Sermak advocates military preparedness and attack. The kingdoms' military capability is a constant background concern.","Terminus explicitly functions as a civilizing outpost on the frontier, spreading technology to surrounding barbarian kingdoms through a religious-colonial framework. The Foundation's priests operate power plants across the kingdoms like colonial missionaries.",The chapter takes place in Hardin's office and describes mundane details like cigars and ground cars. The physical environment on Terminus is entirely comfortable and Earth-like.
US,Foundation,Part 3 Chapter 2,High contestation (frequent conflict or strategic struggle),Extensive territorial occupation (many settled worlds/regions held like states or empires),"Extreme / effectively unreachable (generational, completely separate, or one-way-feeling distance)",Distinct space culture,Same languages as Earth,Manageable but risky,Normalized / widespread (space habitation is ordinary for humanity),Multiple distinct space polities,Political / diplomatic,Mostly civilian with some military presence,Like the frontier / colonial expansion,Almost Earth-like,"Wienis is actively preparing for war against the Foundation, requesting the repair of an Imperial battle cruiser as a pretext. Internally, Sermak's party threatens Hardin politically. The crisis is building toward armed conflict on multiple fronts.","The Four Kingdoms control multiple worlds and have navies. Anacreon has significant military assets, and the discussion of trade with Smyrno and disputed worlds on the Red Corridor confirms extensive territorial occupation across many systems.","The Foundation is completely isolated from the former Empire, with no contact for thirty years. Terminus exists in its own universe of five political entities at the Galaxy's edge, effectively unreachable from the galactic center.","The Foundation has created a techno-religious culture where science is presented as divine mystery. Verisof notes how the religion of science has replaced failed secular science. The Foundation's priests, the kingdoms' feudal cultures, and Terminus's democratic society represent distinctly different cultures.",Hardin and Verisof communicate freely despite operating across different worlds. The priest on the passenger liner conversed easily with Verisof. No language barriers are mentioned.,Terminus is physically habitable but strategically vulnerable. The discovery of an Imperial battle cruiser with planet-destroying weapons dramatically raises the military stakes. Survival depends on Hardin's political maneuvering rather than environmental conditions.,"Interplanetary travel is routine—Verisof travels by passenger liner in second class, a priest takes a course at the Foundation, and trade flows between kingdoms. Space habitation is completely ordinary.","The Foundation, the Four Kingdoms (Anacreon, Smyrno, and others), and the distant remnant Empire represent multiple distinct polities with separate governments, militaries, and foreign policies.","The chapter centers on Hardin's strategic discussion with Verisof about managing the Anacreonian crisis according to the Seldon Plan. They debate timing, political pressures, and the proper response to Wienis' provocations—entirely political and diplomatic calculation.","Hardin and Verisof are civilians, but the discussion revolves around military threats: Anacreon's navy, the Imperial battle cruiser, and the prospect of war. Military power is a central concern even though the Foundation's approach is non-military.","The Foundation operates as a civilizing center on the frontier, distributing technology through a religious-colonial framework. Verisof serves as both ambassador and high priest, combining diplomatic and missionary roles typical of colonial frontier dynamics.","Terminus has comfortable urban environments with city parks, passenger liners, and brandy. The physical environment is entirely Earth-like and unremarkable."
US,Foundation,Part 3 Chapter 3,High contestation (frequent conflict or strategic struggle),Extensive territorial occupation (many settled worlds/regions held like states or empires),"Extreme / effectively unreachable (generational, completely separate, or one-way-feeling distance)",Distinct space culture,Same languages as Earth,Manageable but risky,Normalized / widespread (space habitation is ordinary for humanity),Multiple distinct space polities,Political / diplomatic,Mostly military,Like the frontier / colonial expansion,Almost Earth-like,"Wienis is actively manipulating young King Lepold into declaring war against the Foundation. He references past humiliations, threatens the king's life implicitly, and plans to use the repaired battle cruiser for an imminent attack. War is being deliberately engineered.","Anacreon controls multiple worlds with cities, trade routes, and disputed territories on the Red Corridor with Smyrno. Wienis dreams of conquering all the billions of suns of the former Empire, confirming the vast scale of territorial occupation.","The former Empire spanned billions of suns, and no Emperor has visited Anacreon in two hundred years. The Foundation is at the edge of this vast space, while Wienis aspires to an empire encompassing the entire Galaxy.","Anacreon has a feudal royal culture with Nyak hunting as royal sport, a regent manipulating a boy-king, and religious beliefs in the Galactic Spirit and Prophet Hari Seldon. The Foundation's manufactured religion has deeply shaped Anacreonian society into something distinctly non-Earth.",Wienis and Lepold communicate without any language barriers. Religious terminology like 'Galactic Spirit' and 'Prophet Hari Seldon' represents cultural concepts rather than linguistic differences.,"Anacreon is habitable with hunting grounds, cities, and a functioning society, but depends on Foundation technology for nuclear power. The Viceregal Palace is in ruins except for Foundation-restored sections, showing civilizational decline.","Living on Anacreon is completely ordinary. The chapter describes a functioning royal court, hunting traditions, and political intrigue as normal aspects of life on this world. Space habitation is unremarkable.","Anacreon, Smyrno, the Foundation, and the remnant Empire are distinct polities. Wienis aspires to create an empire encompassing all of them, but currently they operate as separate political entities with competing interests.","The chapter is entirely political manipulation: Wienis persuades the naive King Lepold to support war against the Foundation through a combination of flattery, appeals to royal pride, veiled threats, and promises of empire.","The chapter focuses on war preparations: the battle cruiser repair, Anacreon's navy, Wienis' plans for military attack, and the king's role in ordering war. Military concerns dominate the political discussion.","The dynamic between Anacreon and the Foundation mirrors colonial relationships: the Foundation provides technology that Anacreon depends on, while Anacreon seeks to seize that technology by force—a colonized power attempting to overthrow its technological benefactor.","Anacreon has hunting grounds, palaces, and comfortable living conditions. The environment supports outdoor activities like Nyak hunting with air speedsters. The physical conditions are entirely Earth-like."
US,Foundation,Part 3 Chapter 4,High contestation (frequent conflict or strategic struggle),Extensive territorial occupation (many settled worlds/regions held like states or empires),"Extreme / effectively unreachable (generational, completely separate, or one-way-feeling distance)",Distinct space culture,Same languages as Earth,Manageable but risky,Normalized / widespread (space habitation is ordinary for humanity),Multiple distinct space polities,Political / diplomatic,Mostly civilian with some military presence,Like the frontier / colonial expansion,Almost Earth-like,"Bort reports that Anacreon is fully prepared for war, with a religiously obedient population that will fight on the king's command. Sermak's party debates how to respond, and upon learning Hardin is going to Anacreon, Sermak calls for impeachment, declaring it treason.","The chapter references multiple settled worlds in Anacreon's kingdom, including Thessalekian cities with temples, navy yards, and extensive territories. The former Empire's vast structure of settled worlds is recalled.","Communications with the Empire broke down long ago. The Foundation exists in isolation, with Bort traveling to Anacreon as a private citizen to gather intelligence. The former Imperial connections are completely severed.","The Foundation's manufactured religion has created a unique theocratic culture on Anacreon: the king is a divine figure surrounded by radioactive auras, the priesthood controls technology as sacred instruments, and contamination events are interpreted as divine vengeance. This is radically different from Earth cultures.",Bort traveled to Anacreon and observed society without any language barriers mentioned. All political discussions occur in the same language across worlds.,"Terminus has winter weather and snow, showing a physically habitable world. The risks are entirely political and military—the Foundation faces potential annexation by a religiously motivated military power.","Interplanetary travel for espionage, trade, and diplomacy is routine. Bort visits Anacreon as a private citizen without remark on the journey itself. Space habitation is completely normalized.","The Foundation, Anacreon, Smyrno, and other kingdoms operate as separate polities. Internally, the Foundation is further divided between Hardin's government and Sermak's opposition party, adding political complexity.","The entire chapter is political analysis: Bort reports on Anacreonian politics, Sermak's party debates strategy, and the chapter climaxes with Sermak's decision to impeach Hardin for treason. No action occurs—only political discussion and plotting.","The Actionist Party members are civilians debating politics, but the discussion centers on Anacreon's military buildup, navy yards, and the battle cruiser. Military threat is the backdrop for civilian political maneuvering.","The Foundation's religious-technological colonialism is examined in detail: training priests, providing technology wrapped in mysticism, creating divine monarchs. This mirrors historical colonial patterns of using religion to control indigenous populations.","Terminus has winter weather with snow and twilight, similar to Earth's temperate regions. The physical environment is comfortable and Earth-like."
US,Foundation,Part 3 Chapter 5,High contestation (frequent conflict or strategic struggle),Extensive territorial occupation (many settled worlds/regions held like states or empires),"Extreme / effectively unreachable (generational, completely separate, or one-way-feeling distance)",Distinct space culture,Same languages as Earth,Manageable but risky,Normalized / widespread (space habitation is ordinary for humanity),Multiple distinct space polities,Political / diplomatic,Mostly civilian with some military presence,Like the frontier / colonial expansion,Almost Earth-like,"The crisis reaches a peak: Sermak's impeachment motion failed by only 22 votes, the Actionist Party walked out threatening action, and Hardin departs secretly for Anacreon at dawn. War with Anacreon appears imminent while civil strife threatens Terminus internally.","The Foundation occupies Terminus, Anacreon controls its kingdom of worlds, and the broader galactic structure of settled worlds continues. Hardin departs by spaceship for Anacreon, confirming interstellar travel between occupied worlds.","Hardin's departure for Anacreon is treated as a significant journey requiring a spaceship from an airport. The Foundation has been isolated from the broader Galaxy for decades, existing in its own pocket of space.","The Foundation's culture includes unique elements: the Time Vault tradition, Seldon recordings as quasi-religious events, psychohistorical planning, and a society that balances democratic governance with manipulation. This is distinctly unlike Earth cultures.","All characters communicate without language barriers. Council debates, political discussions, and Hardin's farewell all occur in the same language.",Terminus has snow-covered streets and cold winter weather—habitable but requiring heating. Hardin mentions weather-conditioning Terminus someday. The real risks are political: internal revolt and external war.,Living on Terminus and traveling to Anacreon by spaceship are completely routine. The focus is entirely on political crises rather than any challenges of space habitation.,"The Foundation and Anacreon are distinct polities, with the Foundation itself fractured between Hardin's government and Sermak's opposition. The political landscape features multiple competing power centers.",Hardin departs for Anacreon as a diplomatic mission while managing internal politics. He instructs Lee to announce a fake Seldon recording to confuse the opposition. The chapter is pure political maneuvering and crisis management.,"Hardin travels with bodyguards carrying atom blasts, and Lee mentions the possibility of martial law. The civilian political crisis has a military undertone, but the characters and actions remain primarily civilian.","Hardin departs from a frontier world into hostile territory, leaving his deputy to manage domestic unrest—a classic frontier scenario where the leader must personally negotiate with neighboring powers while maintaining order at home.","Terminus has snow, cold winters, heated ground cars, and an airport. The physical environment is entirely Earth-like, with Hardin noting the possibility of weather-conditioning the planet in the future."
US,Foundation,Part 3 Chapter 6,High contestation (frequent conflict or strategic struggle),Extensive territorial occupation (many settled worlds/regions held like states or empires),"Extreme / effectively unreachable (generational, completely separate, or one-way-feeling distance)",Distinct space culture,Same languages as Earth,Manageable but risky,Normalized / widespread (space habitation is ordinary for humanity),Multiple distinct space polities,Political / diplomatic,Mostly military,Like the frontier / colonial expansion,Almost Earth-like,"Wienis launches a surprise naval attack on the Foundation, captures Hardin as a prisoner of war, and sends the fleet to bombard Terminus. Hardin counters with a religious interdict that shuts down all power and infrastructure on Anacreon at midnight.","Anacreon encompasses twenty-five stellar systems with six having multiple inhabited worlds and a population of nineteen billion. Hardin visits eight of the larger stellar systems during his trip, confirming the vast territorial scope.","Anacreon, though a tiny splinter compared to the Galactic Empire, is staggering in size to someone from single-planet Terminus. Even within Anacreon, only the capital world has been fully powered after thirty years of Foundation aid.","The coronation ceremony features a god-king with a radioactive aura on a nuclear-powered floating throne, before crowds worshipping their divine monarch. The Foundation's techno-religious culture has created a unique feudal-theocratic civilization unlike anything on Earth.",Hardin and Wienis converse freely. Hardin is introduced to the king and interacts with Anacreonian nobility without language barriers. All communication across worlds uses the same language.,"Anacreon is habitable with cities and civilization, but entirely dependent on Foundation-maintained nuclear power. When the interdict hits, all power, water, heat, and communications cease, demonstrating how fragile the technological infrastructure is.","Nineteen billion people live across twenty-five stellar systems in Anacreon alone. Space habitation is completely normalized, with the chapter focusing on political and military conflict rather than the mechanics of space living.","The Foundation, Anacreon, and other kingdoms operate as separate polities. Wienis aspires to make Lepold Emperor of the Periphery and eventually reunite the Galaxy under Anacreon, confirming the current multi-polity landscape.","The chapter is a political confrontation between Hardin and Wienis. Hardin's counterstroke is not military but religious-political: a priest-led interdict that shuts down Anacreon's infrastructure. The conflict is resolved through power politics, not combat.","A naval fleet has been launched to attack the Foundation, Hardin is held as a prisoner of war, palace guards surround the building, and armed mobs threaten outside. Military action dominates the chapter.","The Foundation's control over Anacreon through technology and religion mirrors colonial power structures. The interdict demonstrates how the technological metropole can shut down the dependent colony by withdrawing its support, a classic colonial control mechanism.","Anacreon has cities, palaces, ballrooms, and winter weather on part of the planet. The physical environment is entirely comfortable and Earth-like, with the challenges being political rather than environmental."
US,Foundation,Part 3 Chapter 7,High contestation (frequent conflict or strategic struggle),Extensive territorial occupation (many settled worlds/regions held like states or empires),"Extreme / effectively unreachable (generational, completely separate, or one-way-feeling distance)",Distinct space culture,Same languages as Earth,Harsh and resource-intensive,Normalized / widespread (space habitation is ordinary for humanity),Multiple distinct space polities,Military / war,Mostly military,Like the frontier / colonial expansion,Very different (human bodies/technology constantly challenged),"The naval fleet is en route to attack the Foundation when the flagship is shut down by a remote hyperwave relay. Priest Aporat seizes control of the ship through religious authority, forcing the admiral to surrender and ordering the fleet to return.",The massive two-mile-long Imperial battle cruiser leads a fleet through space between settled worlds. The ship's origin as an Imperial navy vessel and its current use by Anacreon's kingdom-level navy confirms extensive territorial occupation.,"The hyperwave relay operates at instantaneous speed across light-years, connecting the Argolid Temple on Anacreon to the flagship in deep space. The distances involved span light-years between worlds.",The religion of science dominates the chapter: Aporat's ritual curse shuts down the ship through technological means the crew interprets as divine power. Soldiers grovel in terror at what they believe is supernatural punishment. This techno-religious culture is radically distinct from Earth.,Aporat addresses the entire ship's crew and communicates with the admiral in the same language. No linguistic barriers are mentioned across the fleet.,"When the ship dies—all power, ventilation, and lights ceasing—the crew faces immediate survival danger in the darkness of space. Without the ship's systems, the environment is lethally hostile.",Serving on a massive warship fleet is routine for the soldiers. Space travel and naval warfare are completely ordinary aspects of life in this era.,"The Foundation and Anacreon are distinct polities in direct military conflict, with the Foundation using its priest network embedded within Anacreon's military to seize control of the enemy fleet from within.","The chapter takes place entirely on a warship during a military operation. Aporat's religious mutiny against Admiral Lefkin, the seizure of the flagship, and the order to return the fleet are military actions, even though the weapon used is religious authority.","The setting is a military flagship with soldiers, an admiral, and a priest-attendant with military rank. The chapter describes a mutiny, the seizure of command, and the ordering of a fleet to reverse course—entirely military operations.","The Foundation's priests embedded within Anacreon's military act as colonial agents, able to shut down the technology they control. This mirrors colonial scenarios where the colonizing power's representatives can sabotage local forces from within.","When the ship dies, the crew faces complete darkness and loss of all life support in space. The environment becomes immediately hostile—no air ventilation, no light, no power—challenging human survival in the void."
US,Foundation,Part 3 Chapter 8,High contestation (frequent conflict or strategic struggle),Extensive territorial occupation (many settled worlds/regions held like states or empires),"Extreme / effectively unreachable (generational, completely separate, or one-way-feeling distance)",Distinct space culture,Same languages as Earth,Manageable but risky,Normalized / widespread (space habitation is ordinary for humanity),Multiple distinct space polities,Political / diplomatic,Mostly military,Like the frontier / colonial expansion,Almost Earth-like,"The Anacreonian navy delivers its ultimatum demanding Wienis' arrest. Wienis, cornered, attempts to kill Hardin but is stopped by the mayor's force-field. Wienis commits suicide. The crisis resolves through the total collapse of Anacreon's military power against the Foundation's religious control.","The naval fleet returning from deep space, the Four Kingdoms' political structures, and Anacreon's territorial holdings confirm extensive occupation of multiple stellar systems across the Galaxy.","The fleet communicated from light-years away via hyperwave, and the Foundation remains isolated at the Galaxy's edge. The vast distances between worlds are bridged only by advanced technology.",The Foundation's manufactured religion controls kings and navies through techno-religious authority. Hardin's fable of the horse and man perfectly illustrates how the religion of science serves as a tool of control—a cultural system with no Earth parallel.,"The televised ultimatum, Hardin's fable, and all dialogue occur in the same language without any translation needs.","The physical environment on Anacreon is habitable, but the political crisis creates existential danger. Wienis fires a nuclear blast at Hardin, demonstrating that personal danger is political rather than environmental.","Naval fleets, interstellar communications, and multi-world kingdoms are routine aspects of this civilization. Space habitation is completely normalized.","The Foundation, Anacreon (now with a weakened king), and the other three kingdoms remain distinct polities. The crisis demonstrates the Foundation's dominance over Anacreon but doesn't merge them into a single entity.","The crisis resolves through political power, not military force. Hardin's fable about the horse and man encapsulates the political strategy: the Foundation used religion as a bridle on the kingdoms. Wienis' suicide is the end of a political, not military, defeat.","The chapter features a military ultimatum from the fleet, soldiers with nuclear blasts, and Wienis' violent suicide. Military elements dominate, though the resolution is achieved through religious-political control rather than combat.","Hardin's fable explicitly describes colonial dynamics: the Foundation offered protection (killing the wolf) but kept the reins (religion and nuclear power control). The kingdoms accepted colonial dependency in exchange for technology, only to discover they couldn't escape it.",The chapter takes place in palace chambers on Anacreon. The physical environment is comfortable with no environmental challenges mentioned.
US,Foundation,Part 3 Chapter 9,"Low contestation (minor competition, little open conflict)",Extensive territorial occupation (many settled worlds/regions held like states or empires),"Extreme / effectively unreachable (generational, completely separate, or one-way-feeling distance)",Distinct space culture,Same languages as Earth,Manageable but risky,Normalized / widespread (space habitation is ordinary for humanity),Multiple distinct space polities,Political / diplomatic,Entirely civilian,Like the frontier / colonial expansion,Almost Earth-like,"The crisis has been resolved. Hardin has returned triumphant with treaties from all four kingdoms. While Sermak continues political opposition, the Foundation is in its strongest position yet. Seldon confirms the second crisis was overcome successfully.","Seldon describes the Foundation surrounded by barbarian kingdoms, a vast tangled jungle of barbarism across the Galaxy, and the decaying but still mighty Galactic Empire. Multiple levels of settled territory span the entire Galaxy.","Seldon references the other Foundation at Star's End at the other end of the Galaxy, and describes nine hundred twenty years of the Plan ahead. The Galaxy-spanning distances and millennia-long timescale emphasize the extreme scale.","The Foundation's culture revolves around the Seldon Plan, psychohistory, and the Time Vault ritual. Seldon describes their use of Balance of Power and Spiritual Power as strategic tools, reflecting a unique civilizational framework distinct from Earth cultures.","Seldon's recording is understood by all present. Council members, political opponents, and the mayor all communicate in the same language without barriers.",Seldon warns that the Foundation is still weak compared to the kingdoms and the remnant Empire. The situation is manageable through strategic action but remains precarious with 920 years of challenges ahead.,"Galactic civilization is completely normalized. The Time Vault gathering, political celebrations, and treaty-signing across multiple worlds are treated as routine governance rather than remarkable space-age achievements.","Seldon describes the Foundation, the barbarian kingdoms, the decaying Empire, and the Second Foundation as distinct entities. He warns against overconfidence because the kingdoms remain overwhelmingly powerful compared to the Foundation.","The chapter resolves the political arc: Hardin's triumph, Sermak's ongoing opposition, and Seldon's political analysis of Spiritual vs. Temporal power. Seldon warns that Spiritual Power cannot prevail against rising Nationalism—entirely political analysis.",The scene is a civilian political gathering: the City Council in the Time Vault watching Seldon's recording. No military characters or operations appear. The post-crisis atmosphere is entirely civilian governance.,"Seldon explicitly describes the Foundation's path to the Second Galactic Empire, surrounded by a vast jungle of barbarism. The Foundation is a civilizing outpost on the frontier, destined to expand outward and rebuild galactic civilization.","The chapter takes place in the Time Vault on Terminus. The physical environment is entirely comfortable and unremarkable, with no environmental challenges."
US,Foundation,Part 4 Chapter 1,"Low contestation (minor competition, little open conflict)",Extensive territorial occupation (many settled worlds/regions held like states or empires),"Extreme / effectively unreachable (generational, completely separate, or one-way-feeling distance)",Distinct space culture,Same languages as Earth,Manageable but risky,Normalized / widespread (space habitation is ordinary for humanity),Multiple distinct space polities,Adventure / exploration,Entirely civilian,Like the frontier / colonial expansion,Almost Earth-like,"A trader has been imprisoned on Askone for violating local anti-nuclear-technology laws, creating a diplomatic incident. However, there is no large-scale conflict—just tension between the Foundation's trading practices and Askone's isolationist policies.","The chapter describes traders reaching out through the tremendous distances of the Periphery, landing on various worlds. Askone, Glyptal IV, and numerous other worlds are settled. The Foundation's traders forge an empire more enduring than the Four Kingdoms.","Traders spend months or years between landings on Terminus, operating in the tremendous distances of the Periphery. Ponyets gazes at the misty lens-form of the Galaxy, emphasizing the vast scales involved.","The traders form a distinct guild culture with quotas, conventions, and their own motto. Askone has a separate anti-technology religious culture with ancestral beliefs. Ponyets' background includes priestly training he abandoned. Multiple distinct cultures coexist.","Ponyets and Gorm communicate freely, and the Personal Capsule message is read without translation. No language barriers are mentioned between traders from different worlds.","Ponyets operates a small trade ship in the hard space of the Galactic Periphery, patching and improvising repairs. Space trading is viable but challenging, with risks from hostile governments and vast distances.","Freelance traders roam between worlds as a routine profession with quotas and guild structures. Living and working in space is completely ordinary, treated as a commercial enterprise.","The Foundation, Askone (a closed area rejecting nuclear technology), and various other Periphery worlds operate as distinct polities with different laws and attitudes toward the Foundation's technology.",The chapter introduces the trader narrative: a lone merchant-adventurer must rescue a friend from a hostile world. The tone shifts from political drama to individual adventure with a resourceful protagonist facing danger in distant space.,Ponyets and Gorm are civilian traders with commercial concerns about quotas and cargo. The imprisoned Gorov is a Foundation agent but operating in a civilian capacity. No military characters appear.,"The traders are explicitly frontier figures, pushing beyond the Foundation's political reach into uncharted commercial territory. They forge ahead of the political hegemony, like frontier traders and trappers preceding colonial governments.","The chapter takes place inside trade ships with showers, chairs, and control panels. The physical environment is artificial but comfortable and Earth-like in its amenities."
US,Foundation,Part 4 Chapter 2,Moderate contestation (ongoing rivalry/disputes),Extensive territorial occupation (many settled worlds/regions held like states or empires),"Extreme / effectively unreachable (generational, completely separate, or one-way-feeling distance)",Distinct space culture,Same languages as Earth,Manageable but risky,Normalized / widespread (space habitation is ordinary for humanity),Multiple distinct space polities,Adventure / exploration,Entirely civilian,Like the frontier / colonial expansion,Almost Earth-like,"Askone has imprisoned a Foundation agent and threatens execution by gas. The Grand Master is hostile to Foundation technology but hints at being open to bribery. The Foundation's Glyptal IV outpost has been bombarding Askone with pleas, creating diplomatic tension.","Askone controls a multi-world system with a central sun, warships at its borders, and a Grand Master ruling over it. The reference to Glyptal IV as a Foundation outpost confirms multiple settled worlds with distinct governance.","It took Ponyets one week to reach Askone, and Askone is at the extreme borders of Foundation influence. The distances are vast enough that traders spend months between worlds.","Askone has a unique cultural system: nuclear technology is under an ancestral interdict, goods require ancestral blessings, and sacrilege is punished by death by gas. This anti-technology religious culture is radically different from both the Foundation and Earth.",Ponyets negotiates directly with the Grand Master and navigates bureaucratic officials without any language barriers. All communication occurs in the same language.,"Askone's warships surround Ponyets' ship on entry, and a trader faces execution. The environment is politically dangerous but physically habitable. Ponyets navigates bureaucracy and political threats rather than environmental hazards.","Interstellar trade, multi-world polities, and space travel are completely routine. The Grand Master treats traders as a known nuisance rather than a novelty, and warship patrols are standard border security.","Askone operates as a distinct polity with its own Grand Master, laws, religious traditions, and border defenses. It explicitly rejects the Foundation's technology and maintains independence from the Foundation's sphere of influence.","Ponyets is a lone trader on a rescue mission, navigating hostile bureaucracy and negotiating for a prisoner's life. The chapter has the structure of an adventure story with a clever protagonist against a powerful adversary.","Ponyets is a civilian trader, the Grand Master is a civilian ruler, and Gorov is a civilian agent. The warships serve as border patrol but play no combat role. The conflict is entirely diplomatic and commercial.","Ponyets operates as a frontier trader pushing into hostile territory, navigating alien political systems and cultural taboos. Askone's rejection of Foundation technology mirrors indigenous resistance to colonial goods and influence.","Askone has a Grand Master in a Chair of State, armed guards, gilded doors, and a functioning civilization. The physical environment is comfortable and Earth-like."
US,Foundation,Part 4 Chapter 3,Moderate contestation (ongoing rivalry/disputes),Extensive territorial occupation (many settled worlds/regions held like states or empires),"Extreme / effectively unreachable (generational, completely separate, or one-way-feeling distance)",Distinct space culture,Same languages as Earth,Manageable but risky,Normalized / widespread (space habitation is ordinary for humanity),Multiple distinct space polities,Adventure / exploration,Entirely civilian,Like the frontier / colonial expansion,Almost Earth-like,"Gorov faces execution, and the Foundation's broader strategy to penetrate Askone's anti-nuclear resistance is an ongoing struggle. Gorov reveals the Foundation is trying to create pro-nuclear factions at court through strategic sales—a covert infiltration campaign.","The Foundation controls the Four Kingdoms through religion, while Askone maintains independence across its system. Traders operate across vast stretches of the Periphery. Multiple settled worlds and polities span the Galaxy.","Ponyets' sales route carries him within fifty parsecs of Askone, and going back to the Foundation for gold is suggested as a significant journey. The distances between worlds are measured in parsecs.","Askone's ancestor worship culture equates nuclear technology with the evil old Imperial regime. This anti-technology religious culture, where advanced science is sacrilege, represents a radically distinct civilization that has deliberately rejected the dominant technology of the era.",Ponyets and Gorov communicate freely in the cell. Ponyets negotiated with the Grand Master and navigated Askonian bureaucracy without language barriers.,Gorov faces execution and Ponyets is in a hostile environment without weapons. The physical environment is habitable but the political situation is life-threatening for the traders.,"Trading across space, founding commercial empires, and navigating interstellar politics are routine occupations. Space habitation is completely normalized in the trader culture.","The Foundation, the Four Kingdoms under religious control, and independent systems like Askone represent multiple distinct polities. Gorov explains the strategic importance of preventing independent systems from becoming focal points for resistance.",Ponyets is a resourceful trader planning a daring scheme to rescue his friend and make a sale on a hostile world. The chapter is driven by individual cunning and adventure rather than large-scale political movements.,"All characters are civilians: traders, diplomats, and a Grand Master. The conflict is commercial and diplomatic, with no military involvement.","Gorov explicitly describes the Foundation's strategy as building a religion-controlled commercial empire. Traders are pioneers pushing into resistant territories, trying to create dependency on Foundation technology—classic colonial economic penetration.",The cell is bare but well-lit and habitable. Askone's buildings and civilization are comfortable and Earth-like in their physical conditions.
US,Foundation,Part 4 Chapter 4,Moderate contestation (ongoing rivalry/disputes),Extensive territorial occupation (many settled worlds/regions held like states or empires),"Extreme / effectively unreachable (generational, completely separate, or one-way-feeling distance)",Distinct space culture,Same languages as Earth,Manageable but risky,Normalized / widespread (space habitation is ordinary for humanity),Multiple distinct space polities,Adventure / exploration,Entirely civilian,Like the frontier / colonial expansion,Almost Earth-like,"Ponyets navigates religious and political opposition at the Askonian court to sell his transmuter's gold. Pherl opposes the deal on religious grounds, while the Grand Master is tempted by gold. The contest is between Foundation commercial infiltration and Askonian cultural resistance.",Askone trades with neighboring worlds and maintains a multi-system government with a Grand Master and council. The Foundation's commercial reach extends across the Periphery.,"Ponyets is effectively isolated from his ship and the Foundation, operating deep within Askonian territory. The vast distances of the Periphery separate him from any possible support.","The Askonian court displays a unique anti-nuclear religious culture: the Grand Master uses an iron cane, performs purifying invocations, and councilors debate the spiritual implications of transmuted gold. Their ancestor worship creates a cultural framework entirely distinct from Earth.",Ponyets negotiates fluently with the Grand Master and his council. All commercial and religious discussions occur without language barriers.,Ponyets operates without weapons in a hostile court where failure means death for himself and Gorov. The environment is physically comfortable but politically lethal.,"Interstellar trade, multi-world governance, and cultural exchange between systems are routine. Space habitation is unremarkable and normalized.","Askone operates as an independent polity with its own religious traditions, laws, and council. Its resistance to Foundation technology makes it a distinct political entity in the Periphery.","Ponyets performs a dramatic demonstration of transmutation before a hostile court, using his wits and salesmanship to win over the Grand Master. The chapter is an adventure of individual cunning and improvisation.","The scene is a civilian court with a ruler, councilors, and a trader. While an army waits outside, the interaction is entirely commercial and diplomatic.","Ponyets uses trade goods and religious manipulation to penetrate a resistant culture, mirroring colonial traders who used desirable goods to create dependency in indigenous societies. The transmuter represents a new vector for colonial economic influence.","The Askonian court has a hall with chairs, walls, gilded doors, and an army outside. The physical environment is entirely comfortable and Earth-like."
US,Foundation,Part 4 Chapter 5,Moderate contestation (ongoing rivalry/disputes),Extensive territorial occupation (many settled worlds/regions held like states or empires),"Extreme / effectively unreachable (generational, completely separate, or one-way-feeling distance)",Distinct space culture,Same languages as Earth,Manageable but risky,Normalized / widespread (space habitation is ordinary for humanity),Multiple distinct space polities,Adventure / exploration,Entirely civilian,Like the frontier / colonial expansion,Almost Earth-like,"Ponyets manipulates Pherl through a combination of bribery and political calculation. The internal Askonian power struggle between Pherl and his rivals, and the broader Foundation-Askone tension, represent ongoing political contestation.",Pherl has estates and fortresses across Askone's territory. The Grand Mastership controls a multi-world system. The Foundation's traders operate across the vast Periphery.,"Ponyets operates far from Foundation territory, isolated and under guard. The distance from the Foundation makes him effectively on his own for this negotiation.","Askonian society has a rigid hierarchy with Five Tribes, a Grand Mastership, and ancestor worship that forbids nuclear technology. Pherl represents an educated elite who privately dismisses the mythology but must maintain appearances. This layered religious-political culture is distinctly non-Earth.",Ponyets and Pherl negotiate complex political and commercial terms without any language barriers. All communication is seamless.,"Ponyets faces the death penalty for offering to sell nuclear goods, and Pherl threatens him with the gas chamber. The environment is physically habitable but politically lethal.","Interstellar trade, political maneuvering across worlds, and multi-system governance are routine. Space habitation is completely normalized.","Askone's independent government with its own succession politics, religious laws, and foreign policy represents a distinct polity separate from the Foundation's sphere.","Ponyets is a cunning trader executing a risky scheme: selling a nuclear device to a man who could betray him, while navigating threats of execution. The chapter is individual adventure driven by wit and nerve.",All characters are civilians: a trader and a politician negotiating a secret commercial deal. No military elements appear.,"Ponyets acts as a frontier trader penetrating a resistant culture through commercial ingenuity, selling technology that will gradually create dependency on Foundation goods—classic colonial economic strategy.",Pherl's suburban villa with its comfortable interior provides an entirely Earth-like physical environment.
US,Foundation,Part 4 Chapter 6,"Low contestation (minor competition, little open conflict)",Extensive territorial occupation (many settled worlds/regions held like states or empires),"Extreme / effectively unreachable (generational, completely separate, or one-way-feeling distance)",Distinct space culture,Same languages as Earth,Manageable but risky,Normalized / widespread (space habitation is ordinary for humanity),Multiple distinct space polities,Adventure / exploration,Entirely civilian,Like the frontier / colonial expansion,Almost Earth-like,"The crisis resolves successfully: Gorov is freed, Pherl buys the entire cargo, and the traders depart safely. The tension has been replaced by a commercial deal that benefits both parties, though Pherl was coerced through blackmail.",Pherl's mining estates on the outskirts of Askone and his private navy confirm extensive territorial holdings. The traders travel between Askone's settled worlds and the Foundation's sphere across the Galaxy.,"The traders are being escorted through Askone's system to mining estates on the outskirts, then will travel back across vast distances to Foundation space. The Galaxy-spanning distances remain extreme.","The trader culture is distinct: mercenary, amoral, and pragmatic. Ponyets' trick with the microfilm recorder exploits Askone's cultural ignorance of such technology. Multiple cultures with vastly different technological levels interact.",Ponyets and Gorov communicate by ether-beam between ships without language barriers. All negotiations with Pherl occurred in the same language.,"The traders operate in hostile space with armed escorts, and Ponyets needs Gorov to cover him with guns during the tin collection. The situation is manageable but requires constant vigilance.","Trading between worlds, ship-to-ship communication, and mining estates on outer worlds are completely routine commercial activities.","The Foundation, Askone, and its internal factions operate as distinct political entities. Pherl is positioned to become the next Grand Master, potentially shifting Askone toward Foundation influence.","The chapter reveals Ponyets' clever triple-cross: the transmuter as bait, the microfilm recorder as blackmail, and the forced sale of the entire cargo. It's a classic adventure tale of a cunning trickster outwitting his opponents.","All characters are civilian traders and politicians. Pherl's private navy serves as escort, not as combatants. The resolution is entirely commercial.","The successful sale of nuclear gadgets to Askone represents colonial economic penetration: the Foundation's technology will create dependency and gradually transform Askone's culture, exactly as planned. Pherl as future Grand Master is a colonial collaborator.",The chapter takes place in ships and references mining estates. The physical environments are comfortable and Earth-like.
US,Foundation,Part 5 Chapter 1,Moderate contestation (ongoing rivalry/disputes),Extensive territorial occupation (many settled worlds/regions held like states or empires),"Extreme / effectively unreachable (generational, completely separate, or one-way-feeling distance)",Distinct space culture,Same languages as Earth,Manageable but risky,Normalized / widespread (space habitation is ordinary for humanity),Multiple distinct space polities,Political / diplomatic,Mostly civilian with some military presence,Like the frontier / colonial expansion,Almost Earth-like,"Three Foundation trade ships have disappeared in Korellian territory, and Korell appears to possess nuclear weapons of unknown origin. Sutt suspects treason among the Outlander traders. Mallow is sent to investigate, combining an external threat with internal political suspicion.",The Korellian Republic encompasses half a dozen stellar systems. The Four Kingdoms have been absorbed into the Foundation's sphere. The Foundation's trade reaches across the Periphery. Multiple polities control extensive territories.,"Traders operate across vast distances in the Periphery. Mallow has been to Korell and returned, but three ships have been lost in that distant territory, emphasizing the dangerous distances involved.","The Foundation has evolved a complex society with religious hierarchy, secular traders, and former kingdom populations. Mallow's pride in his Smyrnian origins and the tension between Foundation-born and Outlander identities reflect a distinct cultural stratification.",Sutt and Mallow communicate without language barriers despite being from different worlds (Foundation and Smyrno). All political discussion occurs in the same language.,"Three armed trade ships have been destroyed, suggesting that space operations in Korellian territory are actively dangerous. The Foundation's trade is risky but survivable with proper precautions.","Master Traders, interstellar commerce, and multi-system republics are completely routine. Space habitation is fully normalized across the Periphery.","The Foundation, the Korellian Republic (with hereditary Commdors from the Argo family), and the former Four Kingdoms represent distinct polities. The Foundation faces both external threats from Korell and internal dissent from Outlander populations.","Sutt sends Mallow on a politically motivated mission to investigate nuclear weapons and potential treason. The chapter is dominated by political maneuvering between the secretary and the trader, with espionage as the underlying agenda.","Sutt and Mallow are civilians, but the discussion concerns armed trade ships, nuclear weapons, and military threats. The Admiralty is mentioned as providing mission details. Military concerns are prominent though the characters are civilian.","Mallow is being sent as a frontier scout into hostile territory, combining trade with intelligence-gathering. The Foundation's relationship with former kingdoms and Outlander populations mirrors colonial metropolitan-peripheral dynamics.",The chapter takes place in offices on Terminus. The physical environment is entirely comfortable and Earth-like.
US,Foundation,Part 5 Chapter 2,Moderate contestation (ongoing rivalry/disputes),Extensive territorial occupation (many settled worlds/regions held like states or empires),"Extreme / effectively unreachable (generational, completely separate, or one-way-feeling distance)",Distinct space culture,Same languages as Earth,Manageable but risky,Normalized / widespread (space habitation is ordinary for humanity),Multiple distinct space polities,Political / diplomatic,Entirely civilian,Like the frontier / colonial expansion,Almost Earth-like,Sutt and Manlio discuss a brewing Seldon Crisis combining external nuclear threats with internal political instability. The traders are seen as a disloyal element that must be controlled. Sutt plots to use the crisis to consolidate power.,The Foundation controls extensive territories including former kingdoms. The outer provinces look to Terminus as the Holy Planet. The vast territorial structure of the Foundation's sphere is well established.,"The Galactic Empire abandoned the Periphery long ago. The Foundation exists in isolation at the Galaxy's edge, with outer provinces potentially breaking away. The distances make central control difficult.","The Foundation's dual structure of religious hierarchy and secular traders creates a unique cultural tension. Manlio holds both political and religious offices. The traders are educated apart from religion, creating a cultural schism within Foundation society.",Sutt and Manlio converse freely about complex political and religious matters. No language barriers are mentioned.,The Foundation faces nuclear weapons externally and disaffection internally. The situation is manageable through strategic action but risks catastrophic failure if both crises compound.,"The Foundation's sphere of influence spans multiple worlds and kingdoms. Space habitation is completely normalized, with the discussion focused on political control rather than space-living challenges.","The Foundation, the Korellian Republic, and potentially breakaway outer provinces represent multiple political entities. The traders form a quasi-independent power base that threatens the Foundation's political unity.","The entire chapter is political plotting: Sutt and Manlio analyze the emerging Seldon Crisis, plan to use it against the traders, and strategize about combining the primacy with the mayoralty. It is pure political calculation.","Sutt is a secretary, Manlio is a religious-political leader, and the mayor is mentioned. All characters are civilians discussing domestic politics and church-state relations.","The Foundation operates as a colonial center struggling to maintain control over its periphery. The traders are frontier agents whose independence threatens the metropole's authority, mirroring colonial tensions between distant operatives and central administration.",The chapter takes place in a bachelor apartment in the Hardin Building on Terminus. The physical environment is entirely comfortable and Earth-like.
US,Foundation,Part 5 Chapter 3,Moderate contestation (ongoing rivalry/disputes),Extensive territorial occupation (many settled worlds/regions held like states or empires),"Extreme / effectively unreachable (generational, completely separate, or one-way-feeling distance)",Distinct space culture,Same languages as Earth,Manageable but risky,Normalized / widespread (space habitation is ordinary for humanity),Multiple distinct space polities,Political / diplomatic,Entirely civilian,Like the frontier / colonial expansion,Almost Earth-like,Internal political tensions simmer as Twer campaigns for trader representation while the Actionist party splits. Mallow is being sent on a potentially dangerous mission during a brewing Seldon Crisis combining foreign nuclear threats and domestic dissent.,The Foundation's sphere encompasses the former Four Kingdoms and extends through trader networks across the Periphery. Mallow's mission to the Whassallian Rift confirms the vast territorial reach of human settlement.,"Mallow explains that the Galactic Empire died at the edges and the Foundation was planted in the middle of the resulting mess. The mission heads toward the Whassallian Rift, indicating vast and dangerous distances.","The Foundation's culture includes psychohistorical awareness (Seldon crises), trader conventions, democratic politics, and tension between Foundation-educated and Outlander-born citizens. Twer doesn't even know what a Seldon Crisis is, showing cultural fragmentation within Foundation society.",Mallow and Twer communicate freely about complex political and historical concepts. No language barriers are mentioned.,"Three trade ships have been lost, and Mallow heads into potentially hostile territory with no definite plan. The mission is risky but Mallow accepts the danger as inherent to the trader profession.","Trader conventions, council elections, and interstellar missions are routine aspects of Foundation life. Space habitation and travel are completely normalized.","The Foundation, Korell, and the former kingdoms represent multiple polities. The traders form a quasi-independent power base within the Foundation's political structure, creating internal divisions.","The chapter combines domestic political organizing (Twer's campaign for trader rights) with the geopolitical Seldon Crisis. Mallow's mission is politically motivated, and he sees it as an opportunity for political advancement.","Mallow and Twer are civilian traders and politicians. The mission is commercial and intelligence-gathering in nature, not military.","Mallow heads into frontier territory as a trader-scout, improvising without a plan—classic frontier behavior. The Foundation's expansion through commerce parallels colonial economic penetration of distant territories.",The chapter takes place in homely surroundings on Terminus and aboard the Far Star. The physical environments are comfortable and Earth-like.
US,Foundation,Part 5 Chapter 4,High contestation (frequent conflict or strategic struggle),Extensive territorial occupation (many settled worlds/regions held like states or empires),"Extreme / effectively unreachable (generational, completely separate, or one-way-feeling distance)",Distinct space culture,Same languages as Earth,Manageable but risky,Normalized / widespread (space habitation is ordinary for humanity),Multiple distinct space polities,Drama,Mostly civilian with some military presence,Like the frontier / colonial expansion,Almost Earth-like,A mob of thousands surrounds the spaceport demanding the missionary. The crew nearly mutinies over Mallow's decision to hand him over. Korellian ships maintain hostile watch. The situation is a deliberate provocation by the Korellians to test the Foundation's response.,"Korell is a multi-system republic with a despotic Commdor, a capital city, and outlying districts. The Foundation's trade reaches into Korellian territory. Both are part of the broader settled Periphery.","The Far Star is deep in Korellian territory, isolated from Foundation support. The spaceport is in a sleepy far section, and the nearest city is a hundred miles away. Mallow cannot call for help across the vast distances.",Korell is a decayed former Imperial province rejecting Foundation missionaries. The missionary's fervent religious appeals contrast sharply with Mallow's pragmatic trader mentality. Multiple distinct cultures clash in this encounter.,"Mallow, Twer, the missionary, and the Korellian mob all communicate in the same language. The ship's outer communication system works without translation.",The Far Star is surrounded by a hostile mob of thousands while Korellian ships hover overhead. The crew is at battle stations. The situation is immediately dangerous but survivable through calculated action.,"Spaceports, trade ships, and interstellar travel are routine. The mob's anger is about religious-political issues, not the novelty of space habitation.",The Korellian Republic and the Foundation are distinct polities with conflicting laws regarding missionaries. The Commdor's government deliberately provokes the Foundation through the missionary incident.,"The chapter is intense personal drama: Mallow must make an agonizing decision to hand over a helpless man to a mob, face down his own crew's rebellion, and maintain discipline under extreme pressure. The moral tension drives the narrative.","The Far Star is armed with nuclear weapons and the crew operates at battle stations with gun emplacements. Mallow commands with military discipline. However, the ship is a trade vessel and the situation is a diplomatic standoff, not a battle.","A lone trade ship in hostile territory, surrounded by a hostile local population, navigating political traps set by the local ruler—classic colonial frontier dynamics where the trader must balance commercial interests with survival.","The spaceport, though decrepit, is on a habitable planet with cities, districts, and a functioning civilization. The physical environment is Earth-like."
US,Foundation,Part 5 Chapter 5,Moderate contestation (ongoing rivalry/disputes),Extensive territorial occupation (many settled worlds/regions held like states or empires),"Extreme / effectively unreachable (generational, completely separate, or one-way-feeling distance)",Distinct space culture,Same languages as Earth,Manageable but risky,Normalized / widespread (space habitation is ordinary for humanity),Multiple distinct space polities,Political / diplomatic,Entirely civilian,Like the frontier / colonial expansion,Almost Earth-like,"The Commdor and Mallow negotiate cautiously, with underlying mutual suspicion. The Commdor fears Foundation religious infiltration as happened to Askone. Mallow must overcome deep-seated resistance to Foundation trade. Armed guards and fortified walls belie the Commdor's peaceful rhetoric.","Korell is described as a republic within the Periphery, alongside surrounding worlds with despots and monarchs. The Foundation's sphere includes Askone as an integrated member. Multiple worlds are extensively settled and governed.",The Foundation and Korell are separated by vast interstellar distances. Trade between them has been restricted. The Periphery is a vast region of space where multiple independent nations exist at great distances from one another.,"Korell has a despotic republic pretending to be democratic, with the Commdor styling himself as a humble citizen while living in a fortress. The Foundation's dual approach of religion and trade represents a distinct cultural strategy. Both cultures are far from Earth norms.",Mallow and the Commdor negotiate complex trade deals and political arrangements without any language barriers.,"Korell is habitable with cities, factories, and agriculture, but the political environment is treacherous. The Commdor's fortress-palace and armed guards signal underlying danger beneath the diplomatic veneer.","Steel foundries, factories, and consumer goods are ordinary aspects of Korellian civilization. Space habitation and interstellar trade are completely routine.",The Foundation and Korell negotiate as independent nations. The Commdor references Askone's absorption into the Foundation system as a cautionary tale. Multiple Periphery nations maintain independence.,The entire chapter is a diplomatic trade negotiation. Mallow sells consumer goods and industrial technology while carefully avoiding the religious element that has poisoned previous Foundation relationships. It is pure commercial diplomacy.,Mallow is a civilian trader negotiating with a civilian ruler. The trade goods discussed are consumer items and industrial tools. Guards are present but play no role beyond background security.,"Mallow explicitly offers colonial economic penetration without religious strings: consumer goods at huge profit margins, industrial retooling, and economic dependency. This is a new model of colonial control through commerce rather than religion.","Korell has gardens, palaces, steel foundries, and an industrial economy. The physical environment is entirely Earth-like and comfortable."
US,Foundation,Part 5 Chapter 6,"Low contestation (minor competition, little open conflict)",Extensive territorial occupation (many settled worlds/regions held like states or empires),"Extreme / effectively unreachable (generational, completely separate, or one-way-feeling distance)",Distinct space culture,Same languages as Earth,Manageable but risky,Normalized / widespread (space habitation is ordinary for humanity),Multiple distinct space polities,Drama,Entirely civilian,Like the frontier / colonial expansion,Almost Earth-like,"The brief chapter shows the Commdor and Commdora's domestic conflict, which is political in nature. The Commdora's father rules another world and she threatens to report the Commdor's dealings with Foundation traders. The trade deal has reduced overt hostility.","The Commdora references her father ruling another world, indicating the Korellian region contains multiple settled worlds with dynastic marriages linking rulers across systems.","The Commdora's father rules a world powerful enough to threaten Korell, suggesting multiple worlds at significant distances connected by political marriages and alliances.","Dynastic marriages between rulers of different worlds for political alliance, the Commdor's hypocritical republicanism, and the Commdora's casual reference to her father pulverizing a nation reflect a feudal-political culture distinct from Earth norms.",The Commdor and Commdora argue without any language barriers despite being from different worlds.,"The domestic environment is comfortable, but political threats lurk—the Commdor threatens mutilation, the Commdora threatens war from her father. Physical danger is political, not environmental.",Dynastic marriages across worlds and political threats involving planetary destruction are treated as routine aspects of governance. Space habitation is unremarkable.,"The Commdora's father rules a separate, more powerful world that could destroy Korell. This confirms multiple independent polities linked by dynastic marriages but maintaining separate sovereignty.","The chapter is a domestic drama between the Commdor and his unhappy wife, revealing the political marriage that links Korell to a more powerful neighboring state. The luminescent belt silences her complaints—a personal, dramatic resolution.",The scene is a private domestic argument between a ruler and his wife. No military characters or operations appear.,The Commdora's reference to her father's power reveals that Korell exists in a colonial-feudal network of worlds connected by dynastic alliances. The Foundation's trade goods penetrate this network through the rulers' personal desires.,"The garden and palace interior provide a comfortable, Earth-like physical environment."
US,Foundation,Part 5 Chapter 7,"Low contestation (minor competition, little open conflict)",Extensive territorial occupation (many settled worlds/regions held like states or empires),"Extreme / effectively unreachable (generational, completely separate, or one-way-feeling distance)",Distinct space culture,Same languages as Earth,Manageable but risky,Normalized / widespread (space habitation is ordinary for humanity),Multiple distinct space polities,Adventure / exploration,Entirely civilian,Like the frontier / colonial expansion,Almost Earth-like,"Mallow is getting access to the steel foundry too easily, which makes him suspicious. The trade negotiations are proceeding smoothly, but the underlying question of Korell's nuclear capability remains unresolved. Tension is present but not open conflict.",Korell is a settled world with industrial infrastructure including steel foundries and shipyards. The broader context of the Foundation's sphere and the Periphery confirms extensive territorial occupation.,"Mallow operates far from Foundation territory, investigating Korell's capabilities independently. The vast distances of the Periphery separate them from Foundation support.","Korell's industrial civilization with its Commdor, royal groundcars, and suspicion of nuclear technology represents a distinct culture. The Foundation traders bring a different commercial-technological culture to bear.",Mallow and Twer discuss strategy without language barriers. The royal groundcar and foundry visit proceed without communication difficulties.,"Korell is habitable with industrial infrastructure, but Mallow suspects potential traps. The risk is political and intelligence-related rather than environmental.","Industrial economies, trade negotiations, and steel foundries on distant worlds are completely routine. Space habitation is unremarkable.",The Foundation and Korell operate as distinct polities with different attitudes toward nuclear technology. Mallow investigates whether Korell has secretly acquired nuclear power.,"Mallow is on an intelligence-gathering mission, suspecting traps while trying to uncover Korell's secret nuclear capabilities. The chapter builds suspense as a spy-adventure narrative.",Mallow and Twer are civilian traders visiting a steel foundry. The royal groundcar escort is ceremonial. No military operations occur.,"Mallow operates as a frontier trader-spy, combining commercial activity with intelligence gathering in hostile territory—a role common in colonial frontier contexts.",The chapter references steel foundries and industrial infrastructure on a habitable world. The physical environment is entirely Earth-like.
US,Foundation,Part 5 Chapter 8,Moderate contestation (ongoing rivalry/disputes),Extensive territorial occupation (many settled worlds/regions held like states or empires),"Extreme / effectively unreachable (generational, completely separate, or one-way-feeling distance)",Distinct space culture,Same languages as Earth,Manageable but risky,Normalized / widespread (space habitation is ordinary for humanity),Multiple distinct space polities,Adventure / exploration,Mostly civilian with some military presence,Like the frontier / colonial expansion,Almost Earth-like,"Mallow discovers that the Commdor's bodyguards carry nuclear weapons bearing the Spaceship-and-Sun emblem of the Galactic Empire. This reveals that the Empire is supplying Korell with advanced weapons, representing a major new strategic threat to the Foundation.",The discovery of Imperial-marked nuclear weapons confirms the Galactic Empire still exists deeper in the Galaxy and is expanding back into the Periphery. This means territorial occupation spans the entire Galaxy at multiple levels.,"The Empire, thought to have retreated deep into the Galaxy 150 years ago, is now reaching back into the Periphery. The distances involved span from the Galaxy's center to its edge.","The Spaceship-and-Sun symbol links Korell's weapons to the ancient Galactic Empire, connecting a frontier world to a millennia-old civilization. The layered cultures—Foundation, Periphery kingdoms, and the resurgent Empire—create a complex cultural landscape.",Mallow communicates with the Korellian court during his demonstration without language barriers. The Imperial markings are recognizable across cultural boundaries.,"The foundry demonstration is safe, but Mallow's discovery of Imperial nuclear weapons reveals a major strategic threat. The physical environment is comfortable but the geopolitical implications are dangerous.","Steel foundries, industrial manufacturing, and nuclear technology are routine aspects of galactic civilization. Space habitation is completely normalized.","The Foundation, Korell, and now the resurgent Galactic Empire represent three distinct power levels. The Empire's supply of nuclear weapons to Korell creates a new geopolitical dynamic in the Periphery.",Mallow's discovery of the Imperial Spaceship-and-Sun on the weapons is a dramatic intelligence breakthrough during a trade demonstration. The chapter reads as a spy-adventure revelation.,"The foundry demonstration is civilian commercial activity, but the discovery of nuclear-armed bodyguards with Imperial weapons introduces a significant military element. The military threat is the chapter's key revelation.",The resurgent Empire reaching into the Periphery mirrors imperial powers re-extending their reach into colonial frontiers. Korell is caught between two expanding powers—the Foundation's commercial empire and the old Empire's military influence.,The foundry is a standard industrial facility on a habitable world. The physical environment is entirely Earth-like.
US,Foundation,Part 5 Chapter 9,Moderate contestation (ongoing rivalry/disputes),Extensive territorial occupation (many settled worlds/regions held like states or empires),"Extreme / effectively unreachable (generational, completely separate, or one-way-feeling distance)",Distinct space culture,Same languages as Earth,Manageable but risky,Normalized / widespread (space habitation is ordinary for humanity),Multiple distinct space polities,Adventure / exploration,Entirely civilian,Like the frontier / colonial expansion,Almost Earth-like,"Mallow secretly leaves his ship in a lifeboat on a solo intelligence mission, leaving his crew with sealed orders. The secrecy and precautions indicate the mission is dangerous and the stakes are high in the broader Foundation-Korell-Empire conflict.","The Far Star travels through space between settled worlds. Mallow sends his ship to a specific planet while he proceeds separately, indicating multiple settled worlds available as meeting points.","Mallow departs alone in a lifeboat into deep space, with instructions for a two-month wait. The distances are so great that communication with the Foundation may take weeks, and Mallow may never return.","The trader culture's protocols—sealed orders, Time Capsules, acting captains, and strict secrecy about missions—reflect a distinct spacefaring professional culture developed over generations at the Galaxy's edge.",Mallow and Drawt communicate without language barriers. All orders are given and understood clearly.,"Mallow departs alone in a lifeboat on a dangerous solo mission with a two-month deadline. If he doesn't return, his report goes via Time Capsule—emphasizing the life-threatening nature of the mission.","Solo space travel in lifeboats, two-month rendezvous plans, and interstellar communication are routine for traders. Space habitation and navigation are completely normalized.",Mallow is entering Empire-controlled territory—a distinct polity from the Foundation—requiring covert operations and sealed intelligence reports.,"Mallow embarks on a dangerous solo intelligence mission, leaving his ship behind with sealed orders. The chapter is pure adventure: a lone agent heading into unknown territory.","Mallow is a civilian trader on a covert mission. The orders are given aboard a trade ship, not a military vessel.","Mallow ventures alone beyond the frontier into Imperial territory, like a frontier scout penetrating enemy territory. The sealed orders and contingency plans echo military-colonial reconnaissance missions.",The chapter takes place in the ship's private quarters. The physical environment is artificial but comfortable.
US,Foundation,Part 5 Chapter 10,Moderate contestation (ongoing rivalry/disputes),Extensive territorial occupation (many settled worlds/regions held like states or empires),"Extreme / effectively unreachable (generational, completely separate, or one-way-feeling distance)",Distinct space culture,"Mostly same, with dialect/slang differences",Manageable but risky,Normalized / widespread (space habitation is ordinary for humanity),Multiple distinct space polities,Adventure / exploration,Mostly military,Like the frontier / colonial expansion,Almost Earth-like,"Barr describes Siwenna's history of civil wars, rebellion, and massacre. The current viceroy seized power through brutal conquest. There is ongoing piracy, rebellion, and the viceroy dreams of carving out his own empire. The province is in constant political turmoil.","Siwenna is part of the Normannic Sector, which once had twenty-five first-rank planets. The Imperial capital is deeper in the Galaxy at Trantor. Viceroys control provinces spanning multiple worlds, and the viceroy's fleet controls military power across the region.",Mallow traveled from the Galaxy's rim with 150-year-old maps. The new sector capital at Orsha II is twenty parsecs from Siwenna. The distances between the Foundation's edge-of-Galaxy position and the Empire's inner provinces are immense.,"Imperial Siwenna has hereditary tech-men guilds controlling nuclear power plants, a patrician class, forged passports, military occupation, and a viceroy dreaming of empire. This is a complex feudal-imperial culture utterly distinct from Earth.","Barr explicitly warns Mallow that his accent is barbarous, his idioms peculiar, and he uses astounding archaisms. While they communicate in the same language, the linguistic differences are noticeable and could draw suspicion.","Siwenna is habitable with cities and power stations, but is under military occupation. Civilians are deprived of civic rights and foreigners could be shot on sight. The environment is physically safe but politically lethal.","Twenty-five first-rank planets in a single sector, nuclear power stations, and interstellar fleets are routine aspects of Imperial civilization. Space habitation is completely normalized.","The decaying Empire, with its competing viceroys, pirate remnants, and rebel provinces, contains multiple power centers. The Foundation exists as a distant unknown entity. The viceroy plans to carve out his own empire in the Periphery.","Mallow has ventured deep into Imperial territory, met a fallen patrician, and learned crucial intelligence about the Empire's state. He prepares to infiltrate a city using a forged passport—classic spy-adventure narrative.","The chapter describes military conquest, massacre, fleet operations, and military occupation. Power stations are under military control. Barr's son serves as a gunner. The viceroy rules by military force.","Mallow has crossed from the frontier into the decaying metropolitan center, finding a collapsing imperial civilization rife with civil war and tyranny. The frontier Foundation may eventually replace the decayed center—a reversal of typical colonial dynamics.","Siwenna is a habitable planet with cities, mansions, gardens, and comfortable living conditions. The physical environment is entirely Earth-like despite the political devastation."
US,Foundation,Part 5 Chapter 11,Moderate contestation (ongoing rivalry/disputes),Extensive territorial occupation (many settled worlds/regions held like states or empires),"Extreme / effectively unreachable (generational, completely separate, or one-way-feeling distance)",Distinct space culture,"Mostly same, with dialect/slang differences",Manageable but risky,Normalized / widespread (space habitation is ordinary for humanity),Multiple distinct space polities,Adventure / exploration,Mostly civilian with some military presence,Like the frontier / colonial expansion,Almost Earth-like,Mallow infiltrates Imperial territory and bribes a tech-man with a personal force-shield to gain access to nuclear generators. The tech-man initially threatens to report him. The Foundation and Empire are in covert competition for influence.,"Siwenna is part of a vast Imperial province with cities, power stations, and a viceroy's administration. The tech-man studied at the University of Trantor, confirming the Empire's galaxy-spanning institutional structure.",Mallow has traveled from the Galaxy's rim deep into Imperial territory. Trantor is mentioned as a distant center of learning. The distances between the Foundation and the Empire's core are extreme.,"The tech-man's hereditary guild culture with its strict honor codes, the Imperial class structure, and Mallow's frontier trader persona represent three distinct cultural identities interacting in a single scene.","Mallow's accent and mannerisms mark him as a foreigner. The tech-man notes his non-Siwennese costume. While communication succeeds, cultural and linguistic differences are noticeable.",Mallow operates under a forged passport in hostile occupied territory where foreigners can be reported to the Protector. He risks death by blaster during the demonstration. The physical environment is habitable but politically dangerous.,"Nuclear power generators, hereditary tech-man guilds, and interstellar education at Trantor's university are routine aspects of Imperial civilization. Space habitation is fully normalized.","The Empire, with its viceroy and military occupation, and the distant Foundation represent distinct polities. The tech-man's guild forms a quasi-independent power structure within the Imperial system.","Mallow performs a dramatic force-shield demonstration to bribe a tech-man into showing him nuclear generators. It's a spy-adventure scene: infiltration, bribery, and covert intelligence-gathering behind enemy lines.","Mallow and the tech-man are civilians, but the military occupation of Siwenna and the Protector's authority are constant background threats. Nuclear power stations serve both civilian and military purposes.","Mallow is a frontier agent penetrating the metropolitan center, using advanced Foundation technology (personal shields) that the Empire lacks. The Foundation's technological advantage over the decaying Empire inverts the typical colonial power dynamic.","The tech-man's office and the city are comfortable, Earth-like environments. The physical setting is entirely habitable."
US,Foundation,Part 5 Chapter 12,Moderate contestation (ongoing rivalry/disputes),Extensive territorial occupation (many settled worlds/regions held like states or empires),"Extreme / effectively unreachable (generational, completely separate, or one-way-feeling distance)",Distinct space culture,Same languages as Earth,Manageable but risky,Normalized / widespread (space habitation is ordinary for humanity),Multiple distinct space polities,Adventure / exploration,Entirely civilian,Like the frontier / colonial expansion,Almost Earth-like,"Mallow completes his covert intelligence mission, confirming that Imperial generators cannot be repaired if damaged. The tech-man's inability to fix broken generators is a critical strategic weakness that Mallow discovers through aggressive questioning.","The city power station serves a large urban area on Siwenna, which is part of a vast Imperial sector. The generators were built during the Empire's heyday and serve extensive territorial infrastructure.","Two days after leaving Siwenna, Mallow reaches the Far Star and prepares to return to Terminus across the vast distance from Imperial space to the Galaxy's edge.",The tech-man's prideful claim that generators never break down and were built for eternity reflects the Empire's cultural stagnation—maintaining but not understanding ancient technology. This mirrors the Galaxy-wide decline of original scientific knowledge.,Mallow and the tech-man communicate about complex technical matters without language barriers.,The powerhouse has an ozone-tinged atmosphere but is physically safe. Mallow's risk is entirely political—being caught in a forbidden area would mean ejection into space for both men.,City-scale nuclear power stations serving urban populations are completely routine aspects of Imperial civilization. Space habitation is unremarkable.,The Empire and the Foundation remain distinct polities. Mallow's mission confirms that the Empire is technologically stagnant—they maintain but cannot repair their own generators—giving the Foundation a strategic advantage.,"Mallow infiltrates a forbidden nuclear power station, gathers critical intelligence about the Empire's technological weakness, and escapes. The force-shield he gave the tech-man dies two days later, adding a clever coda to the spy adventure.",Mallow and the tech-man are civilians visiting a civilian power station. No military characters appear in this brief chapter.,"The Foundation's frontier technology (portable force-shields, miniaturized nuclear generators) surpasses the Empire's decaying metropolitan technology. The frontier is overtaking the center—an inversion of colonial dynamics.",The powerhouse and the tech-man's home are in a normal city environment. The physical setting is entirely Earth-like.
US,Foundation,Part 5 Chapter 13,Moderate contestation (ongoing rivalry/disputes),Extensive territorial occupation (many settled worlds/regions held like states or empires),"Extreme / effectively unreachable (generational, completely separate, or one-way-feeling distance)",Distinct space culture,Shared lingua franca plus local variation,Benign / easily survivable,Normalized / widespread (space habitation is ordinary for humanity),Multiple distinct space polities,Political / diplomatic,Entirely civilian,Like the frontier / colonial expansion,Almost Earth-like,"The chapter centers on intense political rivalry between Mallow and Jorane Sutt, who threatens a murder trial and prison. Sutt and Mallow compete over Foundation policy regarding trade versus religion, but the conflict remains in the political and legal arena rather than open warfare.","References to Foundation control over the Four Kingdoms, subject planets with religious hierarchies, and peripheral worlds like Korell indicate a sprawling territorial presence across many settled systems.","Korell is distant enough that Mallow's trade mission lasted months, and the separation between Foundation worlds and peripheral systems is treated as vast interstellar distance requiring dedicated voyages.","Foundation society has a unique culture built around Seldon's plan, a manufactured state religion used as a political tool, a trader class with its own laws and customs, and deep prejudice against Smyrnians (non-native citizens). This is far removed from any Earth analog.","All characters communicate in a common language, but cultural-specific terminology abounds: 'Smyrnian' as a slur, religious titles like 'Primate,' trade-specific legal terms, and political vocabulary unique to Foundation governance.","The chapter takes place entirely in comfortable domestic and political settings—Mallow's luxurious new house with a sunroom, silk robes, and cigars. No environmental threats are present.","Space habitation is completely ordinary. Characters live on multiple planets, trade between star systems routinely, and no one remarks on interstellar living as unusual. Mallow casually discusses factories, trade profits, and political campaigns spanning worlds.","The chapter references the Foundation, the Four Kingdoms under Foundation religious control, Korell as an independent Commdorship, and other peripheral worlds that resist Foundation influence—a clearly multipolar political landscape.","The entire chapter is political maneuvering: Mallow recruiting Jael for a council campaign, Sutt's confrontation over trade policy versus religious expansion, threats of a murder trial, and analysis of Sutt's scheme to use religion as a power grab.","All conflict is political, legal, and commercial. There is no military presence or action. The disputes concern trade profits, council seats, religious policy, and threatened criminal prosecution.","The Foundation's expansion through trade and religion into peripheral worlds mirrors colonial expansion patterns—establishing economic and spiritual dominance over less-developed regions, with traders as the vanguard of influence.","Mallow's home features a sunroom, silk robes, cigars, and comfortable furniture. The physical environment is entirely Earth-like with no alien or challenging conditions mentioned."
US,Foundation,Part 5 Chapter 14,Moderate contestation (ongoing rivalry/disputes),Extensive territorial occupation (many settled worlds/regions held like states or empires),"Extreme / effectively unreachable (generational, completely separate, or one-way-feeling distance)",Distinct space culture,Shared lingua franca plus local variation,Benign / easily survivable,Normalized / widespread (space habitation is ordinary for humanity),Multiple distinct space polities,Political / diplomatic,Mostly civilian with some military presence,Like the frontier / colonial expansion,Almost Earth-like,"The chapter depicts a dramatic political trial where Mallow faces murder charges orchestrated by Sutt. The contestation is intense but confined to legal and political arenas—no physical violence occurs, though lynch mobs are mentioned outside.","References to Foundation's planets, outer planets with religious hierarchies, and Korell with its own secret police all indicate extensive multi-world territorial control by various polities.","The interstellar distances are vast enough that Korell operates with its own secret police independently, and Foundation missions there are major undertakings. The separation between worlds is treated as enormous.","Foundation culture features unique elements: public trials broadcast on trimensional visors across multiple planets, a manufactured religious hierarchy used politically, the concept of Seldon crises as cultural touchstones, and a trader class with distinct legal protections.","Everyone communicates in a common language, but specialized vocabulary is prominent: religious titles (Reverend, Primate), political terms (Commdor), espionage terminology (KSP for Korellian Secret Police), and Foundation-specific concepts (Visual Record, Seldon crisis).",The chapter takes place entirely in a council chamber and city square. The physical environment poses no threat; all danger is political and legal in nature.,"Five million homes on Terminus watch the trial on private visors, and outer planets receive censored broadcasts. Interstellar civilization with massive populations on multiple worlds is completely normalized.","The Foundation governs Terminus and influences outer planets through religion, Korell operates independently with its own secret police (KSP), and Anacreonian exiles exist as a displaced group—multiple distinct political entities coexist.","The chapter is a dramatic courtroom scene focused on political maneuvering. Mallow uses evidence and rhetoric to defeat Sutt's prosecution, winning public opinion. The genre is legal/political drama throughout.","The trial is a civilian legal proceeding, but references to espionage (Korellian Secret Police agent posing as a priest) and Mallow's armed confrontation in the Visual Record introduce a minor military/security dimension.",The trial revolves around Foundation missionary activity on peripheral worlds—a pattern of religious and commercial colonization. The revelation that Korell uses counter-espionage against Foundation expansion reinforces the colonial frontier analogy.,"The council chamber, galleries, city square, and broadcast technology all depict an Earth-like urban environment with no unusual physical conditions."
US,Foundation,Part 5 Chapter 15,High contestation (frequent conflict or strategic struggle),Extensive territorial occupation (many settled worlds/regions held like states or empires),"Extreme / effectively unreachable (generational, completely separate, or one-way-feeling distance)",Distinct space culture,Shared lingua franca plus local variation,Benign / easily survivable,Normalized / widespread (space habitation is ordinary for humanity),Multiple distinct space polities,Political / diplomatic,Mostly civilian with some military presence,Like the frontier / colonial expansion,Almost Earth-like,"Mallow reveals that Korell will declare war with nuclear ships supplied by the Empire. He orders the arrest of political rivals Sutt and Manlio, and declares he must seize control of the Foundation to handle the coming Seldon crisis. The stakes escalate from political rivalry to impending interstellar war.","The chapter references the Foundation's outer planets, the Galactic Empire still alive at the center, the Periphery as a distinct region, and Korell's space sector—all indicating extensive territorial occupation across the galaxy.","The Galactic Empire persists at the center while being effectively gone in the Periphery, indicating distances so vast that entire civilizations can exist in near-total separation. Korell's space sector is remote enough that merchant ships disappear without explanation.","Foundation culture features unique political structures (mayor as combined secular and religious leader), manufactured religious hierarchies on outer planets, Seldon crises as defining cultural events, and a trader-driven civilization with no Earth analogs.","All characters communicate in a common language, but Foundation-specific terminology pervades: Seldon crisis, high priest, outer planets priesthood, and political terms unique to their civilization.",The chapter is entirely a political conversation between Mallow and Jael. No environmental hazards are present; the setting is comfortable and Earth-like.,"Interstellar civilization is completely normalized. Characters casually discuss war between star systems, merchant ships in space sectors, and galactic-scale political entities as routine features of their reality.","The chapter explicitly names the Foundation, Korell, and the Galactic Empire as distinct political entities, with the Foundation's outer planets forming semi-autonomous regions under religious governance.","The chapter is entirely political strategy: Mallow plans to arrest opponents, run for mayor, and prepare for an anticipated war with Korell. His cryptic strategy of doing 'nothing' is a political and economic calculation.","The discussion is civilian and political, but military concerns loom: nuclear ships from the Empire, destroyed merchant vessels, and an impending war. The military dimension is anticipated rather than present.",The Foundation exists on the Periphery while the Empire occupies the Galactic center—a frontier dynamic. Mallow's concern about the Empire turning its attention to the Foundation echoes colonial frontier anxieties about metropolitan power.,The setting is a normal indoor political meeting with no unusual environmental features. Physical conditions are entirely Earth-like.
US,Foundation,Part 5 Chapter 16,High contestation (frequent conflict or strategic struggle),Extensive territorial occupation (many settled worlds/regions held like states or empires),"Extreme / effectively unreachable (generational, completely separate, or one-way-feeling distance)",Distinct space culture,Shared lingua franca plus local variation,Benign / easily survivable,Normalized / widespread (space habitation is ordinary for humanity),Multiple distinct space polities,Political / diplomatic,Mostly civilian with some military presence,Like the frontier / colonial expansion,Almost Earth-like,The Commdor declares war between Korell and the Foundation. His wife pushes for military action using Imperial-supplied warships to destroy Foundation trade and territory. The chapter marks the transition from political tension to open interstellar conflict.,"Korell is a republic with imperial connections, the Foundation controls trade across the hinterland, and the Empire maintains a viceroy's court. Multiple worlds and regions are governed as states or imperial territories.","The Commdora speaks of leaving their 'barbarous world' to attend the viceroy's court in the Empire, treating it as a distant aspiration. The Foundation and Empire exist in effectively separate spheres despite nominal galactic connectivity.","Korellian culture features a Commdor ruling a republic, imperial marriages for political alliance, disdain for Foundation 'barbarians' and their 'magic sideshow,' and a society stratified between imperial-connected nobility and peripheral traders.","The Commdor and Commdora speak a common language but use culturally specific terms: Commdor/Commdora as titles, references to 'the hinterland,' 'viceroy's court,' and Foundation-specific trade terminology.",The chapter is a domestic scene between the Commdor and his wife in their palace. No environmental dangers are present; the physical setting is comfortable and unremarkable.,"Interstellar warfare, trade fleets, and imperial courts on distant worlds are discussed as ordinary realities. Space habitation is so normalized that the Commdora's main concern is social status at an imperial court, not the logistics of space living.","Three distinct polities feature prominently: the Korellian Republic, the Foundation, and the Galactic Empire (with its viceroy's court). The Commdora's father appears to be an imperial figure supplying warships to Korell.","The chapter is a political drama between spouses debating war strategy, imperial alliances, and territorial ambitions. The declaration of war is driven by political calculations and personal ambition rather than military action.","The scene is a domestic political discussion, but military elements are central: five warships, a promised sixth, plans to blast the Foundation, and sweeping their ships from space. Military action is imminent but hasn't begun.",Korell views itself as a peripheral 'barbarous world' aspiring to imperial respectability through conquest of the Foundation hinterland—a classic colonial frontier dynamic of peripheral powers seeking metropolitan recognition.,"The scene takes place in a palace with doors, lights, and normal domestic furnishings. The physical environment is entirely Earth-like."
US,Foundation,Part 5 Chapter 17,High contestation (frequent conflict or strategic struggle),Extensive territorial occupation (many settled worlds/regions held like states or empires),"Extreme / effectively unreachable (generational, completely separate, or one-way-feeling distance)",Distinct space culture,Shared lingua franca plus local variation,Extremely hostile (constant survival pressure),Normalized / widespread (space habitation is ordinary for humanity),Multiple distinct space polities,Military / war,Mostly military,Like the ocean / naval,Very different (human bodies/technology constantly challenged),"A Foundation merchant ship encounters a massive Imperial warship bearing the Spaceship-and-Sun insignia. Every alarm activates, the ship prepares to run or fight, and an emergency hyperwave message is sent as both a plea for help and a warning of danger. War has arrived.","The encounter between a Foundation ship and an Imperial vessel implies both entities control vast territories. The Empire's warship bears official insignia, representing a galaxy-spanning state projecting power into the Periphery.","The Foundation ship must use hyperspace communication to send a warning back home, indicating vast interstellar distances. The Empire's reach into the Periphery represents a projection of power across enormous galactic distances.","The Foundation's merchant marine culture—with its own ship naming conventions (Dark Nebula), exclamations ('Great Galloping Galaxies!'), and hyperwave communication protocols—represents a distinct spacefaring civilization.","The crew communicates in a common language with space-specific exclamations and terminology ('visiplate,' 'hyperwave room,' 'Great Galloping Galaxies').","The Foundation ship faces immediate mortal danger from a vastly superior Imperial warship. The crew must decide whether to flee or fight, and every alarm on the ship activates—space is presented as an acutely dangerous environment in this encounter.","Spacefaring is routine enough that merchant ships patrol trade routes and military vessels project power across the galaxy. The crew's shock is at the specific threat, not at being in space.","The encounter pits a Foundation merchant vessel against an Imperial warship, representing two distinct galactic powers. The Foundation sends a warning home, indicating organized state-level responses to military threats.","The chapter is a brief, tense military encounter. A small Foundation ship faces a massive Imperial warship, activates all alarms, prepares for combat or flight, and sends an emergency distress signal. It is purely a war scene.","The entire chapter depicts a military encounter: alarms, combat preparations, and a distress signal. The Foundation ship, though a merchant vessel, operates in a wartime context with military protocols.","The encounter between a small merchant ship and a massive warship directly parallels naval warfare—a minnow meeting a whale, with decisions to run or fight, and distress signals sent across the void. The imagery is explicitly naval.","Space is depicted as a domain where survival depends entirely on technology: visiplates for observation, hyperwave for communication, and ship systems for defense. The environment is fundamentally inhospitable without these technological mediations."
US,Foundation,Part 5 Chapter 18,High contestation (frequent conflict or strategic struggle),Extensive territorial occupation (many settled worlds/regions held like states or empires),"Extreme / effectively unreachable (generational, completely separate, or one-way-feeling distance)",Distinct space culture,Shared lingua franca plus local variation,Benign / easily survivable,Normalized / widespread (space habitation is ordinary for humanity),Multiple distinct space polities,Political / diplomatic,Mostly civilian with some military presence,Like the frontier / colonial expansion,Almost Earth-like,"The Foundation is at war with Korell, has lost ships, and faces internal political rebellion from Sutt's Religionists. Mallow wages economic warfare through trade strangulation while simultaneously arresting his political rival. The chapter culminates in Korell's unconditional surrender after three years.","The Foundation controls factories, trading centers, and shipping lines across multiple worlds. The Empire maintains vast territories at the Galactic center. Korell governs its own republic. The outer worlds form additional political units—all held as states or empires.","Mallow describes the Foundation at the Galaxy's rim, with the Empire's misty Lens visible in the sky as a distant remnant. The distances are so vast that economic isolation of Korell is possible because no nearby alternative supplier exists.","Foundation culture is uniquely defined by Seldon's plan, economic determinism, trader plutocracy, and a post-religious political evolution. Mallow explicitly describes a civilizational transition from religious to economic power as the Foundation's cultural trajectory.","All characters share a common language, but Foundation-specific concepts dominate: Seldon crisis, nuclear gadgets, D-tubes, Religionists, and economic terminology specific to their interstellar trade civilization.","The chapter takes place in Mallow's office during political meetings. The physical environment is comfortable, with cigars, windows showing stars, and no environmental threats. The dangers are entirely political and economic.","Interstellar trade, galactic-scale warfare, and multi-world economic systems are completely ordinary. Mallow discusses factory output, shipping lines, and trade economics across star systems as routine governance concerns.","The Foundation, Korell, the Galactic Empire, and the outer worlds all operate as distinct political entities. Mallow's strategy exploits the differences between these polities, and the chapter ends with Korell's surrender as a sovereign state.","The chapter is entirely political and economic strategy. Mallow explains his economic warfare doctrine to Sutt, arrests him, and manages domestic politics. The war itself is 'the most unfought war on record,' won through economics rather than battle.","The war is waged through economic means—failing consumer goods, collapsing factories—rather than military action. Ships were lost, but Mallow's strategy deliberately avoids battle. The focus is overwhelmingly civilian and economic.","The Foundation's economic dominance over peripheral worlds mirrors colonial economic control. Mallow explicitly describes making Korell dependent on Foundation technology, then using that dependency as leverage—a classic pattern of economic colonialism.","Mallow's office features cigars, windows with a view of stars, guards, and normal furnishings. The physical environment on Terminus is entirely Earth-like, with the Galaxy visible as a scenic backdrop."
