country,book,chapter,q1,q2,q3,q4,q5,q6,q7,q8,q9,q10,q11,q12,q1_justification,q2_justification,q3_justification,q4_justification,q5_justification,q6_justification,q7_justification,q8_justification,q9_justification,q10_justification,q11_justification,q12_justification
US,Rendezvous with Rama,front_matter,No contestation,Other / Unsure,Other / Unsure,Other / Unsure,Other / Unsure,Other / Unsure,Other / Unsure,Other / Unsure,Other / Unsure,Other / Unsure,Other / Unsure,Other / Unsure,The front matter is a table of contents listing chapter titles. No conflict or contestation is depicted.,The front matter is a table of contents with no narrative content about territory or habitation.,No journey distances are described in this table of contents.,No cultural details are present in this table of contents.,No language or communication details are present.,No environmental conditions are described.,No information about space habitation frequency is present.,No political structures are described.,"The table of contents suggests adventure/exploration themes from titles like 'First EVA,' 'Reconnaissance,' 'First Contact,' but no narrative content is present to confirm.",No military or civilian domain details are present.,No domain analogies can be drawn from a table of contents.,No physical environment details are described.
US,Rendezvous with Rama,Chapter ONE,No contestation,Cannot inhabit or hold territory,Near-Earth / very short journey,Basically Earth society in space,Same languages as Earth,Extremely hostile (constant survival pressure),Exceptionally rare (few astronauts/explorers),Single unified authority,Adventure / exploration,Entirely civilian,Totally unique domain,Radically non-Earth-like (physics/environment fundamentally unlike Earth experience),The chapter describes a meteorite disaster in 2077 and humanity's unified response creating Project SPACEGUARD. There is no interpersonal or interstellar conflict—humanity acts with determination and unity.,Space in this chapter is presented as a source of cosmic bombardment—meteorites striking Earth. There is no mention of inhabiting or holding territory in space; it is purely a threat domain.,"The chapter deals with near-Earth objects—meteorites entering Earth's atmosphere from relatively nearby space. Project SPACEGUARD monitors objects approaching Earth, implying near-Earth distances.",The chapter is set entirely on Earth and describes Earth society's response to a meteorite disaster. The cultural context is recognizably contemporary Earth civilization projected into 2077.,"The narrative references real Earth locations (Moscow, Vladivostok, Padua, Venice) and uses standard English. No space-specific languages or communication differences are mentioned.","Space is depicted as a lethal threat: a meteorite destroys cities, kills 600,000 people, and causes over a trillion dollars in damage. The chapter frames space as a source of random, catastrophic bombardment.","No one lives in space in this chapter. The focus is entirely on Earth, with space as an external threat. Project SPACEGUARD implies some space-based monitoring, but no habitation is described.","Humanity responds to the meteorite disaster with unity and determination, creating Project SPACEGUARD as a unified global defense effort. No competing political entities are mentioned.",The chapter serves as a prologue establishing the backstory of SPACEGUARD. Its tone is expository and sets up an adventure/exploration narrative about detecting objects in space.,Project SPACEGUARD is presented as a civilian planetary defense effort. No military forces or operations are mentioned; the emphasis is on detection and protection.,"Space is presented as a cosmic bombardment zone—an environment of random, catastrophic meteorite strikes. This framing doesn't map neatly to ocean, air, frontier, or cyberspace analogies.","Space is depicted through its most alien characteristic: objects traveling at fifty kilometres per second delivering catastrophic kinetic energy. The physics of space—velocity, mass, impact—are fundamentally unlike Earth surface experience."
US,Rendezvous with Rama,Chapter TWO,No contestation,Cannot inhabit or hold territory,Short interplanetary journey,Basically Earth society in space,Same languages as Earth,Extremely hostile (constant survival pressure),Uncommon (small specialist population),Single unified authority,Adventure / exploration,Entirely civilian,Totally unique domain,Radically non-Earth-like (physics/environment fundamentally unlike Earth experience),"The chapter describes the scientific discovery and tracking of object 31/439 (Rama). There is no conflict—only astronomical observation, computation, and one scientist's momentary fear about a collapsed star, which he quickly dismisses.",Space is depicted as the domain of asteroids and cosmic objects tracked by radar. The spinning surface of Rama would fling objects away at nearly one gravity. No habitation or territory-holding is described or possible.,The distances are within the solar system—Rama is detected outside Jupiter's orbit and will pass through the inner solar system. The probe-to-object distances and planetary orbits are interplanetary scale.,"The chapter describes familiar academic culture—astronomers competing for telescope time at a thousand dollars a minute, computer processing, and media coverage. Society in 2130 is recognizably Earth-like.",The narrative uses standard English with conventional astronomical terminology. Objects are named from Hindu mythology as an extension of the existing Earth tradition of naming celestial bodies.,"Rama spins at over 1000 km/h at its equator, making landing dangerous. Dr. Stenton briefly fears it could be a collapsed star capable of destroying Earth by gravitational disruption. Space is framed as physically hostile and potentially catastrophic.","Mars-based radars and orbiting telescopes imply some human presence in space, but the chapter focuses on specialist astronomers. Space presence is functional and small-scale, not widespread habitation.",SPACEGUARD operates as a unified system with Mars-based radars and centralized computers. No competing political entities are mentioned; the response to Rama is coordinated through a single scientific infrastructure.,The chapter builds suspense around the discovery and identification of a mysterious interstellar object. The tone is one of scientific exploration and mounting wonder as Rama's unusual properties are revealed.,"All activity is scientific: astronomers, computers, telescopes, and radar systems. SPACEGUARD is presented as a civilian scientific operation with no military involvement.","Space is depicted as a vast observational domain where objects are tracked by radar and telescopes across planetary distances. The cosmic scale and physics (spinning neutron stars, interstellar trajectories) don't map to ocean, air, or frontier analogies.","Space physics dominate: objects at hundred-thousand km/h velocities, centrifugal forces at planetary equators, collapsed star densities of billions of tons per cubic centimetre. The environment is fundamentally unlike any Earth experience."
US,Rendezvous with Rama,Chapter THREE,"Low contestation (minor competition, little open conflict)",Cannot inhabit or hold territory,Short interplanetary journey,Basically Earth society in space,Same languages as Earth,Extremely hostile (constant survival pressure),Uncommon (small specialist population),Single unified authority,Adventure / exploration,Entirely civilian,Totally unique domain,Radically non-Earth-like (physics/environment fundamentally unlike Earth experience),"The Space Advisory Council debates whether to redirect a space probe to investigate Rama. Professor Davidson opposes the mission, and competing scientific factions vote against him. The contestation is academic politics, not violent conflict.",Rama is confirmed as a hollow cylinder from the stars—not a place humans inhabit. The probe Sita performs a fly-by only. Space remains an observational domain where humans send instruments but do not live.,The probe Sita is launched from Phobos (Mars's moon) with a seven-week flight time to intercept Rama within the solar system. The distances are interplanetary—between Mars and the inner solar system.,"The chapter depicts recognizable academic politics: conservative professors, committee votes, budget disputes, and television broadcasts to billions. The culture is 22nd-century Earth society with space infrastructure.",Standard English is used throughout. Scientific and administrative terminology is conventional. The naming of Sita follows Earth's Hindu mythology tradition.,"The fly-by happens at 200,000 km/h with only seconds of close observation possible. Rama itself is an alien artifact of unknown origin hurtling through the solar system. Space is physically extreme and unforgiving.","A probe is launched from Phobos, indicating human infrastructure on Mars's moon, but the focus is on remote observation. Space presence is limited to specialist scientific outposts.",The Space Advisory Council governs space exploration decisions. A single coordinated body directs probe missions and allocates resources. No competing political entities are mentioned.,"The chapter culminates in the dramatic revelation that Rama is a geometrically perfect hollow cylinder—an artificial object from the stars. The tone is pure exploration and discovery, building to the stunning conclusion that humanity has its first interstellar visitor.","All activity is civilian scientific: an advisory council debate, a repurposed space probe, and camera pods. No military presence or concerns are mentioned.",The discovery of an alien artifact transiting the solar system at enormous speed is a unique scenario. The fly-by observation from camera pods at planetary velocities doesn't map to conventional domain analogies.,"Rama is a 50-km-long spinning cylinder passing through the solar system at 200,000 km/h. The environment—vacuum, extreme velocities, alien geometry—is fundamentally unlike Earth."
US,Rendezvous with Rama,Chapter FOUR,No contestation,"Visiting / Temporary presence only (stations, missions, outposts)",Short interplanetary journey,Basically Earth society in space,Same languages as Earth,Harsh and resource-intensive,Uncommon (small specialist population),Single unified authority,Adventure / exploration,Entirely civilian,Like the ocean / naval,Very different (human bodies/technology constantly challenged),"There is no conflict in this chapter. Commander Norton lands Endeavour on Rama's north pole in a careful, cooperative operation. The only tension is the physical challenge of the landing and the uncertainty of exploring an alien artifact.",Endeavour lands on Rama for a temporary exploration mission lasting about three weeks before they must separate. The ship was on a routine mission checking asteroid warning beacons. Space presence is mission-based and temporary.,Endeavour intercepts Rama inside Venus's orbit after robbing fuel from three other Solar Survey ships. The distances are interplanetary—within the inner solar system—with a radio time-lag to Earth of ten minutes.,"Commander Norton echoes the Apollo 11 landing with 'Endeavour has landed.' The crew operates under Mission Control guidance, uses familiar naval-style ranks, and the ship is named after a historical vessel. The culture is Earth society extended into space.","All communication is in standard English with naval and space terminology. Ship names (Endeavour, Calypso, Beagle, Challenger) reference Earth's maritime exploration history.","Landing requires extreme precision—centrifugal force would sling the ship into space at 1000 km/h. Rama's gravity is one-thousandth of Earth's. The mission requires fuel from three other ships, and they're heading toward a dangerously close solar perihelion at 20 million km.","The Solar Survey has multiple ships (Endeavour, Calypso, Beagle, Challenger) checking asteroid beacons, indicating a small specialist space workforce. A thousand scientists on Earth can only watch remotely.",Mission Control on Earth directs the operation. The Solar Survey coordinates multiple ships. There is a single chain of command with no competing political entities mentioned.,"The chapter is a classic exploration narrative: the most momentous landing since the Moon, a unique once-in-history rendezvous, with total uncertainty about what lies inside an alien artifact. Norton's landing echoes Apollo 11.",Endeavour is a Solar Survey vessel on a scientific mission. The crew uses naval ranks but operates as civilian explorers. No military elements are present.,"Naval imagery pervades: Commander Norton, Lieutenant Calvert, ship names from maritime history (Endeavour, Calypso, Beagle, Challenger), the ship 'glued against a quayside,' references to great navigators of the past with sealed orders.","Gravity is one-thousandth of Earth's, centrifugal forces threaten to sling objects at 1000 km/h, they're heading toward a 20-million-km solar approach, and matter-antimatter annihilation was a real concern. The physical environment constantly challenges human technology."
US,Rendezvous with Rama,Chapter FIVE,No contestation,"Visiting / Temporary presence only (stations, missions, outposts)",Short interplanetary journey,Basically Earth society in space,Same languages as Earth,Harsh and resource-intensive,Uncommon (small specialist population),Single unified authority,Adventure / exploration,Entirely civilian,Like the ocean / naval,Very different (human bodies/technology constantly challenged),Norton and Mercer conduct the first EVA on Rama's surface with no conflict. They discover and open an airlock mechanism. The only tension is uncertainty about whether their actions might trigger unknown defenses.,"The crew conducts a temporary EVA on Rama's surface, cautiously exploring the immediate area around their landed ship. This is a brief visit with no habitation or territorial claim.",The chapter takes place on Rama within the inner solar system. The scale is interplanetary—they are inside Venus's orbit heading sunward.,"Norton operates like a naval captain: cautious, methodical, following orders with discretion. He references old windjammer captains. The crew uses familiar military protocols and chain of command.",All communication is in standard English. Norton and Mercer use familiar technical language. The narrative references Earth concepts like windjammers and clocks.,Rama's combined gravitational and centrifugal fields give only a few grams of weight. Movement requires jet packs. They need guide ropes to avoid wasting propellant. The environment is physically challenging but manageable with technology.,"Only two crew members go on the EVA, with two more standing by. The space workforce is small and specialist—trained astronauts conducting a unique mission.",Norton operates under Mission Control's authority with personal discretion. A single chain of command governs the mission.,"The chapter is pure exploration: the first EVA on an alien artifact, discovering a manual airlock mechanism, and opening the entrance to Rama's interior. The tone is wonder mixed with cautious excitement.","The EVA is a civilian scientific exploration. Norton and Mercer are explorers, not soldiers. Their precautions are about safety, not combat.",Norton explicitly compares himself to a windjammer captain at the helm. The airlock opening is like unsealing a ship's hatch. The entire operation has a nautical exploration feel—cautious sailors entering unknown waters.,"Near-zero gravity, vacuum, reliance on jet packs for movement, and the alien geometry of Rama's surface create an environment where human bodies cannot function without full technological support."
US,Rendezvous with Rama,Chapter SIX,"Low contestation (minor competition, little open conflict)","Limited settlement (small colonies, hard to sustain/control)",Moderate journey (months/meaningful separation),Mostly Earth-like with minor adaptations,Same languages as Earth,Manageable but risky,Moderately common (noticeable settlements/populations),Multiple distinct space polities,Political / diplomatic,Entirely civilian,Like the frontier / colonial expansion,Moderately different (regular adaptation needed),"The chapter depicts mild political tensions on the Rama Committee: Earth dominates the United Planets, colonies chafe at this, and there are debates about how to handle Rama. The 'Pandora' movement fears Rama is dangerous. But these are low-level disputes, not open conflict.","The chapter reveals human colonies on Mars, Mercury (population 12,500), the Moon, Ganymede, Titan, and Triton, each with UP representatives. Dr. Bose emigrated to Mars and cannot return to Earth due to gravity readaptation. These are small, established but limited settlements.",Radio delays of minutes to hours separate the planets. Dr. Bose is five hours from Earth by shuttle but permanently exiled due to gravity. The committee must meet in person because electronic diplomacy is impossible over solar system distances. The separation is meaningful but not extreme.,"Society features recognizable institutions (ambassadors, committees, universities, TV), but adapted for space: dual citizenship Earth-Mars, population controls, gravity readaptation issues, and stereogram teleconferencing. The culture is Earth-derived with colonial adaptations.","All committee members communicate in standard English. References to Earth history and culture (Schliemann, Pandora, Arnold Toynbee) are universally understood. No space-specific languages are mentioned.",Space living is established but presents real challenges: Dr. Bose cannot return to Earth's gravity after decades on Mars. The committee debates whether Rama might be dangerous. Living in space requires adaptation but is sustainable.,"Six solar system bodies have permanent populations with political representation: Mercury (12,500), Earth (targeting 1 billion), Luna, Mars, Ganymede, Titan, and Triton. Space habitation is moderately common with noticeable multi-world populations.","The United Planets has representatives from Mercury, Earth, Luna, Ganymede, Titan, and Triton—each with distinct interests. Earth dominates economically and culturally but colonies have their own ambassadors and political perspectives.","The chapter is a committee meeting: political maneuvering, diplomatic protocol, debates about cultural contact precedents (Pizarro and the Incas), and bureaucratic obstacles (PLANETCOM's line of credit). The genre is diplomatic and procedural.",The Rama Committee is a civilian scientific and diplomatic body under the UP Science Organization. Norton's military-style rank is part of the civilian Space Survey. No military elements are present.,"Sir Robert explicitly cites colonial contact precedents: Pizarro and the Incas, Peary and the Japanese, Europe and Africa. The encounter with Rama is framed through the lens of colonial exploration and first contact between civilizations at different technological levels.","Dr. Bose lives permanently on Mars at one-third Earth gravity and cannot return home. Mercury has a tiny population of 12,500. The physical environments require regular adaptation—gravity differences permanently alter residents' physiology."
US,Rendezvous with Rama,Chapter SEVEN,No contestation,"Visiting / Temporary presence only (stations, missions, outposts)",Moderate journey (months/meaningful separation),Mostly Earth-like with minor adaptations,Same languages as Earth,Harsh and resource-intensive,Moderately common (noticeable settlements/populations),Multiple distinct space polities,Adventure / exploration,Entirely civilian,Like the frontier / colonial expansion,Very different (human bodies/technology constantly challenged),Norton records a videogram for his two wives describing the progress through Rama's airlock complex. There is no conflict—only cautious exploration and personal reflection on the momentous nature of the mission.,"The crew is slowly penetrating Rama's airlock system as temporary visitors. Norton's families live on Earth and Mars as permanent residents, but the mission to Rama is a brief, exploratory visit.","Norton sends videograms to his families on Earth and Mars, with significant communication delays. His wife on Mars was born there and cannot tolerate Earth's gravity. The separation between planets is meaningful and permanent for some.","Norton has two wives—one on Earth, one on Mars—reflecting adapted family structures for spacefaring society. He sends videograms as routine communication. His exec collects real books. The culture is recognizably Earth-like with space-age adaptations.",Norton communicates in English with his families and crew. References to Egyptian archaeology and Earth history are made naturally. No space-specific languages exist.,"Entering Rama requires navigating three redundant cylinder-locks through half a kilometre of tunnel in total darkness. Every step is taken with extreme caution, remote cameras sent ahead, locks cycled dozens of times. The environment inside Rama is black, silent, and ominous.","Norton has families on both Earth and Mars, reflecting normalized multi-planet living. Spacemen's families get concessionary communication rates. His wife Myrna was born on Mars—second-generation space colonists exist.",Norton holds dual citizenship Earth-Mars. His families live on separate worlds. The existence of concessionary rates for spacemen's families implies organized multi-planetary governance.,"The chapter describes the methodical penetration of an alien artifact's airlock system, compared to Howard Carter discovering Tutankhamun's tomb. The tone is one of suspenseful exploration and personal stakes.","The exploration is entirely civilian—a scientific mission with personal videograms home. Norton's concerns are about his family and the mystery of Rama, not military matters.","The explicit comparison to an archaeologist breaking into an Egyptian tomb evokes colonial-era exploration. Norton is penetrating an unknown interior, chamber by chamber, like an explorer entering uncharted territory.","The crew works in near-zero gravity, total darkness, inside an alien structure with unknown hazards. Everything requires technological mediation—remote cameras, cycling locks, seismic soundings. Myrna cannot tolerate Earth gravity, showing how space environments permanently alter human bodies."
US,Rendezvous with Rama,Chapter EIGHT,No contestation,"Visiting / Temporary presence only (stations, missions, outposts)","Extreme / effectively unreachable (generational, completely separate, or one-way-feeling distance)",Basically Earth society in space,Same languages as Earth,Harsh and resource-intensive,Uncommon (small specialist population),Single unified authority,Adventure / exploration,Entirely civilian,Like the frontier / colonial expansion,Radically non-Earth-like (physics/environment fundamentally unlike Earth experience),"Norton enters Rama's interior alone, fires a flare, and sees the vast hollow cylinder for the first time. There is no conflict—only awe, exploration, and the overwhelm of encountering an alien world's interior.","Norton is a temporary visitor drifting through Rama's hub on a safety line. The massive interior—with what appear to be cities, forests, and a frozen sea—was built by aliens, not humans. Human presence is purely exploratory.","Rama has traveled from interstellar space, representing distances that dwarf the solar system. The interior itself is tens of kilometres across. The alien builders came from beyond the stars—an effectively unreachable origin.","Norton's cultural frame of reference is entirely Earth-based: he compares himself to Howard Carter at Tutankhamun's tomb, references the myth of Oceanus, and uses familiar concepts to interpret the alien landscape.","All communication is in English. Norton reports to his team using standard terminology. Earth cultural references (Egyptian archaeology, Greek mythology) are the interpretive framework.","Norton floats in zero gravity at the central axis of a vast dark cylinder, reliant on flashlights, safety lines, and flares. The environment is totally dark, disorienting, and requires constant technological support for any activity.",Only Norton and a small team are inside Rama. Space station Syncsat Five (200m diameter) is mentioned as the largest human structure. Human space presence is specialist and small-scale compared to Rama's enormity.,Norton operates under a single chain of command. No competing political entities are relevant to the exploration of Rama's interior in this chapter.,"The chapter is a pure exploration set-piece: Norton enters the vast interior of an alien world, fires a flare, and sees for the first time a landscape of forests, cities, and a frozen cylindrical sea. The tone is wonder and discovery.","The exploration is entirely civilian and scientific. Norton's team follows safety protocols, not military procedures. There are no weapons or combat considerations.",Norton explicitly compares himself to Howard Carter discovering Tutankhamun's tomb. He is the first human to gaze upon an alien civilization's works—a frontier explorer entering completely unknown territory.,The interior is an inside-out world where 'all directions were down.' Centrifugal force simulates gravity on the inner surface. Norton must discard instincts of both Earth and space to reorient to this alien geometry. The environment is fundamentally unlike any Earth experience.
US,Rendezvous with Rama,Chapter NINE,"Low contestation (minor competition, little open conflict)","Visiting / Temporary presence only (stations, missions, outposts)","Extreme / effectively unreachable (generational, completely separate, or one-way-feeling distance)",Basically Earth society in space,Same languages as Earth,Harsh and resource-intensive,Moderately common (noticeable settlements/populations),Multiple distinct space polities,Adventure / exploration,Entirely civilian,Like the ocean / naval,Radically non-Earth-like (physics/environment fundamentally unlike Earth experience),"Mild academic disagreements on the Rama Committee (Professor Davidson corrects terminology, scientists debate theories), but no real conflict. The chapter is collaborative scientific analysis and mapping.","The crew maps Rama's interior—50 km long, 16 km wide—naming features after Earth cities (Rome, London, Tokyo). But they are temporary visitors with only weeks to explore. Rama itself is described as a derelict Space Ark.","Rama has traveled for at least 200,000 years from another star system. Dr. Perera discusses interstellar journeys lasting tens of thousands of years. The distances are generational and effectively unreachable by any quick means.","The committee members reference Earth history (Bernal, Tsiolkovski) and name Raman features after Earth cities. Their interpretive framework, academic culture, and social dynamics are entirely Earth-derived.","All dialogue is in English. Scientific terminology is standard. Place names inside Rama are borrowed from Earth cities (Rome, Peking, Paris, Moscow, London, Tokyo).","Rama's interior is cold, dark, and apparently dead. The ecology failed—the closed system could only survive about a thousand years. The crew has limited time to explore 4,000 square kilometres before solar approach forces departure.","Life exists on Earth, Mars, and Jupiter. The committee has representatives from multiple solar system bodies. Human settlements are established enough for political representation, though small compared to Earth.",The Rama Committee includes representatives from multiple worlds with distinct perspectives. The Ambassador for Mars chairs. Different planetary interests are represented as distinct political entities within the United Planets.,"Norton's reconnaissance of Rama's interior—mapping cities, a cylindrical sea, stairways, and an island called New York—is pure exploration. Dr. Perera's analysis of Rama as a Space Ark adds scientific wonder to the adventure.","The committee is entirely civilian scientific: astronomers, archaeologists, exobiologists, and historians debating the nature of an alien artifact. No military elements are present.",Rama is described as a derelict ship that exhausted its provisions. The Cylindrical Sea is a major feature. Dr. Perera compares Rama to a ship drifting among the stars. The nautical metaphor of a vessel on a long voyage pervades the analysis.,"Rama's interior is a 50-km hollow cylinder with centrifugal gravity, a cylindrical sea, and an inside-out landscape. The environment has been dead for at least 200,000 years in interstellar cold. This is fundamentally unlike any Earth environment."
US,Rendezvous with Rama,Chapter TEN,No contestation,"Visiting / Temporary presence only (stations, missions, outposts)",Short interplanetary journey,Basically Earth society in space,Same languages as Earth,Harsh and resource-intensive,Uncommon (small specialist population),Single unified authority,Adventure / exploration,Entirely civilian,Like the frontier / colonial expansion,Radically non-Earth-like (physics/environment fundamentally unlike Earth experience),"Three crew members descend Rama's stairway in a careful, cooperative exploration mission. There is no conflict—only the physical challenge of navigating alien architecture in varying gravity conditions.","The team makes a preliminary descent partway down Rama's stairway and returns. They are temporary visitors exploring an alien structure, not establishing any permanent presence.","The action takes place within Rama, which is inside the inner solar system. References to the crew's prior experience include the Moon and Rama's interplanetary trajectory.",The crew operates with familiar military-style ranks and protocols. Calvert has movie flashbacks to 20th-century films. Mercer is an associate professor on sabbatical. Social relationships (Mercer and Calvert share a wife) reflect adapted but recognizably Earth-based social norms.,"All communication is in English. Cultural references are entirely Earth-based (Howard Carter, primitive cinema, World War I imagery).","The descent involves near-zero gravity transitioning to one-twentieth gee, Coriolis forces pushing climbers off the ladder, total darkness, freezing temperatures, and unbreathable air at 300 millibars. Every aspect of the environment demands careful technological and physical management.","A three-person team descends into Rama. The crew is small and highly specialized—life-support experts, navigators, and mechanical geniuses. Space presence is limited to small specialist crews.",Commander Norton directs the mission with clear chain of command. No competing political entities are relevant to this chapter's events.,"The chapter is a classic descent narrative: three explorers sliding down banisters into darkness inside an alien world, testing gravity, breathing alien air for the first time, and traversing only an eighth of a cyclopean stairway.","The exploration is civilian and scientific despite naval-style ranks. Mercer is an associate professor. The mission is about discovery, not military objectives.",The three-person exploration team descending into unknown territory evokes frontier exploration. Calvert's movie flashback to a World War I patrol adds an adventurous frontier dimension to the alien landscape.,Gravity increases from zero to one-twentieth gee along the descent. Coriolis forces push climbers sideways. The stairway curves upward into a 16-km-wide cylinder. Temperature is below freezing with low-oxygen air at 300 millibars. The physics are fundamentally unlike any Earth environment.
US,Rendezvous with Rama,Chapter ELEVEN,No contestation,"Visiting / Temporary presence only (stations, missions, outposts)",Short interplanetary journey,Mostly Earth-like with minor adaptations,Same languages as Earth,Harsh and resource-intensive,Uncommon (small specialist population),Single unified authority,Adventure / exploration,Entirely civilian,Like the ocean / naval,Very different (human bodies/technology constantly challenged),"The chapter covers crew fitness evaluations, mission planning, and descriptions of the ship's superchimps. There is no conflict—only preparation for the next descent into Rama.","The crew prepares for a deeper exploration of Rama. They remain temporary visitors aboard Endeavour, planning logistics for descent to the alien world's interior surface.",The chapter takes place aboard Endeavour docked at Rama within the inner solar system. No interstellar distances are discussed.,"Society shows space adaptations: polyamorous relationships are normalized (Mercer and Calvert share a wife), genetically engineered superchimps serve as crew, centrifuge exercise replaces natural gravity, and 85% of the crew have emotional accommodations. But the underlying social structure is recognizably Earth-derived.",All communication is in English. The superchimps understand several hundred words of English and communicate in sign language ('Simpish'). No space-specific languages exist.,"Rama's interior is 0.6 gee—requiring centrifuge training to prepare. The crew needs thermosuits, food, water, and specialized sleds with parachute braking. Life support logistics are a major planning concern.",The Endeavour has a small crew of highly trained specialists plus four superchimps. Space habitation requires specialized genetic engineering (superchimps with prehensile tails) and rigorous fitness regimes.,Norton commands Endeavour with clear authority. The Superchimpanzee Corporation is mentioned as a civilian entity. No political tensions are present.,"The chapter is preparation for exploration: fitness checks, logistics planning, and team selection for a descent to Rama's surface. The tone is anticipatory adventure.","All activities are civilian: medical evaluations, fitness regimes, logistics planning, and crew management. The superchimps are civilian workers. No military elements are present.","The shipboard social dynamics—captain's isolation, rank-based relationship rules, crew accommodations, and the ship as a self-contained community—are thoroughly naval in character.",Zero gravity causes muscle atrophy requiring centrifuge exercise. Rama's 0.6 gee interior demands physical conditioning. Superchimps were engineered because human bodies cannot adequately function in zero gravity. The environment constantly challenges human physiology.
US,Rendezvous with Rama,Chapter TWELVE,No contestation,"Visiting / Temporary presence only (stations, missions, outposts)",Short interplanetary journey,Mostly Earth-like with minor adaptations,Same languages as Earth,Harsh and resource-intensive,Uncommon (small specialist population),Single unified authority,Adventure / exploration,Entirely civilian,Like the frontier / colonial expansion,Radically non-Earth-like (physics/environment fundamentally unlike Earth experience),"Norton, Calvert, and Rodrigo descend the full stairway to Rama's plain in a cooperative exploration. The Exec humorously pushes Norton for better reporting. There is no conflict beyond mild interpersonal banter.",The team reaches Rama's interior plain as temporary visitors with limited food and water for 24 hours. They plan a brief sortie to 'Paris' before returning up the stairway.,"The chapter takes place inside Rama, within the inner solar system heading toward perihelion. Distances discussed are within the solar system.","Norton compares Rama to Aztec temple ruins. Calvert quotes Disney and movie themes. Boris Rodrigo is a member of the Fifth Church of Christ, Cosmonaut—a space-adapted religion. Culture is Earth-derived with space-specific adaptations.",All communication is in English. Cultural references span Earth history and entertainment. No space-specific languages exist.,"The environment is below freezing, requiring thermosuits. Gravity increases to half Earth's. The stairway descent is exhausting and the return climb looms. Time is limited as Rama approaches perihelion.","Only three people walk on Rama's plain, monitored by a small team at the Hub. Space habitation remains limited to specialist crews.",Norton operates under clear command authority with Dr. Ernst monitoring bio-telemetry. The mission has a unified chain of command.,"The team completes their descent to the plain of an alien world, breathing its atmosphere for the first time. They plan to explore 'Paris.' The tone is pure adventure and discovery.","The exploration is entirely civilian: scientists and explorers walking on an alien plain, discussing archaeology and religion. No military elements are present.",Norton compares the experience to visiting Aztec temple ruins. The team plans to explore an alien 'city' named Paris. The frontier exploration analogy is explicit—entering unknown territory with limited resources.,They walk on the inside of a spinning cylinder where the ground curves up to become the sky. Gravity is centrifugal. The space is so vast that all sounds vanish without echo. Below freezing temperatures persist. The geometry and physics are fundamentally alien.
US,Rendezvous with Rama,Chapter THIRTEEN,No contestation,"Visiting / Temporary presence only (stations, missions, outposts)",Short interplanetary journey,Basically Earth society in space,Same languages as Earth,Harsh and resource-intensive,Uncommon (small specialist population),Single unified authority,Adventure / exploration,Entirely civilian,Like the frontier / colonial expansion,Radically non-Earth-like (physics/environment fundamentally unlike Earth experience),"The team walks across Rama's plain toward Paris, detouring to examine the Straight Valley. Norton has a deja-vu experience. There is no conflict—only quiet exploration and personal reflection.","The explorers are temporary visitors crossing Rama's plain. They examine features, collect observations, and head toward the alien town of Paris.",All action takes place inside Rama within the solar system. No interstellar distances are discussed directly in this chapter.,"Norton's memories are entirely Earth-based: a summer vacation in England studying industrial archaeology, driving a steam locomotive on the Great Western Railway. His cultural frame of reference is completely terrestrial.","All communication is in English. References to English railways, Aztec ruins, and Earth experiences are the interpretive framework. No space languages exist.","The environment is below freezing, eerily silent with no echoes, and psychologically oppressive. The Straight Valley contains mysterious crystalline material. Every observation requires careful physical effort in an alien environment.",Only three explorers traverse Rama's plain. Human space presence is a small specialist operation.,Norton leads a three-person team under ship authority. No political structures are relevant to this exploration chapter.,"The chapter is atmospheric exploration: walking across an alien plain, descending into a mysterious trench filled with crystalline material, experiencing deja-vu in an alien landscape. The tone is contemplative adventure.","The exploration is entirely civilian and scientific—examining geological features, collecting observations, and reflecting on the mystery of Rama.","Norton explores unknown alien terrain with rope teams and geological tools, naming features after Earth cities. His deja-vu connects the experience to industrial archaeology—exploring ruins of a vanished civilization, just as colonial-era explorers did.","The inside of a cylindrical world where the land curves up to become the sky, filled with mysterious crystalline trenches and absolute silence. Norton must fight the psychological disorientation of a place that is simultaneously brand new and a million years old."
US,Rendezvous with Rama,Chapter FOURTEEN,"Low contestation (minor competition, little open conflict)","Visiting / Temporary presence only (stations, missions, outposts)",Short interplanetary journey,Basically Earth society in space,Same languages as Earth,Harsh and resource-intensive,Moderately common (noticeable settlements/populations),Multiple distinct space polities,Adventure / exploration,Entirely civilian,Like the ocean / naval,Radically non-Earth-like (physics/environment fundamentally unlike Earth experience),"The Rama Committee debates urgently about Perera's warning of hurricanes inside Rama as solar heat penetrates. There's mild academic disagreement and bureaucratic tension over communicating with Norton, but no real conflict.","Norton's teams explore Rama's interior as temporary visitors, establishing a supply base at the stairway foot. The exploration may need to be cut short due to warming and potential hurricanes.",Rama is inside Venus's orbit approaching the sun. The committee is on the Moon. Distances are interplanetary—Rama is 100 million km from the archaeologist who can never visit.,"The committee operates with familiar institutional dynamics: ambassadors, academics competing for attention, references to the Smithsonian and UP banquets serving Baked Alaska. Culture is entirely Earth-derived.","All communication is in English with standard diplomatic and scientific terminology. Cultural references (Smithsonian, Thera and Pompeii, moth-balling) are entirely Earth-based.",Rama's exterior is hot as molten lead while the interior remains frozen—a Baked Alaska effect. Perera warns of impending hurricanes as the interior warms. The crew faces evacuation at twelve hours' notice. The environment is becoming increasingly dangerous.,The committee includes representatives from multiple solar system colonies. The UP has established diplomatic infrastructure across worlds. Space habitation is moderately common.,"The United Planets has ambassadors from Mars, Earth, Mercury, and other worlds. PLANETCOM is an autonomous corporation. Multiple distinct political and commercial entities govern solar system affairs.","The chapter combines exploration reporting (Paris examined, Cylindrical Sea approached) with a dramatic scientific warning about impending hurricanes. The adventure is tinged with urgency.",The committee is civilian scientific and diplomatic. Norton's exploration teams are civilian. The 'cocooning' discussion references military mothballing as historical context only.,The warning of hurricanes inside Rama uses maritime weather language. The Cylindrical Sea and the concept of Rama as a ship drifting among stars reinforce the naval analogy.,"Rama's exterior is 500 degrees while the interior is frozen. Solar heat is slowly penetrating a kilometre of rock, and the temperature differential will generate hurricane-force winds inside a spinning cylinder. The physics are unlike anything on Earth."
US,Rendezvous with Rama,Chapter FIFTEEN,No contestation,"Visiting / Temporary presence only (stations, missions, outposts)",Short interplanetary journey,Basically Earth society in space,Same languages as Earth,Harsh and resource-intensive,Uncommon (small specialist population),Single unified authority,Adventure / exploration,Entirely civilian,Like the ocean / naval,Radically non-Earth-like (physics/environment fundamentally unlike Earth experience),Dr. Ernst's party explores the edge of the Cylindrical Sea and samples its ice. There is no conflict—only cooperative scientific exploration with mild banter about risks.,"Twenty crew members are inside Rama as temporary visitors. Dr. Ernst's party reaches the Sea's edge, descends to sample ice, and returns. They are brief explorers in an alien environment.","All action takes place inside Rama, which is within the inner solar system. Distances discussed are within Rama itself—kilometres to New York island across the frozen Sea.","Crew members reference Earth culture: comparing features to old Manhattan, discussing skating and swimming, and a sailor suggesting they study boats. The cultural frame is entirely Earth-based.","All communication is in English. Features are named after Earth places (New York, Paris). No space-specific languages exist.","The Cylindrical Sea is a frozen expanse with 50-metre cliffs and no guard-rails. Walking on ice is dangerous, the temperature is rising above freezing, and the ice will eventually melt—creating a sea that most spacemen cannot swim across. A faint breeze hints at coming weather changes.","Only twenty crew members are inside Rama, and just three form this exploration party. Space presence is a small specialist operation.",Norton commands the mission from the Hub. Dr. Ernst leads the party with his permission. A single chain of command governs all exploration.,"The party reaches the Cylindrical Sea, descends a stairway to its frozen surface, samples ice, and sees the mysterious towers of New York illuminated by searchlight. The chapter is atmospheric exploration and discovery.","All exploration is civilian and scientific: a surgeon-commander, a communications officer, and a reconnaissance specialist collecting water samples and surveying terrain.","The Cylindrical Sea dominates the chapter. Sergeant Barnes predicts there must be docks, harbours, and ships. The search for a stairway to the sea and the frozen surface evoke maritime exploration of unknown coastlines.","A frozen cylindrical sea that curves upward into the sky, with a 50-metre cliff edge and no guard-rails, inside a spinning alien world. The ice is melting as solar heat penetrates. Dr. Ernst perceives visual illusions as her brain struggles to interpret the curved surface."
US,Rendezvous with Rama,Chapter SIXTEEN,No contestation,"Limited settlement (small colonies, hard to sustain/control)",Moderate journey (months/meaningful separation),Mostly Earth-like with minor adaptations,Same languages as Earth,Harsh and resource-intensive,Moderately common (noticeable settlements/populations),Multiple distinct space polities,Adventure / exploration,Entirely civilian,Like the ocean / naval,Very different (human bodies/technology constantly challenged),The chapter alternates between the Rama Committee's hurricane warning and Norton's camp life inside Rama. Norton reflects on Captain Cook. There is no conflict—only mounting concern about weather and domestic reflections.,"Camp Alpha is established at Rama's stairway base with sleeping pads, power plants, and toilets—a temporary but functional base. Norton's families live permanently on Earth and Mars, indicating small but established interplanetary settlements.","Norton's wives are on Earth and Mars, never more than ten minutes away by light-speed communication. The separation is meaningful—his Mars-born wife cannot visit Earth. The Hawaii tracking station and his polar orbit reference interplanetary distances.","Norton's obsession with Captain Cook directly links space exploration to Earth's maritime heritage. He has two wives on different planets, a common adaptation. Camp Alpha uses recognizable Earth equipment. Culture is Earth-derived with space adaptations.",All communication is in English. Norton reads Captain Cook's journals. References span Earth history from Cook's 18th-century voyages to 22nd-century tracking stations.,The Rama Committee warns of 200-300 km/h winds. Norton's camp requires extensive equipment man-handled through airlocks. The breeze is growing stronger. The environment is becoming increasingly dangerous.,Norton has families on both Earth and Mars. Hawaii has a deep-space tracking station. Space habitation is common enough for dual-planet families and interplanetary infrastructure.,The Rama Committee operates under the United Planets. PLANETCOM and Spacecom are separate organizations. Mars and Earth have distinct political identities with ambassadors.,"Norton explicitly models himself on Captain James Cook, the greatest explorer of all time. The chapter blends exploration narrative (Camp Alpha, scouting parties) with the suspense of approaching danger (hurricane warning, rising wind).",Norton's Cook obsession frames the mission as civilian exploration. Camp Alpha is a scientific base. The Rama Committee is diplomatic. No military elements are present.,"The chapter is saturated with naval imagery: Norton models himself on Captain Cook, Endeavour is named after Cook's ship, he visits Kealakekua Bay, and wonders what a sailing ship captain would do about the wind warning.","The crew operates in an alien environment with rising temperatures, mysterious breezes, and approaching hurricanes. Equipment must be sledded down stairways with parachute braking. The environment constantly challenges human capabilities."
US,Rendezvous with Rama,Chapter SEVENTEEN,No contestation,"Visiting / Temporary presence only (stations, missions, outposts)",Short interplanetary journey,Basically Earth society in space,Same languages as Earth,Extremely hostile (constant survival pressure),Uncommon (small specialist population),Single unified authority,Adventure / exploration,Entirely civilian,Like the ocean / naval,Radically non-Earth-like (physics/environment fundamentally unlike Earth experience),"The Cylindrical Sea's ice dramatically breaks up, but this is a natural phenomenon, not a conflict. Norton evacuates his teams up the stairway. There is no interpersonal or military conflict.",Norton evacuates all personnel from Rama's plain back up to the Hub. They are temporary visitors forced to retreat by changing environmental conditions.,All action takes place inside Rama as it approaches the sun. The distances are within the solar system.,Norton compares Rama's ice breakup to terrestrial lakes and rivers thawing. He references Himalayan mountaineers. His crew uses Earth-derived oxygen equipment and climbing techniques.,"All communication is in standard English. Metaphors and comparisons reference Earth phenomena (cyclones, Himalayan climbing, spring thaw).",The Cylindrical Sea violently breaks up with quarter-kilometre ice slabs rearing into the sky. Tidal waves race outward. The temperature is rising rapidly. The crew must evacuate up thousands of steps while wearing oxygen equipment at altitude. Potential hurricanes threaten.,A small crew retreats up the stairway. Human space presence is limited to this specialist exploration team.,Norton commands the evacuation. The Rama Committee has communicated warnings. A single authority governs the mission.,"The chapter combines dramatic spectacle (the Sea breaking up) with survival narrative (climbing 10,000 steps to escape). The final line—dawn bursting upon Rama in a soundless concussion of light—is a classic adventure cliffhanger.",The evacuation is a civilian safety operation. No military elements are present. Norton leads his crew like a mountaineering expedition leader.,"The breaking of the Cylindrical Sea dominates—ice slabs capsizing, tidal waves, foaming water, icebergs colliding. The maritime imagery is overwhelming, and Norton thinks in naval terms about cyclone centers and weather.","A cylindrical sea breaks up overhead in the sky. Quarter-kilometre ice slabs rear upward. The world's interior is warming as solar heat penetrates the hull. Dawn arrives in a soundless concussion of light. The physics—centrifugal gravity, cylindrical geometry, artificial seasons—are fundamentally unlike Earth."
US,Rendezvous with Rama,Chapter EIGHTEEN,Moderate contestation (ongoing rivalry/disputes),"Limited settlement (small colonies, hard to sustain/control)",Short interplanetary journey,Mostly Earth-like with minor adaptations,Same languages as Earth,Extremely hostile (constant survival pressure),Moderately common (noticeable settlements/populations),Multiple distinct space polities,Political / diplomatic,Mostly civilian with some military presence,Like the ocean / naval,Radically non-Earth-like (physics/environment fundamentally unlike Earth experience),This combined chapter (18-19) introduces real political tension: the Hermian Ambassador warns that Rama could be a threat and raises the question of self-defense. Dr. Taylor and the Ambassador clash over whether Rama's intentions could be hostile. The Pandora Party fears and Mercury's strategic concerns create ongoing disputes.,"Mercury is described in detail as a harsh but wealthy colony with magnetic launchers and heavy metal mining. Other colonies exist on Mars, Moon, and elsewhere. Mercury's 12,500 population and extreme environment exemplify limited, difficult settlement.",Rama is inside Mercury's orbit approaching perihelion. Communication works through Mercury's planetary relay with minutes of transit time. All distances are interplanetary within the solar system.,"The committee discusses Earth cultural references (Noah's Ark, military sayings). Hermians are compared to Vikings and Eskimos. Society has adapted to space—Mercury colonists are proud technological pioneers with distinct cultural identity—but institutions remain Earth-derived.",All communication is in English. Cultural references span Earth history and mythology. Scientific and diplomatic terminology is standard.,"Norton experiences near-panic on the ladder as Rama's lights activate, revealing vertigo-inducing vistas. Mercury is described as a good approximation of Hell with rivers of molten metal. The Cylindrical Sea is producing mist and Trade Winds are forming. The environments are extremely hostile.",Mercury has a settled population with an ambassador. Multiple worlds have permanent political representation. Professor Solomons studies mid-ocean trench mining on Earth. Space habitation is moderately common across the solar system.,"The Hermians have a distinct political identity and strategic concerns about Rama threatening their sun. The General Assembly is invoked. Mercury, Earth, Moon, and other worlds have distinct political interests and representatives.","While the chapter begins with the dramatic spectacle of Rama's dawn, the bulk covers political maneuvering: Mercury's ambassador raises defense concerns, Taylor and the Ambassador clash on alien intentions, and Perera deduces Rama may have a propulsion system. The genre shifts to political thriller.",The Hermian Ambassador explicitly raises the question of self-defense and military capability. Sir Lewis quotes a military saying about capability not implying intention. The committee is civilian but military concerns are now present.,Rama's dawn reveals a cylindrical sea with ice-floes and mist columns. Trade Winds are forming. Perera calculates how the sea would slosh during acceleration. Hermians are compared to Vikings bound to the sea. The naval/maritime imagery is dominant.,"Norton clings to a ladder in a 16-km-wide cylinder illuminated by six linear suns, with a vertical sea wrapped around the interior. The psychological terror of multiple possible orientations (up/down reversals) and the Himalaya-scale stairway create an environment fundamentally unlike Earth."
US,Rendezvous with Rama,Chapter TWENTY,"Low contestation (minor competition, little open conflict)","Visiting / Temporary presence only (stations, missions, outposts)",Short interplanetary journey,Mostly Earth-like with minor adaptations,Same languages as Earth,Manageable but risky,Moderately common (noticeable settlements/populations),Multiple distinct space polities,Adventure / exploration,Entirely civilian,Like the ocean / naval,Very different (human bodies/technology constantly challenged),Boris Rodrigo presents his religious theory that Rama is a cosmic Ark sent for salvation. Norton manages a minor tension between respecting Rodrigo's faith and maintaining scientific objectivity. There is no real conflict—only a diplomatic conversation.,"The chapter takes place aboard Endeavour during the temporary mission to Rama. Rodrigo's theory involves Rama potentially entering a parking orbit near Earth, but this is speculation about the future.",Communication goes through Mercury's planetary relay with minutes of transit time. Rama will reach perihelion in three weeks. All distances are interplanetary.,"Rodrigo's theology—the Fifth Church of Christ, Cosmonaut—is a space-adapted religion blending Christianity with spacefaring. Norton's cultural framework includes Bible stories (Noah's Ark, Second Coming) as interpretive tools. Culture is Earth-derived with space religious adaptations.","All dialogue is in English. Religious references (Bible, Noah, Second Coming) and scientific terminology are standard Earth language.",The chapter takes place in Norton's cabin aboard Endeavour. The physical environment is manageable shipboard life. The risk is intellectual and existential—what Rama's purpose might be.,"The Cosmo-Christers have a Mother Church on Earth, suggesting an established interplanetary religious community. Communication infrastructure spans the solar system. Space habitation is moderately common.","The Rama Committee, Norton's chain of command, and Rodrigo's Church represent distinct organizational structures. Multiple worlds have relay stations and political infrastructure.","The chapter is a theological-scientific discussion about Rama's purpose, blending religious speculation with the adventure of encountering the unknown. Norton's open-minded approach to Rodrigo's theory maintains the exploratory tone.",The conversation is between a captain and his communications officer about religion and science. No military elements are present.,"Rodrigo's theory frames Rama as a cosmic Ark—directly echoing Noah's Ark, a naval/maritime metaphor. The ship-as-vessel-of-salvation is a deeply nautical concept applied to an interstellar artifact.","Rama's environment—breathable air, water, habitable temperature—is paradoxically Earth-like inside an utterly alien structure. The chapter's existential questions arise precisely because this artificial world mimics Earth conditions in a non-Earth context."
US,Rendezvous with Rama,Chapter TWENTY-ONE,No contestation,"Visiting / Temporary presence only (stations, missions, outposts)",Short interplanetary journey,Basically Earth society in space,Same languages as Earth,Harsh and resource-intensive,Uncommon (small specialist population),Single unified authority,Adventure / exploration,Entirely civilian,Like the ocean / naval,Radically non-Earth-like (physics/environment fundamentally unlike Earth experience),"The team returns to Rama after waiting 48 hours for storms to subside. They descend through fog, discover increased oxygen and a curving waterfall. There is no conflict—only scientific wonder and cautious re-exploration.","The crew re-enters Rama as temporary visitors after the storm. They descend the stairway again, observing new atmospheric phenomena and changes to the Sea.",All action takes place inside Rama within the inner solar system approaching perihelion.,"Mercer references Galileo and Earth-based physics. The crew uses Earth comparisons: tropical evenings, the early history of Earth's oceans. Cultural references are entirely terrestrial.","All communication is in English. Scientific terminology (Coriolis Effect, photosynthetic, anaerobic) is standard Earth science.","The team descends through blinding fog with near-zero visibility, encounters unexpected atmospheric changes, and finds a curving waterfall defying terrestrial physics. The environment is continuously surprising and demanding vigilance.",A three-person team descends into Rama. The crew is small and specialist. Space habitation remains limited to this mission team.,Norton commands from the Hub while Mercer leads the descent team. A single chain of command governs operations.,"The team descends through cloud layers into a transformed Rama—mellower light, breathable air, a curving waterfall, and a green sea teeming with new life. The chapter is pure exploration and scientific discovery.","The exploration is entirely civilian and scientific. The discoveries—oxygen increase, microorganisms, waterfall—are scientific phenomena observed by civilian explorers.","The Cylindrical Sea has turned green with life, like Earth's early oceans. The waterfall curves sideways due to Coriolis forces—maritime physics in an alien setting. The team descends through cloud layers like sailors approaching a shore.","A curving waterfall that falls sideways due to Coriolis force, a cylinder of cloud lit from underneath by six linear suns, a sea that has spontaneously generated life in 48 hours. The physics and biology are fundamentally unlike Earth."
US,Rendezvous with Rama,Chapter TWENTY-TWO,No contestation,"Visiting / Temporary presence only (stations, missions, outposts)",Short interplanetary journey,Basically Earth society in space,Same languages as Earth,Harsh and resource-intensive,Uncommon (small specialist population),Single unified authority,Adventure / exploration,Entirely civilian,Like the ocean / naval,Radically non-Earth-like (physics/environment fundamentally unlike Earth experience),"The crew builds a raft, sails across the Cylindrical Sea, and reaches New York. There is no conflict—only exploration, sailing, and scientific observation of the alien sea and its micro-organisms.","The team sails Resolution across the Cylindrical Sea to reach New York island. They are temporary visitors exploring alien structures, with escape plans in place.","All action takes place inside Rama, sailing across a 5-km sea. Distances are local within the alien cylinder.","The crew christens a raft with a Cook ship name (Resolution), uses naval terminology (maiden voyage, harbour master, admiral), and Joe Calvert references the Titanic. Culture is thoroughly Earth-naval.","All communication is in English with naval jargon (aye aye sir, skipper, harbour master). Cultural references (Captain Cook, the Titanic, the Pacific) are entirely terrestrial.","Sailing across an alien sea with poisonous organometallic water, on an improvised raft built from storage drums. The sea curves up overhead into a liquid arch 16 km above. Life jackets and escape plans are essential. The environment is harsh and psychologically overwhelming.",A four-person crew sails the improvised raft. The broader Endeavour crew is small. Space presence remains specialist and limited.,Norton commands the mission. Ruby Barnes takes charge of sailing operations by virtue of her Master's Certificate. Authority is unified and role-based.,"The chapter is a classic maritime exploration narrative: building a raft, christening it, a maiden voyage across an alien sea, and stepping ashore on an unexplored island city. The tone is pure adventure.","All activity is civilian: building a raft, sailing, scientific observation of microorganisms, and exploring alien structures. No military elements are present.","The chapter is overtly naval: building and launching a boat named Resolution (Cook's ship), a Master's Certificate holder taking command, maritime terminology throughout, and sailing across an actual alien sea to explore an island city.","Sailing on a cylindrical sea that curves up into an arch 16 km overhead, in an alien world lit by linear suns through clouds. The sea contains poisonous organometallic microorganisms. The water is flat only along the cylinder's axis—curved in every other direction. Fundamentally unlike any Earth experience."
US,Rendezvous with Rama,Chapter TWENTY-THREE,No contestation,"Visiting / Temporary presence only (stations, missions, outposts)",Short interplanetary journey,Basically Earth society in space,Same languages as Earth,Manageable but risky,Uncommon (small specialist population),Single unified authority,Adventure / exploration,Entirely civilian,Like the frontier / colonial expansion,Radically non-Earth-like (physics/environment fundamentally unlike Earth experience),"Norton explores New York and concludes it's a machine/factory, not a city. There is no conflict—only frustrated exploration of sealed, silent structures and speculation about their purpose.","Norton's team explores New York island as temporary visitors, unable to enter any buildings. They sail back to the mainland with empty hands. The visit is brief and superficial.","All action takes place on New York island inside Rama, within the inner solar system.","Norton compares New York to a chemical processing plant and Manhattan. McAndrews the Simp Master offers the key insight. The cultural framework is entirely Earth-based, from industrial analogies to ethical concerns about behaving like a technological barbarian.","All communication is in English. New York, Manhattan, and industrial terminology are standard Earth references.","The physical environment on New York island is manageable—stable ground, breathable air. The risk is psychological and existential: sealed buildings that may contain unknown defenses, and McAndrews's theory that New York is a factory for making Ramans.",A tiny exploration party surveys New York island. The broader Endeavour crew is small. Space presence is specialist.,Norton commands the exploration. He decides against using explosives to enter buildings. A single authority governs the mission.,"The chapter is exploration of an alien factory-city: traversing concentric arcs, photographing structures, pressing ears to silent walls, and speculating about the machine's purpose. McAndrews's theory that it makes Ramans adds a thrilling edge.","All exploration is civilian and scientific. Norton's reluctance to use force reflects a civilian explorer's ethics, not military restraint.",Norton explicitly frames himself as an uninvited visitor who should not behave like a technological barbarian. The exploration of sealed alien structures parallels colonial archaeology—discovering a civilization's works without understanding their purpose.,"New York is a machine-city on an island in a cylindrical sea, surrounded by a 500-metre cliff on the southern shore. Navigation uses the sky—glancing at Rama's axis establishes bearings. The geometry of concentric arcs in a curved world is fundamentally alien."
US,Rendezvous with Rama,Chapter TWENTY-FOUR,No contestation,"Visiting / Temporary presence only (stations, missions, outposts)",Short interplanetary journey,Mostly Earth-like with minor adaptations,Same languages as Earth,Manageable but risky,Moderately common (noticeable settlements/populations),Multiple distinct space polities,Adventure / exploration,Entirely civilian,Like the air / airpower,Very different (human bodies/technology constantly challenged),Lt. Pak reveals he smuggled a sky-bike aboard and proposes flying to Rama's South Pole. Norton is amused rather than angry. The only tension is Pak's nervousness about confessing a breach of regulations.,The chapter discusses plans to fly Dragonfly from the North Pole to the South Pole of Rama—a temporary exploratory mission within the alien cylinder.,All action takes place aboard Endeavour at Rama. References to the Lunar Olympics and Mars indicate interplanetary-scale human presence.,"Society includes Lunar Olympics, Martian aerodynamicists, sports syndicates across planets, and sky-biking as a sport. These are space adaptations of recognizable Earth culture—competitive sports, entrepreneurship, and military regulations.","All dialogue is in English. Sports terminology (Olympics, gold medal, aerobatic) and military language (breach of regulations, court martial) are standard.",The sky-bike flight is risky but manageable: three hours non-stop along Rama's axis in zero gravity. The environment inside Rama is now warm and breathable. The risk is personal (career and physical safety) rather than environmental.,Lowell City on Mars has aerodynamicists and sports syndicates. The Moon hosts Olympic games. The Xante Sportsdome on Mars exists for recreational sky-biking. Space habitation is common enough for interplanetary sports culture.,Mars has its own city (Lowell City) with independent engineering syndicates. The Moon hosts its own Olympic games. Different worlds have distinct cultural identities and capabilities.,"Lt. Pak proposes a daring flight inside Rama using a smuggled sky-bike. The chapter blends personal ambition, sporting culture, and the adventure of exploring inaccessible regions of an alien world.","The sky-bike is a recreational/sporting device. The proposal is for civilian exploration. Military regulations about smuggling are the only authority-related element, treated humorously.",The chapter is explicitly about flight—a sky-bike designed for lunar-gravity aerobatics adapted for flying inside Rama's zero-gravity axis. The air/flight analogy dominates for the first time in the novel.,Flying a pedal-powered sky-bike along the axis of a 50-km cylindrical world in zero gravity is an environment that challenges both human bodies and technology in unique ways. Martian aerodynamics and lunar-gravity sports represent ongoing adaptation.
US,Rendezvous with Rama,Chapter TWENTY-FIVE,No contestation,"Visiting / Temporary presence only (stations, missions, outposts)",Short interplanetary journey,Mostly Earth-like with minor adaptations,Same languages as Earth,Manageable but risky,Uncommon (small specialist population),Single unified authority,Adventure / exploration,Mostly civilian with some military presence,Like the air / airpower,Radically non-Earth-like (physics/environment fundamentally unlike Earth experience),The chapter focuses entirely on Jimmy Pak's test flight of Dragonfly inside Rama. There is no conflict or competition—only technical preparation and a maiden flight.,The crew remains temporary visitors inside Rama. Jimmy's flight is an exploratory sortie from which he must return to the Hub; there is no permanent settlement.,Rama is passing through the inner solar system and Endeavour intercepted it. The crew can communicate with Earth in real time and the mission has a defined return window.,"Jimmy's motivations are recognizably Earth-human: ambition, sporting competition, career advancement. The Lunar Olympics and Mars-based aerodynamics syndicate reflect Earth culture transplanted to space with minor adaptations.",All dialogue is in standard English with no specialized space dialect. Communication between Jimmy and Hub Control uses ordinary language.,"Flying Dragonfly inside Rama involves real risks—structural failure, losing altitude, inability to return to zero-g—but these are manageable with care. The Surgeon-Commander monitors Jimmy's vitals and the test flight succeeds.","Only the small crew of Endeavour is present inside Rama. Space habitation exists (Moon, Mars colonies mentioned) but remains the domain of specialists, not the general population.",The mission operates under a clear chain of command with Captain Norton as commanding officer. References to the Space Survey and regulations suggest a unified governing authority.,The chapter centers on Jimmy's daring plan to fly Dragonfly to explore unreachable parts of Rama. Norton weighs promotion versus court martial—classic adventure framing.,"Jimmy is a lieutenant and Norton a commander, indicating military rank structure, but the mission's purpose is scientific exploration. Jimmy's smuggled sky-bike and sporting ambitions underscore the civilian character.","This chapter is explicitly about human-powered flight. Dragonfly is an aircraft adapted from lunar sport aviation, and the entire chapter revolves around aerodynamics, altitude control, and flight testing.","Rama's interior has zero gravity along the central axis, centrifugal pseudo-gravity increasing with distance, and a cylindrical geometry where the world wraps around the flyer. Jimmy must navigate between gravity regimes unique to a rotating cylinder."
US,Rendezvous with Rama,Chapter TWENTY-SIX,No contestation,"Visiting / Temporary presence only (stations, missions, outposts)",Short interplanetary journey,Mostly Earth-like with minor adaptations,Same languages as Earth,Harsh and resource-intensive,Uncommon (small specialist population),Single unified authority,Adventure / exploration,Mostly civilian with some military presence,Like the ocean / naval,Radically non-Earth-like (physics/environment fundamentally unlike Earth experience),Jimmy's solo flight to Rama's South Pole is purely exploratory. There is no competition or conflict with any other party.,"Jimmy is the only human ever to visit Rama's southern regions, and he must return before Endeavour breaks orbit. This is a transient visit with no territorial claim.",The setting remains Rama within the inner solar system. Endeavour maintains its rendezvous orbit and the crew communicates readily with the Hub.,"Jimmy's reactions—fear, pride, achievement—are recognizably human. His comparison of Rama's architecture to a Cambodian temple and cathedrals reflects Earth cultural references.",All communication between Jimmy and Hub Control is in standard English with no specialized vocabulary beyond normal technical terms.,"Jimmy risks drowning in poisonous waters if he crashes in the Sea, faces potential unknown flying creatures, encounters a dangerous intense magnetic field near the Little Horns, and could be stranded beyond rescue if he lands on the southern continent.",Jimmy is literally the only human being who will ever visit Rama's southern regions. The exploration is carried out by a tiny specialist crew.,The Captain gives orders and Jimmy follows them. Hub Control coordinates the mission. There is a single clear authority structure.,"Jimmy flies solo into completely unknown territory, discovers the mysterious South Pole spikes, and encounters the enigmatic 'voice of Rama'—pure exploration adventure.",Lieutenant Pak operates under military rank but his mission is scientific reconnaissance. The Captain's guidance is cautious and exploratory rather than tactical.,"Jimmy crosses the Cylindrical Sea, and New York is compared to a ship sailing forever around it. The narrative of a lone explorer crossing dangerous waters to reach unknown shores echoes naval exploration.","The world wraps around Jimmy with ground below and cities hanging overhead. The South Pole features enormous spikes along the axis, flying buttresses, and an intense localized magnetic field—an environment utterly unlike anything on Earth."
US,Rendezvous with Rama,Chapter TWENTY-SEVEN,No contestation,"Visiting / Temporary presence only (stations, missions, outposts)",Short interplanetary journey,Mostly Earth-like with minor adaptations,Same languages as Earth,Extremely hostile (constant survival pressure),Uncommon (small specialist population),Single unified authority,Thriller / Horror / Survival,Mostly civilian with some military presence,Like the air / airpower,Radically non-Earth-like (physics/environment fundamentally unlike Earth experience),The chapter involves no human conflict. Jimmy's struggle is against natural forces—an electric storm building around Rama's South Pole spikes—not against any rival faction.,Jimmy is flying back from a temporary exploration of Rama's southern regions. He has no foothold or base in the south; his only goal is to return to the Hub.,The setting remains Rama within the solar system. Jimmy communicates with Hub Control in real time during his flight.,"Jimmy's reactions are entirely Earth-human: he recalls the phrase 'someone is walking over your grave,' compares the sensation to a pre-thunderstorm feeling on Earth, and references high-altitude glider flying on Earth.",All communication between Jimmy and Hub Control is in standard English with no specialized space dialect.,"Jimmy faces lethal danger from a massive electrical storm: brush discharges hundreds of metres long, sheets of flame between Big Horn and the Little Horns, turbulent electric winds, and the imminent destruction of his fragile aircraft.",Jimmy is alone in Rama's southern hemisphere. Only Endeavour's small crew is present in Rama at all.,Hub Control monitors and advises Jimmy. The chain of command through the Captain remains the sole authority structure.,"The chapter is a survival sequence: Jimmy is trapped in a building electrical storm, his aircraft buffeted by turbulent electric winds, lightning erupting around him. He fears he will never see his friends again.",Jimmy holds military rank but is engaged in solo scientific exploration. Hub Control's role is advisory and supportive rather than tactical.,"The chapter is dominated by aviation imagery: jet streams, turbulence, flying by ear, comparing Dragonfly to a high-altitude glider. Jimmy battles atmospheric forces like a pilot in a storm.","A thunderstorm in a perfectly clear sky inside a rotating cylinder, with brush discharges from kilometre-long spikes along the axis and an electric wind carrying ionized air—this environment is fundamentally unlike anything on Earth."
US,Rendezvous with Rama,Chapter TWENTY-EIGHT,No contestation,"Visiting / Temporary presence only (stations, missions, outposts)",Short interplanetary journey,Mostly Earth-like with minor adaptations,Same languages as Earth,Extremely hostile (constant survival pressure),Uncommon (small specialist population),Single unified authority,Thriller / Horror / Survival,Mostly civilian with some military presence,Like the air / airpower,Radically non-Earth-like (physics/environment fundamentally unlike Earth experience),Jimmy's crisis is a solo survival struggle against physics and his damaged aircraft. There are no adversaries or competing factions.,"Jimmy crash-lands on the southern continent of Rama, a place no human has ever stood. He remains a stranded temporary visitor.",The setting is still within Rama in the inner solar system. Jimmy communicates with Hub Control during his descent.,"Jimmy's emotional responses—grim humour about his small audience, regret for the Lunar Olympics, refusal to say goodbye—are recognizably Earth-human. He thinks in terrestrial terms about swimming and landing.",Jimmy's radio calls to Hub Control are in plain English. No specialized space language appears.,"Jimmy's aircraft is destroyed by the lightning concussion. He spirals down with broken wings, facing death from the crash. The poisonous Sea would kill him in hours. He must land on an alien plain with no rescue plan.","Jimmy is entirely alone, crashing in a region no human has visited. The tiny crew of Endeavour watches helplessly from kilometres away.",Hub Control monitors Jimmy but cannot intervene. The unified command structure persists even though it is powerless to help.,"The entire chapter is a crash-landing survival sequence. Jimmy fights for control of a disintegrating aircraft, manages his descent, and impacts the ground in a scene of pure survival tension.","Despite military ranks, the situation is a civilian emergency—a lone explorer crashing his personal aircraft. There is no military operation or tactical element.","The chapter title 'Icarus' invokes the archetypal flight myth. The entire narrative concerns aerodynamic control of a failing aircraft, spiral descent, air drag as a parachute, and ground speed at impact.","Jimmy falls through a tenth-of-a-gravity zone that increases as he descends, in a cylindrical world where the landscape curves upward 16 kilometres away. The checkerboard terrain of alien environments below him is utterly non-Earth-like."
US,Rendezvous with Rama,Chapter TWENTY-NINE,No contestation,"Visiting / Temporary presence only (stations, missions, outposts)",Short interplanetary journey,Mostly Earth-like with minor adaptations,Same languages as Earth,Extremely hostile (constant survival pressure),Uncommon (small specialist population),Single unified authority,Adventure / exploration,Mostly civilian with some military presence,Like the frontier / colonial expansion,Radically non-Earth-like (physics/environment fundamentally unlike Earth experience),Jimmy's encounter with the crab-like creature involves no conflict—it completely ignores him. His 'First Contact' is a non-event from the creature's perspective.,"Jimmy is stranded on the southern continent with no way back up the cliff. He is a temporary, involuntary visitor with no prospect of settlement.",The setting remains Rama in the inner solar system. Jimmy maintains radio contact with Hub Control.,"Jimmy's cultural references are entirely Earth-human: comparing the crab to insects, multi-purpose knives that delight boys, thinking about First Contact protocols debated for 200 years. His humor about being an 'animated garbage truck' is recognizably human.","All dialogue between Jimmy and Hub Control is in standard English. The attempted first contact with the crab is gestural, not linguistic.","Jimmy has crashed, is stranded half a kilometre below rescue reach, has limited water, faces unknown creatures including the crab and mysterious shapes in Copernicus's waters, and sees a ghostly apparition on the ramp.",Jimmy is the sole human on the southern continent. Only Endeavour's small crew explores Rama.,"Hub Control coordinates and advises. Commander Norton's crew operates under unified authority, though they are powerless to rescue Jimmy.","Despite his dire situation, the chapter centers on discovery: first encounter with a Raman creature, exploration of the spiral well Copernicus, and observation of mysterious shapes beneath the surface.",Jimmy holds military rank but his situation is that of a stranded explorer making scientific observations and attempting first contact—entirely civilian in character.,"Jimmy is a lone explorer stranded in an utterly alien wilderness, surviving on emergency rations, encountering unknown creatures, and facing the prospect of dying far from any help—classic frontier imagery.",The curved world reveals destinations rather than hiding them. Copernicus is a half-kilometre-deep well with triple spiral ramps leading to opaque waters. The crab-like creature with its metallic carapace and the ghostly apparition are entirely alien.
US,Rendezvous with Rama,Chapter THIRTY,No contestation,"Visiting / Temporary presence only (stations, missions, outposts)",Short interplanetary journey,Mostly Earth-like with minor adaptations,Same languages as Earth,Extremely hostile (constant survival pressure),Uncommon (small specialist population),Single unified authority,Adventure / exploration,Mostly civilian with some military presence,Like the frontier / colonial expansion,Radically non-Earth-like (physics/environment fundamentally unlike Earth experience),Jimmy walks alone across the southern checkerboard terrain. There is no conflict or competition—only solitary exploration of an uninhabited alien landscape.,"Jimmy is a stranded visitor walking toward the Sea in hopes of rescue. The prepared fields and empty enclosures suggest Rama was designed for habitation, but no one occupies it.",Rama remains within the solar system and Jimmy communicates with Hub Control throughout his walk.,"Jimmy compares everything to Earth equivalents: ploughed fields, experimental farms, an escape through prison bars. Even farming on Earth is described as a 'popular hobby'—the culture is recognizably future-Earth.",All dialogue is in standard English with no specialized space vocabulary.,"Jimmy has limited water, no possibility of rescue from below the cliff, and is walking through an alien landscape with unknown hazards. He contemplates 'posthumous immortality' and acknowledges he may die here.",Jimmy is entirely alone on the southern continent. The broader crew is a tiny specialist group.,"Hub Control and Commander Norton remain the unified authority, coordinating remotely while Jimmy explores.","Despite his peril, the chapter is structured as exploration: Jimmy traverses the alien checkerboard, catalogs extraordinary terrain features, and discovers a unique flower—the first sign of life in Rama.","Jimmy's activities are purely scientific and exploratory. He photographs, observes, and collects a botanical specimen. No military dimension is present.","A lone man walking across an alien landscape, surviving on emergency rations, discovering virgin fields and strange life—this echoes frontier exploration and discovery narratives.","The checkerboard terrain includes quartz crystal fields, metal column forests, hexagonal rainbow tiles, an utterly black surface, and prepared alien farm plots under plastic sheeting. The flower itself is a Raman plant with metallic petals unlike any Earth botany."
US,Rendezvous with Rama,Chapter THIRTY-ONE,No contestation,"Visiting / Temporary presence only (stations, missions, outposts)",Short interplanetary journey,Mostly Earth-like with minor adaptations,Same languages as Earth,Extremely hostile (constant survival pressure),Uncommon (small specialist population),Single unified authority,Thriller / Horror / Survival,Mostly civilian with some military presence,Like the ocean / naval,Radically non-Earth-like (physics/environment fundamentally unlike Earth experience),The chapter involves a rescue operation with no inter-faction conflict. The challenge is purely environmental—rescuing Jimmy from the southern cliff.,"The crew crosses the Sea on Resolution to rescue Jimmy, then must return. No permanent presence is established anywhere in Rama.","Rama is within the solar system. Suggestions pour in from Earth and Fleet Headquarters, and Dr. Perera's solution arrives via PLANETCOM.","The rescue involves familiar concepts: terminal velocity, diving, parachutes. Jimmy's reaction to the jump plan is recognizably human. The news dominates 'all the inhabited worlds,' showing an expanded but Earth-derived civilization.",All dialogue is in standard English. Communications from Earth and Fleet Headquarters use no specialized space language.,"Jimmy must jump 500 metres off a cliff into poisonous water, using only his shirt as a stabilizer. The Sea water burns his eyes. After rescue, a massive electrical display triggers an earthquake and a tidal wave races toward the crew.","Only six people cross the Sea on Resolution, and the total crew of Endeavour is small. Half the solar system's population follows the drama but cannot help directly.",Commander Norton leads the rescue. Fleet Headquarters coordinates suggestions. The chain of command is unified and clear.,"The chapter is a tense rescue sequence: the dramatic 500-metre cliff jump, the poisonous sea swim, and the sudden appearance of a tidal wave racing toward the crew.","Military ranks structure the crew, but the rescue operation is humanitarian. Sergeant Barnes pilots the raft; Norton coordinates. The mission remains fundamentally civilian and scientific.","The rescue centers on crossing the Sea by boat, diving into water, and facing a tidal wave. Resolution functions as a naval vessel. Sergeant Barnes displays seamanship skills.","A 500-metre cliff jump is survivable only because of Rama's half-gee gravity. The Cylindrical Sea curves up into the sky, and a tidal wave races along its 16-kilometre-high band. The environment's physics are fundamentally unlike Earth."
US,Rendezvous with Rama,Chapter THIRTY-TWO,No contestation,"Visiting / Temporary presence only (stations, missions, outposts)",Short interplanetary journey,Mostly Earth-like with minor adaptations,Same languages as Earth,Extremely hostile (constant survival pressure),Uncommon (small specialist population),Single unified authority,Thriller / Horror / Survival,Mostly civilian with some military presence,Like the ocean / naval,Radically non-Earth-like (physics/environment fundamentally unlike Earth experience),The crew faces natural hazards—a tidal wave and alien sea creatures—but no conflict between human factions or with any intelligent adversary.,The crew is rushing back to shore on Resolution. Norton resolves that no one will sail the Sea again—they are temporary visitors retreating from danger.,Rama remains in the inner solar system. Endeavour orbits outside. Communication with the ship is immediate.,Sergeant Barnes compares the wave to surf-riding. Norton thinks of anti-slosh plates from Endeavour's fuel tanks. Jimmy describes the sea's smell as 'like crushed ants.' All cultural references are Earth-derived.,All dialogue is in standard English with no space-specific language or dialect.,"A massive tidal wave threatens to destroy Resolution. The Sea contains poisonous water, dismembering lobster-creatures, and a dying nine-armed starfish monster. Norton vows never to sail the Sea again.",Six crew members on a small raft face the wave alone. The broader human presence in space is limited to specialist populations.,"Norton commands, Barnes pilots, and the crew follows orders. A single unified command structure operates throughout.","The chapter is a survival sequence against a tidal wave, complete with submerged barriers, collapsing breakers, and the horrifying emergence of alien sea creatures dismembering a dying starfish-monster.","Military ranks persist but the action is survival-oriented. Sergeant Barnes's skills are nautical, not military. Norton's concern is for crew safety, not tactical objectives.","The entire chapter is a naval survival scenario: riding out a tidal wave on a small craft, navigating underwater barriers, anchoring in deep water, and fleeing alien sea creatures. Barnes is compared to a Viking warrior.","A tidal wave races along a cylindrical sea that curves up into the sky. Anti-slosh barriers lie beneath the surface. Alien creatures—a nine-armed starfish and lobster-like dismantlers—emerge from acidic, poisonous waters. The environment is fundamentally alien."
US,Rendezvous with Rama,Chapter THIRTY-THREE,No contestation,"Visiting / Temporary presence only (stations, missions, outposts)",Short interplanetary journey,Mostly Earth-like with minor adaptations,Same languages as Earth,Harsh and resource-intensive,Uncommon (small specialist population),Single unified authority,Adventure / exploration,Mostly civilian with some military presence,Like the frontier / colonial expansion,Radically non-Earth-like (physics/environment fundamentally unlike Earth experience),"The spider creatures show no hostility toward the human explorers. Norton's concern is about avoiding incidents, not fighting. The only tension is Laura's desire to catch a specimen versus Norton's diplomatic restraint.",Camp Alpha is a temporary base with improvised beds and equipment. Norton is conscious of passing days and the need to abandon Rama before perihelion. They are uninvited visitors.,"The crew watches evening news beamed from Mercury's Inferno station. Communication with Earth and the inhabited worlds is routine, indicating a short interplanetary context.","The crew watches TV news, uses familiar equipment, and Norton references Ship's Orders on alien contact protocols. Laura's scientific enthusiasm and the camp routine reflect Earth culture with minor space adaptations.",All communication is in standard English. The news broadcast from Mercury uses no specialized space language.,"Potentially dangerous creatures roam freely. The spider's arrival goes undetected despite a telescope watch. Norton establishes new safety protocols, but the environment is manageable with precautions rather than immediately lethal.","The explorers are split into tiny groups at Camp Alpha, Rome, and London. The total crew inside Rama is very small.","Norton commands all stations, issues directives, and presses the General Alert button. A clear unified chain of command governs all exploration.","The chapter centers on encountering a new alien creature, observing its behavior, debating how to study it, and Laura ultimately dissecting a specimen. This is exploration and discovery.","Military ranks and Ship's Orders structure the crew, but their activities are scientific observation, specimen collection, and diplomacy-minded contact protocols.","Small outposts scattered across alien territory, encounters with unknown creatures, debates about how to interact with native life, and Norton's concern about not starting an interplanetary war—all evoke frontier and colonial exploration themes.","The interior of a rotating alien cylinder, populated by spinning tripedal spiders with no recognizable biology, under artificial lighting. Laura's dissection reveals an entirely alien organism powered by biological batteries."
US,Rendezvous with Rama,Chapter THIRTY-FOUR,"Low contestation (minor competition, little open conflict)","Visiting / Temporary presence only (stations, missions, outposts)",Short interplanetary journey,Mostly Earth-like with minor adaptations,Same languages as Earth,Manageable but risky,Uncommon (small specialist population),Multiple distinct space polities,Political / diplomatic,Mostly civilian with some military presence,Like the ocean / naval,Radically non-Earth-like (physics/environment fundamentally unlike Earth experience),"The Hermian Ambassador's suspicious absence hints at Mercury pursuing its own agenda. Diplomatic tensions simmer beneath the surface of the committee meeting, though no open conflict has erupted.",The discussion focuses on Endeavour's temporary attachment to Rama and the need to cast off. Human presence in Rama is explicitly temporary and increasingly precarious.,"The Rama Committee meets with representatives from Earth, Mars, Mercury, and other worlds. Communication is real-time enough for committee meetings, indicating short interplanetary distances.","The committee meeting follows familiar diplomatic protocols with ambassadors, scientists, and political maneuvering. The culture is recognizably Earth-derived with planetary identities as the main adaptation.",The committee discussion is conducted in standard English with no specialized space language or translation technology mentioned.,"The chapter discusses Rama's dangers at a remove—attitude changes, potential orbit shifts, the need for Endeavour to be ready to detach. The risks are real but discussed analytically rather than experienced directly.","The committee represents multiple inhabited worlds, but space habitation remains the domain of specialists. The total population engaged with Rama is tiny.","The committee includes ambassadors from Mars, Mercury, Earth, and other worlds—each with distinct political interests. Mercury's absence signals independent political maneuvering.","The entire chapter is a diplomatic committee meeting: political maneuvering, scientific presentations, and the ominous absence of the Hermian Ambassador suggesting covert action.",The committee is entirely civilian—diplomats and scientists discussing policy. Military aspects are absent from this chapter.,Davidson uses the nautical metaphor of a spacecraft needing to 'cast off.' The committee structure resembles an admiralty board discussing a naval expedition's findings.,"The discussion reveals that Rama's creatures are biological robots powered by electrical batteries, with no mouths, lungs, or reproductive systems. The organism's biology is fundamentally unlike anything on Earth."
US,Rendezvous with Rama,Chapter THIRTY-FIVE,Moderate contestation (ongoing rivalry/disputes),"Visiting / Temporary presence only (stations, missions, outposts)",Short interplanetary journey,Mostly Earth-like with minor adaptations,Same languages as Earth,Harsh and resource-intensive,Uncommon (small specialist population),Multiple distinct space polities,Political / diplomatic,Mixed civilian-military domain,Like the ocean / naval,Radically non-Earth-like (physics/environment fundamentally unlike Earth experience),A Triple-A priority coded message reveals that Mercury has secretly launched a high-speed vehicle on a Rama intercept trajectory—a clandestine breach of Space Law implying a missile aimed at Rama.,"Norton is inside Rama at a temporary camp. The message may force evacuation within a week, reinforcing the entirely temporary nature of the human presence.",Mercury launched a vehicle 10-12 days ago that will arrive in about a week. Norton communicates with his ship and headquarters routinely. The distances are interplanetary but short.,"Norton dreams of holidaying with his family on Mars near Nix Olympica. The crew follows familiar military protocols—coded messages, chain of command, Ship's Orders. Culture is Earth-derived.","All communication is in standard English, including the coded military message from Space Survey HQ.","The environment inside Rama requires constant vigilance, and now an external threat—a probable missile from Mercury—adds a new dimension of danger. Norton may have only one week before forced evacuation.",The tiny crew is so short-handed that the Exec must personally deliver a secret message. Space habitation remains the domain of small specialist groups.,"Mercury has independently and secretly launched a missile, breaching Space Law. This demonstrates distinct, autonomous space polities acting against each other's interests.",The chapter revolves around a secret coded message revealing Mercury's clandestine missile launch—a political crisis involving Space Law violations and potential military action.,"The coded military message from the Commander-in-Chief, the breach of Space Law by Mercury, and the potential missile threat shift the chapter into mixed civilian-military territory.","The chapter follows naval conventions: a commander receiving coded orders from headquarters, an executive officer personally delivering classified material, Ship's Orders governing protocol. The entire structure is naval.","Pieter throws a can from the Hub and it rolls 8 kilometres down the curved interior, deflected by Coriolis effects. The pseudo-gravity increases with distance from the axis. The physics of Rama's interior remain radically alien."
US,Rendezvous with Rama,Chapter THIRTY-SIX,"Low contestation (minor competition, little open conflict)","Visiting / Temporary presence only (stations, missions, outposts)",Short interplanetary journey,Mostly Earth-like with minor adaptations,Same languages as Earth,Harsh and resource-intensive,Uncommon (small specialist population),Multiple distinct space polities,Adventure / exploration,Mostly civilian with some military presence,Like the ocean / naval,Radically non-Earth-like (physics/environment fundamentally unlike Earth experience),The chapter focuses on biot-watching and cataloging Rama's creatures. The confrontation with Scavengers at Camp Alpha is brief and resolved peacefully. The wider political tension (Mercury's missile) is background context.,The explorers maintain temporary camps while biots perform maintenance around them. Resolution has been dissolved by the Sea. The human presence is fragile and transient.,The setting remains Rama in the inner solar system. Pieter observes from the Hub and communicates routinely with the crew and ship.,Pieter's backstory involves a childhood in Colorado collecting telescope lenses. The crew uses concentrated orange juice cans and follows familiar military watch schedules. Culture is Earth-derived.,All dialogue and the classified message are in standard English. No specialized space language appears.,"Biots swarm Rama, some potentially dangerous. Resolution has been dissolved by the Sea. Exploring parties need constant telescope surveillance. The environment requires significant precautions.",The crew is so small that observers alternate every six hours with anyone who can be spared. Pieter sometimes watches for 12-hour stretches.,"The classified message reveals Mercury's independent missile launch. Multiple planetary polities with distinct interests are in play, though this chapter focuses on internal Rama operations.","Pieter catalogs new biots—Window Cleaners, Scavengers, centipedes, bulldozer-hippos, double-necked giraffes—from his telescope post. The chapter is a naturalist's survey of an alien ecosystem.","Pieter's biot-watching is purely scientific observation. The classified message delivery involves military protocol, but the chapter's main activity is civilian exploration.","Rama is explicitly compared to a ship requiring testing, checking and repairing after a voyage. The crew structure, watch schedules, and bridge protocols are naval throughout.",Biological robots with no mouths powered by electric batteries roam a cylindrical world. Window Cleaners cast shadows across the entire diameter. Coriolis effects deflect thrown objects. The environment is fundamentally non-Earth-like.
US,Rendezvous with Rama,Chapter THIRTY-SEVEN,High contestation (frequent conflict or strategic struggle),"Visiting / Temporary presence only (stations, missions, outposts)",Short interplanetary journey,Mixed / hybrid culture,Same languages as Earth,Extremely hostile (constant survival pressure),Uncommon (small specialist population),Multiple distinct space polities,Political / diplomatic,Mixed civilian-military domain,Like the ocean / naval,Radically non-Earth-like (physics/environment fundamentally unlike Earth experience),"Mercury has secretly launched a nuclear missile (500-1000 megatons) at Rama, breaching Space Law. The Commander-in-Chief briefs Norton on the bomb's destructive potential and evacuation procedures. This is active strategic confrontation.",Norton has ordered the second evacuation of Rama. The crew may have to leave at a moment's notice. Human presence is entirely temporary and under threat of forced withdrawal.,"The missile from Mercury is 5 million kilometres away and closing. Communication between Norton, the C-in-C on Earth, and the Hermian Ambassador occurs routinely across interplanetary distances.","Mercury has developed a distinct Hermian culture—spartan, pragmatic, with dark humor about controlling the sun. They are permanently exiled from Earth by gravity, despise Earth's 'soft' environment, and have unique social norms including recycling criminals into hydroponic farms.","All communication—military briefings, diplomatic exchanges—is in standard English. No distinct Hermian language is mentioned.",A nuclear missile threatens to destroy Rama. The gamma-ray flash is dangerous to 1000 km. Spinning fragments could destroy Endeavour at unlimited distance. Norton must be ready to evacuate at any moment.,"Hermians are described as permanently exiled from Earth by gravity, physically weak, and totally insulated from their environment. Space habitation exists but remains harsh and specialized.","Mercury acts unilaterally, launching a missile in breach of Space Law. The United Planets General Assembly is about to convene. Distinct planetary polities with conflicting interests are central to the chapter.",The chapter builds toward the Hermian Ambassador's address to the General Assembly. Norton receives a classified military briefing. The crisis is fundamentally political and diplomatic.,A nuclear missile has been launched. The Commander-in-Chief issues tactical briefings about gamma-ray flash ranges and fragment trajectories. The civilian exploration mission now operates under military threat.,Norton receives orders from the Commander-in-Chief in naval fashion. SPACEGUARD monitors the missile. The chapter's structure—flag officer briefing a ship's commander about an approaching threat—is thoroughly naval.,Rama's spinning hull would disintegrate into fragments at 1000 km/hr if the bomb detonated beneath the Cylindrical Sea. Mercury's surface reaches 600 degrees. The physical environments described are radically non-Earth-like.
US,Rendezvous with Rama,Chapter THIRTY-EIGHT,High contestation (frequent conflict or strategic struggle),"Limited settlement (small colonies, hard to sustain/control)",Short interplanetary journey,Mixed / hybrid culture,Same languages as Earth,Extremely hostile (constant survival pressure),Moderately common (noticeable settlements/populations),Multiple distinct space polities,Political / diplomatic,Mixed civilian-military domain,Like the ocean / naval,Radically non-Earth-like (physics/environment fundamentally unlike Earth experience),"The Hermian Ambassador announces that Mercury has dispatched a nuclear device to Rama and will detonate it if necessary. This is an overt strategic confrontation within the General Assembly, with humanity's response to Rama at stake.","The chapter details seven inhabited worlds with permanent habitation—Mercury, Earth, Luna, Mars, Ganymede, Titan, and Triton. These are established but small colonies, with larger planets uninhabitable.",The United Planets spans from Mercury to Triton with real-time diplomatic communication. Representatives meet in assembly. The distances are interplanetary.,"Each world has developed distinct cultural traits—Hermian pragmatism, Earth-Moon tensions, Triton's role as Ambassador for the Outer Darkness. The culture is a hybrid of Earth origins and planetary adaptations.",The General Assembly debate is conducted in standard English. No translation technology or distinct planetary languages are mentioned.,"The Ambassador describes Rama as an existential threat to human civilization, comparing its biots to termites. A nuclear bomb is poised to destroy the artifact. The stakes are survival of the species.",Seven worlds have permanent habitation with ambassadors. Earth's Moon has more people than all other worlds combined except Earth. Asteroids are growing toward independence. Space living is moderately common.,"The United Planets has seven member worlds, each with distinct interests: Mercury's unilateral missile launch, Earth-Moon disagreements, Mars holding asteroids in trust, Triton representing the outer system.",The entire chapter is a General Assembly debate. The Hermian Ambassador delivers a carefully prepared speech justifying the nuclear threat to Rama under Space Treaty provisions.,"A nuclear weapon threatens Rama. The Ambassador invokes Space Treaty military provisions. Yet the Assembly is civilian, and the debate concerns whether military action against Rama is justified.","The political structure parallels maritime law: jurisdiction over solar space, passage rights, the Space Treaty analogous to laws of the sea. Mercury claims jurisdiction over inner solar space like a naval power.","The Ambassador describes Rama's biots as manufactured from metallo-organic soup, with patterns stored in solid-state information banks. The gas giants are uninhabitable. Mercury's environment is lethal. The physical environments are radically non-Earth-like."
US,Rendezvous with Rama,Chapter THIRTY-NINE,High contestation (frequent conflict or strategic struggle),"Visiting / Temporary presence only (stations, missions, outposts)",Short interplanetary journey,Mostly Earth-like with minor adaptations,Same languages as Earth,Extremely hostile (constant survival pressure),Uncommon (small specialist population),Multiple distinct space polities,Political / diplomatic,Mixed civilian-military domain,Like the ocean / naval,Radically non-Earth-like (physics/environment fundamentally unlike Earth experience),"Norton faces the decision of whether to sabotage Mercury's nuclear bomb aimed at Rama. The chapter frames this as the most consequential command decision in human history, with the fate of Rama and interplanetary relations at stake.","Norton may have to evacuate Rama permanently. The crew's presence remains entirely temporary, now threatened by both Rama's approach to perihelion and the Hermian missile.",Communication with Mercury takes only minutes (light-speed delay). The missile reached Rama from Mercury in days. Distances are short interplanetary.,"Norton quotes Shakespeare ('To act or not to act'), references a US President's desk sign, and gazes at Captain Cook's portrait. The culture is thoroughly Earth-derived despite the space setting.",All dialogue and internal monologue is in standard English. No specialized space language appears.,A gigaton nuclear bomb threatens Rama. Rodrigo volunteers for a potentially suicidal sabotage mission. Norton faces the possibility that the Hermians may be right about Rama's existential threat.,The fate of Rama rests on one commander's decision and one lieutenant's volunteer mission. The crew is tiny.,"Mercury acts unilaterally with its missile. The Cosmo-Christers (a religious faction) push for sabotage. Norton must navigate between Earth's authority, Mercury's actions, and his own conscience.","The chapter is Norton's agonized moral and political deliberation over whether to sabotage the bomb—weighing cosmic crime against survival, diplomatic consequences against conscience.",Norton makes a military command decision to authorize sabotage of a nuclear weapon. Yet his reasoning is moral and civilian—he invokes conscience and Captain Cook rather than tactical advantage.,Norton stares at Captain Cook's portrait while making his decision. The buck stops at his desk as ship's commander. The entire framework is naval command responsibility.,"The chapter takes place aboard a ship near a 50-km alien cylinder approaching the sun. The physical setting—zero gravity, spinning Rama, a nuclear bomb in space—is radically non-Earth-like."
US,Rendezvous with Rama,Chapter FORTY,High contestation (frequent conflict or strategic struggle),"Visiting / Temporary presence only (stations, missions, outposts)",Short interplanetary journey,Mostly Earth-like with minor adaptations,Same languages as Earth,Extremely hostile (constant survival pressure),Uncommon (small specialist population),Multiple distinct space polities,Thriller / Horror / Survival,Mixed civilian-military domain,Like the ocean / naval,Radically non-Earth-like (physics/environment fundamentally unlike Earth experience),"Rodrigo physically sabotages Mercury's nuclear missile, cutting its control cables and antenna while the Hermians watch helplessly via camera. Mercury sends ultimatums demanding Endeavour evacuate. This is active conflict between human factions.",Endeavour lifts off from Rama's axis in preparation to flee. The crew's presence near Rama is precarious and potentially about to end permanently.,Light-speed communication delay to Mercury is about five minutes. The missile traveled from Mercury to Rama in days. Distances are short interplanetary.,"Rodrigo's motivations are deeply human: religious conviction, professional pride, dark humor about Mr. Henry K. Jones. The Hermian culture is Earth-derived with adaptations to Mercury's harsh environment.",Mercury's ultimatum and all radio communications are in standard English.,Rodrigo works centimetres from a gigaton bomb in extreme solar radiation with skin temperatures approaching 1500 degrees. The bomb begins moving while he's attached. Norton contemplates Rama becoming incandescent.,One man on a stripped-down scooter sabotages the most powerful weapon ever built. The total human presence near Rama is Endeavour's small crew.,"Mercury issues ultimatums to Endeavour. Norton ignores them. Rodrigo, motivated by his Cosmo-Christer faith, acts against Mercury's will. Multiple polities and factions clash.","The chapter is a tense sabotage thriller: Rodrigo races against a five-minute light-speed clock, cuts cables on a nuclear bomb, dodges unexpected missile maneuvers, and redirects the weapon—all while Norton faces Mercury's countdown.","A military-style sabotage mission against a nuclear weapon, with ultimatums from Mercury Space Control and tactical maneuvering. Yet the saboteur is motivated by religious conviction, not military orders.",The EVA mission structure—a small boat (scooter) launched from the ship to board and disable an enemy weapon—mirrors naval boarding actions. Norton ignores Mercury's demands like a captain at sea.,"Rodrigo operates in space near the sun, with 1500-degree surfaces, zero gravity, and light-speed communication delays as a tactical factor. The 50-km spinning cylinder of Rama dominates the scene. The environment is radically non-Earth-like."
US,Rendezvous with Rama,Chapter FORTY-ONE,Moderate contestation (ongoing rivalry/disputes),"Visiting / Temporary presence only (stations, missions, outposts)",Short interplanetary journey,Mostly Earth-like with minor adaptations,Same languages as Earth,Harsh and resource-intensive,Uncommon (small specialist population),Multiple distinct space polities,Adventure / exploration,Mostly civilian with some military presence,Like the ocean / naval,Radically non-Earth-like (physics/environment fundamentally unlike Earth experience),"The aftermath of the bomb sabotage dominates: Norton wonders if he and Rodrigo will be treated as heroes or villains, and they can never visit Mercury again. The diplomatic fallout is ongoing.",Norton can stay only two more days before the sun forces retreat. The hull has dangerous hot-spots. This is the final temporary visit to Rama.,"Norton records a message for his family, expecting to be home by Christmas via either Earth or Mars. A tanker may rendezvous to refuel. Distances are short interplanetary.",Norton records identical messages for both his Earth and Mars families. He dreams of holidays at Nix Olympica. The culture is Earth-derived with the adaptation of multi-planetary family arrangements.,Norton's personal recording is in standard English. No specialized language appears.,The hull is developing dangerous hot-spots from solar proximity. They've used virtually all their fuel. Norton acknowledges danger and uncertainty about every moment inside Rama.,Norton's small crew is the only human presence near Rama. Space habitation exists on Earth and Mars but remains specialized.,"Norton and Rodrigo can never visit Mercury again, implying diplomatic consequences between distinct planetary polities. Norton's uncertain reception on Earth reflects political divisions.","Norton prepares for one final exploratory trip into Rama, determined to push further on this last chance. The chapter's tone is reflective adventure.",The bomb crisis is resolved. Norton's focus returns to exploration and personal reflection. The military dimension has receded.,Norton records a personal message home like a naval officer at sea. He worries about fuel and return routes. The ship needs a tanker rendezvous—a thoroughly naval concern.,Rama has a kilometre-thick skin protecting it from the sun. The ship's hull develops dangerous hot-spots from solar proximity. The entire setting—near perihelion inside an alien cylinder—is radically non-Earth-like.
US,Rendezvous with Rama,Chapter FORTY-TWO,No contestation,"Visiting / Temporary presence only (stations, missions, outposts)",Short interplanetary journey,Mostly Earth-like with minor adaptations,Same languages as Earth,Manageable but risky,Uncommon (small specialist population),Multiple distinct space polities,Adventure / exploration,Mostly civilian with some military presence,Like the frontier / colonial expansion,Radically non-Earth-like (physics/environment fundamentally unlike Earth experience),"The chapter focuses on the final exploration of London inside Rama. The biots show no hostility, and the Hermian crisis is past. The explorers encounter no opposition.",This is explicitly the crew's last chance to explore—they will never return. They are temporary visitors making a final visit.,Communication with the Hub is real-time. The setting remains Rama in the inner solar system.,Norton compares the building to a Greek temple and recalls Egyptian tomb openings. Mercer and Calvert play word games with alphabetical juxtapositions. The cultural references are entirely Earth-derived.,All dialogue is in standard English. No specialized space language is used.,"The explorers use a laser torch to cut into a sealed building, aware that alarm systems may exist. The biots might respond. But the actual exploration proceeds without incident.",Four explorers enter the building. The total crew remains tiny.,Mercer jokes that the Hermians gave Norton ideas about forcing entry. The political context of multiple space polities remains present in the background.,"The crew breaks into a sealed Raman building and discovers an astonishing holographic catalogue of artifacts, including what appears to be a Raman uniform. This is pure exploration and discovery.","The exploration is entirely scientific—photographing holographic images, theorizing about Raman manufacturing systems. No military element is present.","Norton compares himself to an archaeologist opening an Egyptian tomb. The explorers break into sealed alien structures on their last day, cataloging discoveries—frontier exploration of the unknown.","Crystal columns contain holographic images of alien artifacts—tools for three-fingered hands, keyboards for more than five fingers, a harness for a 2.5-metre three-armed creature. The environment and its contents are radically alien."
US,Rendezvous with Rama,Chapter FORTY-THREE,No contestation,"Visiting / Temporary presence only (stations, missions, outposts)",Short interplanetary journey,Mostly Earth-like with minor adaptations,Same languages as Earth,Extremely hostile (constant survival pressure),Uncommon (small specialist population),Single unified authority,Thriller / Horror / Survival,Mostly civilian with some military presence,Like the ocean / naval,Radically non-Earth-like (physics/environment fundamentally unlike Earth experience),"The chapter involves no human conflict. The crew retreats from Rama as its lights fail, biots march to the Sea, and the environment becomes increasingly hostile. The struggle is against the alien environment.","This is the final evacuation. Norton says farewell to Rama's cities, knowing they will never return. Equipment is abandoned. The temporary visit is definitively over.",Communication with the bridge and Hub remains real-time. The setting is Rama near perihelion in the inner solar system.,"Norton compares the dimming light to a partial eclipse on Earth, the whistling siren to a lighthouse signal, and Rama's preparations to a ship battening down hatches. All cultural references are Earth-derived.",All communication is in standard English. The biots' warning signals are non-verbal (whistles and flashing lights).,The lights are failing. Earthquake tremors shake the stairway. Biots are recalled and dismantled. The crew faces exhausting ascent under threat of acceleration. Norton fears being swept off into space if Rama thrusts southward.,"The only moving beings left in Rama are the tiny crew, crawling up the dome. All biots have returned to the Sea.",Norton commands the evacuation. The bridge reports to him. A clear chain of command operates throughout the retreat.,"A desperate retreat: failing lights, compulsive siren calls, biots being dismembered, earthquake tremors, the fear of acceleration during the eight-kilometre climb. The chapter is pure survival tension.","The retreat follows military-style command and discipline, but the situation is a civilian evacuation. There is no combat or tactical operation.",Norton explicitly thinks that Rama is battening down the hatches like a ship preparing for a storm. The lighthouse siren imagery and Sergeant Barnes's seamanship references reinforce the naval analogy.,"The crew climbs an eight-kilometre curved dome as gravity diminishes, Coriolis forces push them sideways, fireballs race along the linear suns, and the entire cylindrical world prepares for metamorphosis. Radically non-Earth-like."
US,Rendezvous with Rama,Chapter FORTY-FOUR,No contestation,"Visiting / Temporary presence only (stations, missions, outposts)",Short interplanetary journey,Mostly Earth-like with minor adaptations,Same languages as Earth,Extremely hostile (constant survival pressure),Uncommon (small specialist population),Multiple distinct space polities,Adventure / exploration,Mostly civilian with some military presence,Like the ocean / naval,Radically non-Earth-like (physics/environment fundamentally unlike Earth experience),"The Hermian crisis is over, the General Assembly has adjourned, and there are no messages from Mercury. The chapter focuses on Rama's departure and Endeavour's survival.","Endeavour has permanently left Rama, stationed 100 km away. The exploration is definitively finished. The crew's presence was entirely temporary.","Endeavour orbits near the sun, communicating with Earth and the UP. A tanker rendezvous is needed. Distances remain short interplanetary.",Norton deals with accumulated office work and refuses media interviews. The crew uses electro-sedation for sleep. Simps are calmed with hand signals. The culture is Earth-derived with space adaptations.,All communication is in standard English. No specialized space language appears.,Endeavour must use its last fuel reserves to avoid a fiery death—running cooling at 95% capacity. Rama's space drive creates anomalous gravitational effects that spin the ship. The environment near perihelion is lethal.,Endeavour's exhausted crew is alone near the sun. The UP follows events from afar but cannot help directly.,"The UP General Assembly is ready to reconvene. Mercury has gone silent. Multiple polities remain in the background, though the immediate chapter focuses on Rama's physics.",The chapter reveals Rama's space drive in action—a reactionless propulsion system that defies Newton's Third Law. The discovery that Rama is falling into the sun rather than orbiting is a dramatic exploration revelation.,"The crisis is over. Norton returns to routine command duties—office work, maintenance, media management. The military dimension has fully receded.",Endeavour shelters in Rama's shadow like a ship in a harbor. The ship uses its last fuel to adjust orbit. Rama is described as a speeding ship with flotsam caught in its wake. Maritime metaphors dominate.,"Rama activates a reactionless space drive that defies known physics, creating anomalous gravitational fields. The ship is caught in its wake, spinning without instrument readings. Rama accelerates toward the sun. The physics are radically non-Earth-like."
US,Rendezvous with Rama,Chapter FORTY-FIVE,No contestation,"Visiting / Temporary presence only (stations, missions, outposts)","Extreme / effectively unreachable (generational, completely separate, or one-way-feeling distance)",Mostly Earth-like with minor adaptations,Same languages as Earth,Extremely hostile (constant survival pressure),Uncommon (small specialist population),Multiple distinct space polities,Adventure / exploration,Mostly civilian with some military presence,Like the ocean / naval,Radically non-Earth-like (physics/environment fundamentally unlike Earth experience),The Hermian threat is moot. Rama passes through the solar corona and departs the solar system entirely. There is no conflict—only observation of Rama's departure.,Rama was only ever passing through. It uses the sun as a refueling stop and departs toward the Magellanic Cloud. Human presence near it was always temporary.,"Rama departs the solar system entirely, aimed at the Greater Magellanic Cloud beyond the Milky Way. It moves at over 2000 km/s—effectively unreachable, heading to interstellar and intergalactic distances.",The crew watches Rama's departure through telescopes while Endeavour completes its own orbital maneuver. Robot observatories and scientific instruments reflect Earth-derived technology and culture.,No dialogue occurs in this chapter. The narrative and scientific observations are in standard English.,"Rama passes within half a million kilometres of the sun, where solid materials melt. Endeavour barely survives its own perihelion at 95% cooling capacity. The environment near the sun is lethal.",Only Endeavour's crew witnesses Rama's departure firsthand. Robot observatories supplement human observation. Space presence remains specialized.,The Hermians' fears and the UP General Assembly's debates are referenced as having been in vain. Multiple polities remain in the background.,"The chapter reveals the climactic mystery of Rama's purpose: it used the sun to refuel and accelerate, then departed the solar system. This is the grand finale of the exploration narrative.",The observation of Rama's departure is entirely scientific and civilian. No military elements are present.,"Rama is described as a vessel that used the solar system as a refueling stop and a booster station, then departed. Endeavour watches from its own orbit like a ship observing another vessel depart a harbor.","Rama creates a perfectly reflecting shield bubble, tunnels through the solar corona along magnetic field lines, absorbs matter from the sun, and accelerates to over 2000 km/s using a reactionless drive. The physics are utterly beyond Earth experience."
US,Rendezvous with Rama,Chapter FORTY-SIX,No contestation,"Visiting / Temporary presence only (stations, missions, outposts)",Short interplanetary journey,Mostly Earth-like with minor adaptations,Same languages as Earth,Manageable but risky,Uncommon (small specialist population),Multiple distinct space polities,Drama,Mostly civilian with some military presence,Like the ocean / naval,Radically non-Earth-like (physics/environment fundamentally unlike Earth experience),The chapter is a quiet personal interlude between Norton and Laura Ernst. The crises are over. Norton reflects on what has passed with melancholy rather than conflict.,Rama has departed the solar system. Norton's visit is definitively over. He reflects on the temporary nature of the encounter—Rama used the solar system as a brief stop.,"Norton expects to be home soon. His frozen sperm is being used on Mars, 200 million km away. Communication with Port Lowell is routine. The distances are short interplanetary for daily life.","Norton has two families (Earth and Mars), was sterilized due to space radiation, and his son is being conceived from frozen sperm. These are adaptations to space life, but the emotional core—family, longing, intimacy—is Earth-human.",All dialogue between Norton and Laura is in standard English. No specialized language appears.,"The immediate dangers are past. Norton reflects on the mission's success without casualties. Space life involves radiation sterilization and long separations, but these are managed risks.","Norton is an astronaut among few. His lifestyle—two families across planets, decades-frozen sperm, years in space—marks him as part of a small specialist community.",Martian bureaucracy issued Norton's reproduction permit. The Hermians are referenced. Multiple planetary jurisdictions govern different aspects of life.,"A quiet, reflective chapter: Norton contemplates his sense of loss, his dual families, and the monumental indifference of the Ramans. The final line—'The Ramans do everything in threes'—is dramatic foreshadowing.","The chapter is entirely personal—intimate conversation, family planning, reflection on the mission. No military dimension is present.","Norton is a sea captain returning home after a long voyage, reflecting on what he saw and the sense of anticlimax that follows great adventures. The maritime parallel is implicit throughout.","Weightless intimacy, radiation-induced sterilization, frozen sperm used across 200 million km, and the backdrop of an alien cylinder that just departed through the solar corona—the physical realities are radically different from Earth."
