country,book,chapter,q1,q2,q3,q4,q5,q6,q7,q8,q9,q10,q11,q12,q1_justification,q2_justification,q3_justification,q4_justification,q5_justification,q6_justification,q7_justification,q8_justification,q9_justification,q10_justification,q11_justification,q12_justification
US,The Hitchhiker's Guide to the Galaxy Omnibus_ A Trilogy of Five (Part 1 up to chapter 26),front_matter,No contestation,Extensive territorial occupation (many settled worlds/regions held like states or empires),Other / Unsure,Radically different / alien social order,Other / Unsure,Other / Unsure,Normalized / widespread (space habitation is ordinary for humanity),Other / Unsure,Comedy / satire,Entirely civilian,Other / Unsure,Other / Unsure,"The prologue describes Earth and the galaxy in expository terms with no conflict. It introduces the Hitchhiker's Guide as a book and Earth as insignificant, but no contestation occurs.","The prologue mentions civilizations on the Outer Eastern Rim, publishing corporations of Ursa Minor, and many relaxed civilizations across the galaxy, implying widespread settlement.","No journey is described in the prologue. It is purely expository, setting up the premise of Earth's insignificance and the Guide's existence.","The galaxy has its own publishing corporations, philosophical blockbusters by alien authors like Oolon Colluphid, and an Encyclopaedia Galactica. Alien civilizations are entirely distinct from Earth.",No language interaction is depicted. The prologue is narration describing the galaxy without any dialogue or communication between species.,No survival conditions or environmental hostility are described. The prologue is entirely expository.,"Many civilizations across the galaxy are mentioned casually, with interstellar publishing and hitchhiking implied as normal activities.","While civilizations are mentioned, no specific political structures or governance is described in the prologue.","The prologue's satirical tone is evident from the opening, describing Earth's inhabitants as primitively fascinated by digital watches and obsessed with small green pieces of paper.","No military presence is mentioned. The prologue describes publishing, philosophy, and everyday galactic life.",Insufficient information to characterize the domain analogy. The prologue is expository without depicting space travel or operations.,No physical space environments are described. The prologue focuses on Earth and the concept of the Guide.
US,The Hitchhiker's Guide to the Galaxy Omnibus_ A Trilogy of Five (Part 1 up to chapter 26),Part 1 Chapter 1,"Low contestation (minor competition, little open conflict)",Extensive territorial occupation (many settled worlds/regions held like states or empires),"Extreme / effectively unreachable (generational, completely separate, or one-way-feeling distance)",Basically Earth society in space,Same languages as Earth,Benign / easily survivable,Uncommon (small specialist population),Other / Unsure,Comedy / satire,Entirely civilian,Other / Unsure,Other / Unsure,"Arthur Dent's conflict with the council over his house demolition parallels the coming planetary destruction. Ford hints the world is ending, but no actual space conflict occurs yet.",Ford Prefect is from Betelgeuse and has been stranded on Earth for 15 years. The existence of a galactic hitchhiking culture implies many settled worlds across the galaxy.,"Ford is 600 light years from his birthplace near Betelgeuse and has been stranded on Earth for 15 years, unable to leave. The distance is effectively insurmountable without a passing ship.","The chapter takes place entirely on Earth with normal English village life: pubs, bulldozers, council planning disputes. Space culture is only hinted at through Ford's alien nature.",Ford speaks fluent English despite being from Betelgeuse. All communication is in standard English with no translation needed.,"The chapter takes place in rural England. The environmental conditions are mundane: rain, mud, pubs. Space conditions are not yet depicted.","Ford is the only known alien on Earth, and space travel is exotic from the human perspective. Ford is a specialist researcher for the Guide.",No political structures in space are described yet. The chapter focuses entirely on Earth-based municipal politics.,"The chapter satirizes bureaucracy through the planning permission parallel, features absurdist humor about Genghis Khan ancestry, and Ford's alien drinking games.","No military presence whatsoever. The chapter depicts village life, pub culture, and local council disputes.",Space is not characterized as any particular domain yet. The chapter is entirely Earth-bound.,No space environments are depicted. The setting is entirely terrestrial.
US,The Hitchhiker's Guide to the Galaxy Omnibus_ A Trilogy of Five (Part 1 up to chapter 26),Part 1 Chapter 2,"Low contestation (minor competition, little open conflict)",Extensive territorial occupation (many settled worlds/regions held like states or empires),"Extreme / effectively unreachable (generational, completely separate, or one-way-feeling distance)",Mixed / hybrid culture,Same languages as Earth,Benign / easily survivable,Normalized / widespread (space habitation is ordinary for humanity),Other / Unsure,Comedy / satire,Entirely civilian,Other / Unsure,Other / Unsure,"Ford urgently warns Arthur that the world is about to end, but no active conflict occurs. The tension is anticipatory rather than confrontational.","The Pan Galactic Gargle Blaster recipe references multiple settled worlds: Santraginus V, Arcturus, the Qualactin Zones, Fallia, and Algol, implying widespread galactic habitation.",The galactic scale is implied by the many alien worlds referenced. Ford's inability to leave Earth for 15 years suggests extreme distances between star systems.,An English pub scene coexists with references to alien cocktail culture. The Pan Galactic Gargle Blaster recipe blends alien ingredients from across the galaxy.,All dialogue is in standard English. Ford communicates normally with the barman and Arthur without any translation.,The chapter takes place in a village pub. Space conditions are only referenced humorously through drink recipes.,The Hitchhiker's Guide outsells the Encyclopaedia Galactica across many civilizations. Multiple inhabited worlds are referenced casually in the drink recipe.,No political structures are discussed. The focus is on a pub conversation and the impending destruction of Earth.,"The chapter is structured as comedy: Ford's deadpan announcement of Earth's destruction, the barman's oblivious responses, and the absurd Pan Galactic Gargle Blaster recipe.",The chapter is set in a pub with no military presence. A patron mentions the army in passing but this is incidental.,Space is not directly characterized in this chapter beyond drink recipes referencing alien worlds.,No space environments are directly depicted. Alien worlds are only referenced as ingredient sources.
US,The Hitchhiker's Guide to the Galaxy Omnibus_ A Trilogy of Five (Part 1 up to chapter 26),Part 1 Chapter 3,High contestation (frequent conflict or strategic struggle),Extensive territorial occupation (many settled worlds/regions held like states or empires),"Extreme / effectively unreachable (generational, completely separate, or one-way-feeling distance)",Distinct space culture,Same languages as Earth,Manageable but risky,Normalized / widespread (space habitation is ordinary for humanity),Multiple distinct space polities,Comedy / satire,Entirely civilian,Totally unique domain,Very different (human bodies/technology constantly challenged),The Vogon Constructor Fleet destroys the entire planet Earth to build a hyperspace bypass. This is a catastrophic act of destruction against an inhabited world.,The Galactic Hyperspace Planning Council controls interstellar infrastructure. Alpha Centauri has a planning department. Multiple worlds are referenced in the Guide's towel entry.,"The Guide describes hitchhiking the length and breadth of the Galaxy. Multiple alien worlds are referenced across vast distances. Earth's planning documents were at Alpha Centauri, four light years away.","Hitchhiker culture has its own slang (strag, hoopy, frood, sass), values (towel as essential item), and social norms entirely distinct from any Earth culture.",The Vogon announcement is understood by Ford (pre-Babel fish). All narration and Guide entries are in English. Hitchhiker slang uses English-derived terms.,"The Guide's towel entry describes space travel as survivable with proper preparation but involving dangers: cold moons, the Ravenous Bugblatter Beast, noxious fumes, and hand-to-hand combat.",Interstellar hitchhiking is common enough to have its own culture and guidebook. Multiple worlds are referenced casually. Space travel is treated as routine.,The Galactic Hyperspace Planning Council operates as a governing body. The Vogon Constructor Fleet follows bureaucratic orders. Alpha Centauri has its own planning department.,Earth's destruction is satirized as a bureaucratic planning dispute. The Vogon announcement parodies government notices. The towel entry is absurdist comedy.,"The Vogon Constructor Fleet is a civil engineering project, not a military operation. The destruction of Earth is framed as bureaucratic demolition, not warfare.","Space is characterized through hitchhiking culture with towels as essential equipment, an electronic guidebook, and backpacker survival tips, unlike any traditional domain analogy.","The Guide describes cold moons of Jaglan Beta, desert worlds of Kakrafoon, alien creatures like the Ravenous Bugblatter Beast, and noxious fumes requiring constant adaptation."
US,The Hitchhiker's Guide to the Galaxy Omnibus_ A Trilogy of Five (Part 1 up to chapter 26),Part 1 Chapter 4,"Low contestation (minor competition, little open conflict)",Extensive territorial occupation (many settled worlds/regions held like states or empires),"Extreme / effectively unreachable (generational, completely separate, or one-way-feeling distance)",Radically different / alien social order,Same languages as Earth,Benign / easily survivable,Normalized / widespread (space habitation is ordinary for humanity),Multiple distinct space polities,Comedy / satire,Entirely civilian,Other / Unsure,Somewhat different (manageable environmental differences),The chapter depicts the peaceful Heart of Gold unveiling ceremony on Damogran. The only hint of conflict is that Zaphod has a hidden agenda for his presidency.,The Imperial Galactic Government spans the galaxy. Damogran is a settled world used for secret government projects. Over three billion people watch the ceremony on tri-D broadcast.,"Damogran is on the opposite spiral arm of the Galaxy, 500,000 light years from the star Sol. Even light takes half a million years to make the journey.","The reception includes reptiloid atomineers, green sylph-like maximegalaticians, octopodic physucturalists, and a Hooloovoo (a super-intelligent shade of blue). The President is a figurehead who exists to distract from real power.",All characters communicate freely in English despite being diverse alien species. No translation technology is mentioned or needed in this chapter.,Damogran is a warm desert island world with pleasant conditions. The ceremony takes place outdoors in sunshine. No environmental hazards are described.,Over three billion people watch the ceremony via tri-D. Multiple alien species casually coexist at the event. Interstellar government is routine.,"The Imperial Galactic Government is the primary polity described. The President is a figurehead, with real power held by six unknown individuals. The Galactic Institute awards prizes.",The chapter satirizes politics: the Galactic President exists only to distract attention from real power. Zaphod is described as an ex-hippy and confidence trickster. The ceremony is absurdly theatrical.,The chapter depicts a government research ceremony with scientists and politicians. No military presence is described.,"Space is presented as a political and scientific domain in this chapter, without clear analogy to ocean, air, frontier, or other domains.",Damogran is a desert island world that is generally Earth-like but with different geography. The environment is comfortable and requires no special adaptation.
US,The Hitchhiker's Guide to the Galaxy Omnibus_ A Trilogy of Five (Part 1 up to chapter 26),Part 1 Chapter 5,Moderate contestation (ongoing rivalry/disputes),Extensive territorial occupation (many settled worlds/regions held like states or empires),"Extreme / effectively unreachable (generational, completely separate, or one-way-feeling distance)",Radically different / alien social order,Translation-mediated communication (universal translator / communication tech makes language difference irrelevant),Harsh and resource-intensive,Normalized / widespread (space habitation is ordinary for humanity),Multiple distinct space polities,Comedy / satire,Entirely civilian,Totally unique domain,Very different (human bodies/technology constantly challenged),"Ford and Arthur hide from Vogons who will throw them out of the airlock if found. The Dentrassi help hitchhikers specifically to annoy the Vogons, showing ongoing species rivalry.",Vogons migrated from Vogsphere to the Megabrantis cluster and control the Galactic Civil Service. The Worldweb of hitchhiking routes and settled worlds is implied throughout.,Ford came to Earth from Betelgeuse and was stranded for 15 years. Barnard's Star is six light years away. The galaxy spans vast distances requiring hitchhiking or ships.,"Vogons evolved on Vogsphere, destroyed all beauty there, and now run the Galactic Civil Service. Dentrassi are alien gourmand cooks. Squornshellous Zeta produces living mattresses. Society is thoroughly alien.","Ford places a Babel fish in Arthur's ear, enabling instant translation of any language. The Babel fish is described as feeding on brainwave energy and excreting a telepathic matrix.","Ford and Arthur are stowaways on a hostile Vogon ship, hiding in cramped Dentrassi quarters. The Vogon captain threatens to eject them into space. Survival requires resourcefulness and the Guide's knowledge.",Rich kids called teasers cruise around buzzing uncontacted planets. Interstellar hitchhiking is common enough for a guidebook. Multiple alien species coexist as routine.,The Vogons run the Galactic Civil Service from the Megabrantis cluster. The Dentrassi are an independent species employed as cooks. Various civilizations coexist with different roles.,"The chapter is comedic throughout: the Vogons as bureaucratic villains who eat beautiful crabs and sit on gazelles, Arthur discovering Earth's Guide entry is 'Mostly harmless,' and Ford's bemused observations about human communication habits.","The Vogon Constructor Fleet is a civil service operation, not military. All characters are civilians: a researcher, hitchhiker, cooks, and bureaucrats.","Space is characterized as a hitchhiking domain with its own guidebook, backpacker culture, and survival tips, unlike any traditional military or exploration domain.",Hyperspace travel causes severe physical distortion. The Vogon ship interior is completely alien. Squornshellous Zeta mattresses and Dentrassi quarters present an unfamiliar environment.
US,The Hitchhiker's Guide to the Galaxy Omnibus_ A Trilogy of Five (Part 1 up to chapter 26),Part 1 Chapter 6,Moderate contestation (ongoing rivalry/disputes),Extensive territorial occupation (many settled worlds/regions held like states or empires),"Extreme / effectively unreachable (generational, completely separate, or one-way-feeling distance)",Radically different / alien social order,Translation-mediated communication (universal translator / communication tech makes language difference irrelevant),Harsh and resource-intensive,Normalized / widespread (space habitation is ordinary for humanity),Multiple distinct space polities,Comedy / satire,Entirely civilian,Totally unique domain,Very different (human bodies/technology constantly challenged),"The Vogon captain explicitly threatens the hitchhikers, cancels all planet leave, and sends search parties. The tension between Vogons and stowaways continues.","The ship is heading to Barnard's Star for a 72-hour refit, implying established infrastructure across star systems. The Guide describes a hundred billion stars in the galaxy.",Arthur is now six light years from where Earth used to be. The jump through hyperspace crosses interstellar distances instantly but creates profound psychological separation from everything Arthur knew.,"Vogon society with its own language, bureaucracy, and cultural practices is completely alien. The Babel fish reveals a universe of diverse languages and species.",The Babel fish translates the Vogon captain's gargling speech into comprehensible English for Arthur. The Guide explains that the Babel fish has caused more wars than anything by removing communication barriers.,Hyperspace travel is described as unpleasantly like being drunk and causes severe physical distortion. Arthur and Ford are trapped on a hostile ship with Vogons searching for them.,The Guide covers a hundred billion stars. Interstellar travel via hyperspace is routine enough for scheduled refits at Barnard's Star. Space habitation is completely ordinary.,The Vogons operate their own fleet with independent command. Various species and civilizations are implied. Earth's Guide entry (one word) shows how insignificant individual worlds are.,The Babel fish entry satirizes religion through a proof of God's non-existence. The Vogon captain cancels leave because of an unhappy love affair. Arthur's grief for Earth includes mourning McDonald's.,The Vogon fleet is a construction operation. The characters are civilians: a researcher and an accidentally displaced Earthman. No military elements appear.,Space travel through hyperspace warps physical reality. The Babel fish makes all language barriers irrelevant. Space is presented as a unique domain with its own bizarre physics.,"Hyperspace causes extreme physical effects: eyes turning inside out, feet leaking from the head, the room folding flat. The alien ship environment is completely unlike Earth."
US,The Hitchhiker's Guide to the Galaxy Omnibus_ A Trilogy of Five (Part 1 up to chapter 26),Part 1 Chapter 7,High contestation (frequent conflict or strategic struggle),Extensive territorial occupation (many settled worlds/regions held like states or empires),"Extreme / effectively unreachable (generational, completely separate, or one-way-feeling distance)",Radically different / alien social order,Translation-mediated communication (universal translator / communication tech makes language difference irrelevant),Extremely hostile (constant survival pressure),Normalized / widespread (space habitation is ordinary for humanity),Multiple distinct space polities,Comedy / satire,Mostly civilian with some military presence,Totally unique domain,Radically non-Earth-like (physics/environment fundamentally unlike Earth experience),"Ford and Arthur are tortured with Vogon poetry, then physically thrown toward the airlock to be ejected into space. The chapter is a continuous struggle for survival against Vogon captors.",The Vogon Guard Corps is mentioned as an established military institution. The Azgoths of Kria and the Mid-Galactic Arts Nobbling Council imply many galactic civilizations and institutions.,Arthur is on a Vogon ship six light years from the smoking remains of Earth. He describes being thrown out of an alien spaceship as the culmination of the worst day imaginable.,Vogon poetry torture uses electronic equipment like imagery intensifiers and simile dumpers. The Vogon guard's career path involves shouting and pushing people out of spaceships as professional skills.,"Arthur and Ford communicate freely with the Vogon captain and guard despite being different species, thanks to the Babel fish translation established earlier.","Ford and Arthur are tortured with poetry, physically dragged to an airlock, and ejected into the vacuum of space. Survival pressure is constant throughout the chapter.",The Vogon guard treats spaceship duty as a routine career with mundane concerns about promotion to Senior Shouting Officer. Space work is thoroughly ordinary for aliens.,"The Mid-Galactic Arts Nobbling Council, the Azgoths of Kria, and the Vogon Guard Corps represent different galactic institutions and civilizations.",The poetry torture is absurdist comedy. Ford tries to philosophically persuade the guard to quit his job. Arthur quips about going to heaven with a headache. The guard aspires to Senior Shouting Officer.,"The Vogon Guard Corps is a quasi-military force, but the narrative frames it as mundane employment rather than military service. The guard discusses career prospects like a civilian job.","Space is presented as a unique environment where poetry is weaponized, airlocks are punishment devices, and career advancement involves shouting. No traditional domain analogy applies.",The chapter ends with Ford and Arthur ejected into the vacuum of space. The airlock is described as an empty blackness studded with impossibly bright points of light. Survival in vacuum is measured in seconds.
US,The Hitchhiker's Guide to the Galaxy Omnibus_ A Trilogy of Five (Part 1 up to chapter 26),Part 1 Chapter 8,No contestation,Extensive territorial occupation (many settled worlds/regions held like states or empires),"Extreme / effectively unreachable (generational, completely separate, or one-way-feeling distance)",Radically different / alien social order,Translation-mediated communication (universal translator / communication tech makes language difference irrelevant),Extremely hostile (constant survival pressure),Normalized / widespread (space habitation is ordinary for humanity),Other / Unsure,Comedy / satire,Entirely civilian,Totally unique domain,Radically non-Earth-like (physics/environment fundamentally unlike Earth experience),"The chapter describes Ford and Arthur's miraculous rescue by the Heart of Gold. There is no conflict, only the bizarre effects of the Infinite Improbability Drive.","The Guide mentions the planet Bethselamin with ten billion visiting tourists annually, Alpha Proxima, Damogran, and the concept of hitchhiking across the galaxy's vast distances.","The Guide notes light takes 500,000 years to cross the galaxy. The hitchhiking record for that distance is just under five years. Interstellar distances are described as beyond human imagination.","The Infinite Improbability Drive creates surreal reality distortions: Southend appears in space, men with five heads walk by, children bounce on sand, and horses fly through the sky.","Ford and Arthur communicate with the ship's voice system without language barriers, continuing the established Babel fish translation framework.",Ford and Arthur survive only 29 seconds in the vacuum of space before rescue. The Improbability Drive then subjects them to reality-warping effects including turning into a penguin and losing limbs.,Bethselamin receives ten billion tourists a year. Hitchhiking across the galaxy has records. Space habitation is so normal that tourism erosion is a planetary concern.,No political structures are discussed in this chapter. The focus is entirely on the rescue and the Improbability Drive's effects.,"The improbable rescue is played entirely for comedy: the astronomical odds matching a phone number, Ford turning into a penguin, reality becoming Southend-on-Sea, and infinite monkeys with a Hamlet script.",No military presence. The Heart of Gold is a civilian research vessel. The chapter describes tourism and hitchhiking.,"The Infinite Improbability Drive makes space a domain where reality itself is unstable. Custard vats materialize, people transform into animals, and probability governs physics.",Space is vacuum that kills in 30 seconds. The Improbability Drive warps reality so fundamentally that Ford turns into a penguin and Arthur loses his limbs temporarily. Physics is unrecognizable.
US,The Hitchhiker's Guide to the Galaxy Omnibus_ A Trilogy of Five (Part 1 up to chapter 26),Part 1 Chapter 9,No contestation,Extensive territorial occupation (many settled worlds/regions held like states or empires),"Extreme / effectively unreachable (generational, completely separate, or one-way-feeling distance)",Radically different / alien social order,Translation-mediated communication (universal translator / communication tech makes language difference irrelevant),Extremely hostile (constant survival pressure),Normalized / widespread (space habitation is ordinary for humanity),Other / Unsure,Comedy / satire,Entirely civilian,Totally unique domain,Radically non-Earth-like (physics/environment fundamentally unlike Earth experience),The chapter describes the chaotic aftermath of the Improbability Drive with no interpersonal or political conflict. Events are bizarre but not contested.,"The chapter references the famine-struck land of Poghril in the Pansel system and the Third Reach of the Unknown, implying widespread galactic settlement.",A hole appears in the galaxy millions of light years from end to end. The Improbability Drive passes through every point in the universe simultaneously.,"The Improbability Drive creates a reality where three-foot market analysts materialize and die, 239,000 fried eggs appear on a famine planet, and pretend universes flit by like mountain goats.","Ford and Arthur communicate with the ship's automated voice system and each other seamlessly, with the Babel fish framework continuing from previous chapters.","The Improbability Drive effects are physically dangerous: the universe arches sickeningly, primal light explodes, time blossoms, and Arthur's body softens and bends in unusual directions.",The Starship Heart of Gold is described as a routine vessel with automated welcome messages. Market analysts and settled planets like Poghril exist as normal parts of galactic life.,No political structures are described. The chapter focuses on the physical effects of the Improbability Drive.,"The chapter is surreal comedy: the Poghril tribe dies of famine then cholesterol from 239,000 fried eggs, atoms were traumatized into creating life, and Ford gasps on a pavement racing through space.",No military presence. The Heart of Gold is a civilian vessel. The chapter describes the absurd physics of the Improbability Drive.,The Improbability Drive makes space a domain where probability replaces physics. Reality is measured in odds rather than distance or direction. No traditional domain analogy applies.,"The universe jumps, freezes, quivers, and splays in unexpected directions. Bodies soften and bend. Feet leak from heads. Physical reality is fundamentally unlike anything on Earth."
US,The Hitchhiker's Guide to the Galaxy Omnibus_ A Trilogy of Five (Part 1 up to chapter 26),Part 1 Chapter 10,"Low contestation (minor competition, little open conflict)",Extensive territorial occupation (many settled worlds/regions held like states or empires),"Extreme / effectively unreachable (generational, completely separate, or one-way-feeling distance)",Radically different / alien social order,Other / Unsure,Other / Unsure,Normalized / widespread (space habitation is ordinary for humanity),Multiple distinct space polities,Comedy / satire,Entirely civilian,Totally unique domain,Other / Unsure,The only conflict is that respectable physicists lynch the student who invented the Improbability Drive because they couldn't stand a smartass. This is minor and humorous.,"The Galactic Government has research teams, and the Galactic Institute awards prizes for Extreme Cleverness, implying galaxy-spanning institutions and settlement.",The drive was needed to cross the mind-paralysing distances between the furthest stars. The chapter describes interstellar distances as requiring entirely new physics to traverse.,The Galactic Institute awards prizes for Extreme Cleverness. Physics parties involve molecular manipulation of clothing. Scientists are lynched by rampaging mobs for being too clever.,No direct communication between characters occurs. The chapter is pure exposition about the invention of the Improbability Drive.,No environmental conditions are described. The chapter is a historical account of a scientific breakthrough.,Major governments compete to build faster drives. A Galactic Institute exists. Space travel between stars is a routine goal for galactic civilization.,The Galactic Government has research teams. Other major governments are envious of the breakthrough. The Galactic Institute is an independent institution.,"The chapter satirizes academia: the Drive is invented by accident through logical paradox, discovered by a student sweeping up after a failed party, and its creator is lynched by jealous physicists.",The chapter describes scientific research and academic institutions. No military presence or applications are mentioned.,The Improbability Drive makes space traversable through probability manipulation rather than conventional physics. Space is a domain where a cup of tea and logical paradox replace fuel and thrust.,No physical space environments are described. The chapter focuses on the science and sociology of the Drive's invention.
US,The Hitchhiker's Guide to the Galaxy Omnibus_ A Trilogy of Five (Part 1 up to chapter 26),Part 1 Chapter 11,"Low contestation (minor competition, little open conflict)",Extensive territorial occupation (many settled worlds/regions held like states or empires),"Extreme / effectively unreachable (generational, completely separate, or one-way-feeling distance)",Radically different / alien social order,Translation-mediated communication (universal translator / communication tech makes language difference irrelevant),Benign / easily survivable,Normalized / widespread (space habitation is ordinary for humanity),Multiple distinct space polities,Comedy / satire,Entirely civilian,Totally unique domain,Somewhat different (manageable environmental differences),"Zaphod is annoyed about picking up hitchhikers while on the run from police. The tension is minor: bickering between Zaphod and Trillian, and Marvin's existential complaints.",The police of half the Galaxy are after Zaphod. The Sirius Cybernetics Corporation operates across galactic civilization. Multiple settled worlds and governments are implied.,"Ford and Arthur were picked up in Sector ZZ 9 Plural Z Alpha, far from any familiar world. The Heart of Gold traverses galactic distances through Improbability.",The Sirius Cybernetics Corporation builds robots with Genuine People Personalities. Marvin is a depressed robot. The Encyclopaedia Galactica defines robots while the marketing division is destined for revolution.,"All characters communicate seamlessly despite being from different species and worlds. Zaphod (two-headed alien), Trillian (Earth human), and Marvin (robot) converse freely.","The Heart of Gold is a brand-new, comfortable ship with clean white interiors and plastic-wrapped seats. The environment is pleasant and safe.",The Sirius Cybernetics Corporation mass-produces robots. Galactic police forces span half the galaxy. Space habitation and technology are completely routine.,The police of half the Galaxy pursue Zaphod. The Sirius Cybernetics Corporation is a major galactic corporation. Multiple governing entities are implied.,"Marvin the Paranoid Android is introduced as a comedic figure: depressed, contemptuous, and complaining about having a brain the size of a planet. The doors have annoyingly cheerful personalities.","All characters are civilians: a president turned fugitive, a hitchhiker researcher, a displaced Earthman, and a depressed robot. No military presence appears.","Space is characterized by improbability physics, personality-equipped doors, and depressed robots. The Heart of Gold represents a uniquely absurd technological domain.","The Heart of Gold's interior is comfortable and Earth-like: white, oblong, with video screens and control panels. The environment requires no special adaptation."
US,The Hitchhiker's Guide to the Galaxy Omnibus_ A Trilogy of Five (Part 1 up to chapter 26),Part 1 Chapter 12,Moderate contestation (ongoing rivalry/disputes),Extensive territorial occupation (many settled worlds/regions held like states or empires),"Extreme / effectively unreachable (generational, completely separate, or one-way-feeling distance)",Radically different / alien social order,Translation-mediated communication (universal translator / communication tech makes language difference irrelevant),Benign / easily survivable,Normalized / widespread (space habitation is ordinary for humanity),Multiple distinct space polities,Comedy / satire,Entirely civilian,Totally unique domain,Somewhat different (manageable environmental differences),Zaphod has stolen the Heart of Gold and the police of half the Galaxy are after him. The sub-etha news reports his theft as the major galactic news story.,The sub-etha waveband broadcasts around the Galaxy. Zaphod is described as Galactic President. The Heart of Gold was a government prototype. Multiple galactic institutions are referenced.,"Ford and Arthur were picked up in Sector ZZ 9 Plural Z Alpha, where Earth used to be. Trillian notes coordinates implying vast galactic distances.","Zaphod is a two-headed, three-armed ex-President who invented the Pan Galactic Gargle Blaster. His brain-care specialist Gag Halfrunt dismisses him casually on galactic media.",The sub-etha radio broadcasts are understood by all characters regardless of species. Communication across the galaxy is seamless through technology.,The Heart of Gold is a comfortable new ship. The chapter takes place entirely in the ship's cabin with no environmental hazards.,"Galaxy-wide media broadcasts, Galactic Presidents, and interstellar theft are treated as ordinary news items. Space civilization is routine.","The Imperial Galactic Government, galactic police forces, and various media organizations represent multiple distinct political and institutional entities.",The news broadcast is satirical: Zaphod is described as ex-confidence trickster and Worst Dressed Sentient Being. His brain-care specialist's analysis is absurdly dismissive.,"The chapter features news media, a fugitive president, and civilian crew. No military presence appears despite Zaphod being a wanted fugitive.","Space is characterized through sub-etha radio, galactic celebrity culture, and Improbability Drive technology. No traditional domain analogy applies.",The Heart of Gold interior is comfortable and requires no adaptation. The broader galaxy is referenced through media without direct environmental exposure.
US,The Hitchhiker's Guide to the Galaxy Omnibus_ A Trilogy of Five (Part 1 up to chapter 26),Part 1 Chapter 13,"Low contestation (minor competition, little open conflict)",Extensive territorial occupation (many settled worlds/regions held like states or empires),"Extreme / effectively unreachable (generational, completely separate, or one-way-feeling distance)",Radically different / alien social order,Translation-mediated communication (universal translator / communication tech makes language difference irrelevant),Benign / easily survivable,Normalized / widespread (space habitation is ordinary for humanity),Multiple distinct space polities,Comedy / satire,Entirely civilian,Totally unique domain,Somewhat different (manageable environmental differences),The chapter is primarily a reunion scene. Ford recognizes Zaphod as his semi-cousin. Arthur recognizes Trillian from a party. Minor tension about being fugitives but no active conflict.,"References to Betelgeuse Seven, the Galactic presidency, and the stolen Heart of Gold imply galaxy-spanning civilization and governance.","Ford has been stranded on Earth for 15 years, separated from his semi-cousin Zaphod. Arthur has been transported from Earth across the galaxy.",Ford and Zaphod share three mothers between them as semi-half-brothers from Betelgeuse. Zaphod has two heads and three arms. Galactic social structures are completely alien.,"Ford (from Betelgeuse), Zaphod (alien), Trillian (Earth), Arthur (Earth), and Marvin (robot) all communicate seamlessly, enabled by the Babel fish framework.",The chapter takes place on the comfortable bridge of the Heart of Gold. No environmental dangers are present.,"The characters casually discuss galactic politics, interstellar travel, and alien family relationships as perfectly normal topics.","The Galactic Government from which Zaphod is a fugitive, and the police forces of multiple jurisdictions are referenced.","The reunion is played for comedy: Ford's excitement at seeing Zaphod, the absurd family relationship explanation, and Arthur's bewilderment at discovering Trillian is the girl from the party.","All characters are civilians: a fugitive ex-president, a researcher, an astrophysicist, and a bewildered Earthman.",Space is presented through the lens of improbable coincidences and absurd social connections rather than any traditional domain analogy.,"The Heart of Gold bridge is a comfortable, clean environment. No physical adaptation is needed."
US,The Hitchhiker's Guide to the Galaxy Omnibus_ A Trilogy of Five (Part 1 up to chapter 26),Part 1 Chapter 14,"Low contestation (minor competition, little open conflict)",Extensive territorial occupation (many settled worlds/regions held like states or empires),"Extreme / effectively unreachable (generational, completely separate, or one-way-feeling distance)",Radically different / alien social order,Translation-mediated communication (universal translator / communication tech makes language difference irrelevant),Benign / easily survivable,Normalized / widespread (space habitation is ordinary for humanity),Multiple distinct space polities,Comedy / satire,Entirely civilian,Totally unique domain,Somewhat different (manageable environmental differences),Arthur is mildly upset about Zaphod having taken Trillian from a party. The main tensions are interpersonal rather than conflictual.,"Zaphod describes cruising around the galaxy, visiting multiple worlds. Betelgeuse is established as a major inhabited system. The Web of galactic civilization is implied.",Trillian left Earth with Zaphod six months ago. Earth has since been destroyed. The separation from Earth is now permanent and absolute.,Zaphod's family structure involves semi-half-brothers sharing mothers across Betelgeuse. Trillian brought white mice from Earth as the only surviving Earth specimens.,Characters from different worlds and species communicate freely. The Babel fish system enables seamless cross-species dialogue.,The chapter takes place aboard the Heart of Gold in comfortable conditions. No environmental hazards are present.,Trillian casually adapted to life aboard a spaceship after leaving Earth. Interstellar travel and alien encounters are treated as normal life events.,"The Galactic Government, Betelgeuse's civilization, and Earth's now-destroyed civilization represent distinct political entities within the galaxy.","The chapter satirizes social awkwardness: Arthur is upset about losing Trillian to an alien at a party, while simultaneously processing the destruction of Earth. The contrast is absurdly comic.","The scene is purely social: old acquaintances reuniting, interpersonal drama, and casual conversation about galactic travel.",Space is characterized as a social space where party encounters and family drama happen to span galaxies rather than cities.,The ship interior is comfortable. The chapter focuses on social dynamics rather than environmental conditions.
US,The Hitchhiker's Guide to the Galaxy Omnibus_ A Trilogy of Five (Part 1 up to chapter 26),Part 1 Chapter 15,"Low contestation (minor competition, little open conflict)",Extensive territorial occupation (many settled worlds/regions held like states or empires),"Extreme / effectively unreachable (generational, completely separate, or one-way-feeling distance)",Radically different / alien social order,Translation-mediated communication (universal translator / communication tech makes language difference irrelevant),Benign / easily survivable,Normalized / widespread (space habitation is ordinary for humanity),Multiple distinct space polities,Comedy / satire,Entirely civilian,Like the frontier / colonial expansion,Somewhat different (manageable environmental differences),Eddie the shipboard computer enthusiastically annoys the crew. The discussion about Magrathea being mythical involves mild intellectual disagreement but no real conflict.,Magrathea is described as a legendary planet that built luxury custom planets for the ultra-rich during the galaxy's prosperous era. The Galactic economy once supported such extravagance.,"Magrathea is somewhere in the galaxy, requiring the Heart of Gold to search for it. Its location has been lost for millions of years.",The Galactic economy once supported custom planet-building as a luxury industry. The depression that ended Magrathea's trade affected the entire galaxy. This is a thoroughly alien economic history.,All characters converse freely across species boundaries. Eddie the computer communicates in colloquial English with personality quirks.,The chapter takes place aboard the comfortable Heart of Gold. No environmental threats are present.,"The crew casually discusses galactic economics, legendary planets, and interstellar myths as commonplace knowledge. Space civilization is deeply established.","Magrathea was once a major economic power. The broader Galactic economy collapsed, affecting multiple civilizations and political entities.",Eddie the computer's relentless cheerfulness is satirical. The concept of custom-built luxury planets satirizes wealth inequality. Ford's frustration with Eddie provides ongoing comedy.,"The discussion is about economics, legends, and galactic history. No military elements are present.","Searching for the legendary lost planet Magrathea mirrors frontier exploration narratives: seeking a mythical place of great wealth, like El Dorado or a lost civilization.","The ship environment is comfortable. Magrathea is only discussed as a legend, not yet experienced physically."
US,The Hitchhiker's Guide to the Galaxy Omnibus_ A Trilogy of Five (Part 1 up to chapter 26),Part 1 Chapter 16,Moderate contestation (ongoing rivalry/disputes),Extensive territorial occupation (many settled worlds/regions held like states or empires),"Extreme / effectively unreachable (generational, completely separate, or one-way-feeling distance)",Radically different / alien social order,Translation-mediated communication (universal translator / communication tech makes language difference irrelevant),Manageable but risky,Normalized / widespread (space habitation is ordinary for humanity),Multiple distinct space polities,Comedy / satire,Entirely civilian,Like the frontier / colonial expansion,Moderately different (regular adaptation needed),An ancient recorded message from Magrathea warns visitors away and threatens defensive action. The crew debates whether to land despite the warnings.,Magrathea once operated as a major galactic enterprise building custom planets. The recorded message references a galactic economy and interstellar commerce.,Magrathea has been lost and dormant for five million years. The crew has traveled across the galaxy to find it through government archives and detective work.,Magrathea's civilization built entire planets to order. Their automated warning system offers a brochure for their services. The concept of a planet-building industry is thoroughly alien.,"The ancient Magrathean recorded message is understood by all crew members despite being millions of years old, indicating universal translation capability.","The automated warning threatens destruction, but the crew decides the risk is manageable. The approach to Magrathea involves potential danger from ancient defenses.",Planet-building was once a routine luxury industry. The Galactic economy supported it for millennia. Interstellar commerce and civilization are deeply normalized.,Magrathea operated as an independent economic entity. The Galactic economy it served comprised many distinct civilizations and political entities.,The ancient warning message incongruously offers a sales brochure. The crew's debate about landing on a mythical planet is played for absurdist comedy.,"The automated defenses are commercial security measures, not military. All characters are civilians exploring a legendary commercial enterprise.","The crew approaches the lost planet like frontier explorers discovering a legendary lost civilization, complete with ancient warnings and automated defenses.",Magrathea's surface is described as a dead world with a thin atmosphere. The ancient automated systems represent an alien technological environment.
US,The Hitchhiker's Guide to the Galaxy Omnibus_ A Trilogy of Five (Part 1 up to chapter 26),Part 1 Chapter 17,High contestation (frequent conflict or strategic struggle),Extensive territorial occupation (many settled worlds/regions held like states or empires),"Extreme / effectively unreachable (generational, completely separate, or one-way-feeling distance)",Radically different / alien social order,Translation-mediated communication (universal translator / communication tech makes language difference irrelevant),Extremely hostile (constant survival pressure),Normalized / widespread (space habitation is ordinary for humanity),Multiple distinct space polities,Comedy / satire,Entirely civilian,Totally unique domain,Very different (human bodies/technology constantly challenged),Two nuclear missiles are launched at the Heart of Gold by Magrathea's automated defense systems. The crew faces imminent destruction from ancient weapons.,Magrathea's defense systems imply it was once a major territorial power worth defending. The Galactic civilization that supported it is referenced throughout.,"The crew is on a planet that has been dormant for five million years, far from any inhabited world. They are profoundly isolated.",The Improbability Drive transforms nuclear missiles into a sperm whale and a bowl of petunias. Reality itself bends to probability rather than physics in this alien technological framework.,The crew communicates seamlessly despite diverse origins. The ship's computer Eddie reports threats in colloquial English.,Nuclear missiles target the ship directly. Only the Infinite Improbability Drive's random activation saves them by transforming the missiles into a whale and petunias.,Automated planetary defense systems suggest that territorial defense was once routine for advanced civilizations. Space habitation was widespread enough to warrant such defenses.,Magrathea's independent defense system represents a distinct polity. The Galactic Government and various civilizations that were its customers form others.,Nuclear missiles transform into a whale and a bowl of petunias through improbability. The computer cheerfully reports impossible solutions. The crisis is resolved through absurdity rather than skill.,"The missiles are automated commercial defenses, not military weapons deployed by a military force. All characters are civilians.",Space combat is resolved through probability manipulation rather than tactical skill. Nuclear missiles become whales. No traditional domain analogy applies.,"The Improbability Drive warps reality, turning missiles into organic matter. The physical laws of space are fundamentally unpredictable near the Heart of Gold."
US,The Hitchhiker's Guide to the Galaxy Omnibus_ A Trilogy of Five (Part 1 up to chapter 26),Part 1 Chapter 18,No contestation,Extensive territorial occupation (many settled worlds/regions held like states or empires),"Extreme / effectively unreachable (generational, completely separate, or one-way-feeling distance)",Radically different / alien social order,Other / Unsure,Nearly uninhabitable / lethal without major intervention,Normalized / widespread (space habitation is ordinary for humanity),Other / Unsure,Comedy / satire,Entirely civilian,Totally unique domain,Radically non-Earth-like (physics/environment fundamentally unlike Earth experience),"The chapter is the interior monologue of a sperm whale suddenly brought into existence miles above Magrathea's surface, and the brief thought of a bowl of petunias. No conflict occurs.","The whale exists above Magrathea, an ancient planet that once built worlds for the galaxy. The broader galactic context of extensive settlement remains.",The whale is falling above an alien planet millions of light years from Earth. The galactic scale is implicit in the setting.,"A whale is spontaneously created by an Improbability Drive miles above an alien planet. A bowl of petunias thinks 'Oh no, not again.' The reality of this universe is fundamentally alien.",The whale's internal monologue and the petunias' thought are self-contained. No inter-species communication occurs in this chapter.,"The whale is falling from miles up and impacts the surface fatally. The environment is instantly lethal: thin atmosphere, extreme altitude, and inevitable impact.",The Improbability Drive that created the whale is routine technology. The broader context of galactic civilization remains normalized.,No political structures are discussed. The chapter is a self-contained philosophical vignette about a whale's brief existence.,"The whale's existential monologue as it falls to its death is darkly comedic. The petunias' resigned 'Oh no, not again' implies a deeply absurd cosmic cycle.",The chapter features a whale and a bowl of petunias. No military or civilian institutions are involved.,Space creates spontaneous life through improbability. A whale philosophizes during freefall above an alien world. This is unique to the Hitchhiker's universe.,Whales materialize from nuclear missiles miles above alien planets. The laws of physics are governed by improbability. The environment is fundamentally unlike anything on Earth.
US,The Hitchhiker's Guide to the Galaxy Omnibus_ A Trilogy of Five (Part 1 up to chapter 26),Part 1 Chapter 19,"Low contestation (minor competition, little open conflict)",Extensive territorial occupation (many settled worlds/regions held like states or empires),"Extreme / effectively unreachable (generational, completely separate, or one-way-feeling distance)",Radically different / alien social order,Translation-mediated communication (universal translator / communication tech makes language difference irrelevant),Harsh and resource-intensive,Normalized / widespread (space habitation is ordinary for humanity),Multiple distinct space polities,Comedy / satire,Entirely civilian,Like the frontier / colonial expansion,Very different (human bodies/technology constantly challenged),The crew argues with Eddie's backup personality about opening the hatch. Trillian's mice escape. Minor interpersonal friction but no real conflict.,Magrathea is an ancient settled planet with infrastructure. The broader galactic context of extensive civilization persists in the background.,"The crew has traveled to a planet dormant for five million years, far from any inhabited world. They are profoundly isolated.","The ship's computer has a maternal backup personality that refuses to open doors. Humans were only the third most intelligent species on Earth, after mice and dolphins.",All characters communicate freely. The ship's computer speaks colloquial English. Cross-species communication is seamless.,"Magrathea's surface has an icy wind, barren dust, thin atmosphere, and very cold conditions. The crew needs to wrap up warmly before exiting.","Landing on alien planets is treated as routine, if uncomfortable. The crew steps onto Magrathea's surface without special preparation beyond warm clothing.","Magrathea's ancient civilization, the Galactic Government, and the broader galactic economy represent distinct political entities.",Eddie's backup maternal personality refusing to open the hatch is absurdist comedy. Zaphod threatens to reprogram it with an axe. The reveal about mice and dolphins being smarter than humans is satirical.,All characters are civilians exploring an ancient planet. No military elements are present.,"The crew steps onto an unknown, barren alien surface like frontier explorers. The chapter evokes discovery and exploration of uncharted territory.","Magrathea has thin atmosphere, icy winds, barren dust, and extreme cold. Sound carries badly. The crew's bodies are challenged by the alien conditions."
US,The Hitchhiker's Guide to the Galaxy Omnibus_ A Trilogy of Five (Part 1 up to chapter 26),Part 1 Chapter 20,"Low contestation (minor competition, little open conflict)",Extensive territorial occupation (many settled worlds/regions held like states or empires),"Extreme / effectively unreachable (generational, completely separate, or one-way-feeling distance)",Radically different / alien social order,Translation-mediated communication (universal translator / communication tech makes language difference irrelevant),Harsh and resource-intensive,Normalized / widespread (space habitation is ordinary for humanity),Multiple distinct space polities,Comedy / satire,Entirely civilian,Like the frontier / colonial expansion,Very different (human bodies/technology constantly challenged),Zaphod leads the group underground through a whale crater. Arthur and Marvin are left as guards. The tension is mild and the atmosphere is exploratory rather than combative.,"Magrathea is described as having underground galleries, passages, and networks indicating an extensive ancient civilization that lived mostly underground.","Ford laments being stuck on this dump after fifteen years as a castaway, having crossed thousands of light years. The distance from any familiar world is immense.",The Magratheans lived underground by choice for millions of years. Zaphod reveals someone cauterized part of his brain and left initials Z.B. burned into his synapses. Alien neurological tampering is casual.,Characters from multiple species and worlds communicate without barriers throughout the exploration sequence.,"Magrathea's surface is cold, dusty, and barren with thin atmosphere. The underground passages are dark, debris-filled, and dank. The whale crater is gruesome.","Arthur notes this is his first time on another planet, but the others treat planetary exploration as routine. Galactic travel is ordinary for most characters.","Magrathea's ancient underground civilization represents a distinct polity. Zaphod used government archives to find it, implying other governing entities.","The chapter balances dark comedy (whale carcass, Marvin's nihilism) with absurdist revelations (Zaphod's brain tampering by himself). Ford's disappointment at the dump after 15 years is comedic.","The exploration is conducted by civilians. Arthur is posted as a guard but this is informal, not military.","The crew explores underground passages of an ancient alien civilization, discovering tiled corridors and derelict computers. The chapter evokes archaeological frontier exploration.","Magrathea's thin atmosphere carries sound badly, stings eyes and ears, and clasps throats. The underground passages are dark, dank, and filled with ancient alien debris."
US,The Hitchhiker's Guide to the Galaxy Omnibus_ A Trilogy of Five (Part 1 up to chapter 26),Part 1 Chapter 21,No contestation,Extensive territorial occupation (many settled worlds/regions held like states or empires),"Extreme / effectively unreachable (generational, completely separate, or one-way-feeling distance)",Radically different / alien social order,Translation-mediated communication (universal translator / communication tech makes language difference irrelevant),Harsh and resource-intensive,Normalized / widespread (space habitation is ordinary for humanity),Multiple distinct space polities,Comedy / satire,Entirely civilian,Like the frontier / colonial expansion,Very different (human bodies/technology constantly challenged),"Arthur reads the Guide, watches a sunset, talks to Marvin, and encounters the old Magrathean. The chapter is contemplative and exploratory with no conflict.","The Guide entry references the University of Maximegalon, planets inhabited by humanoids, reptiloids, fishoids, and super-intelligent shades of blue, implying extensive galactic settlement.","Arthur is on Magrathea watching alien suns set, profoundly separated from Earth which no longer exists. The isolation is total and permanent.","The Guide describes planets of biro life forms, walking treeoids, and super-intelligent shades of blue. Magrathea has two suns and a dark nebula sky. The social and physical order is thoroughly alien.","Arthur and the old Magrathean man communicate immediately in English despite Magrathea having been dormant for five million years, indicating universal translation.",Magrathea's surface is extremely cold with thin atmosphere and rapid nightfall. Arthur stamps around trying to get his circulation working. The darkness is absolute.,The Guide casually references many inhabited planets and diverse life forms. Galactic civilization with universities and economies is thoroughly normalized.,"The University of Maximegalon, Brantisvogan bank accounts, and Magrathea's ancient civilization represent distinct institutions and polities.",The Guide entry about the planet of biros is absurdist satire. Marvin counting 597 billion sheep before sleeping is darkly funny. Arthur's awe at the sunset contrasts with Marvin calling it rubbish.,Arthur reads a guidebook and talks to a robot and an old man. The chapter is entirely civilian and contemplative.,Arthur alone on an alien surface watching two suns set evokes frontier solitude. Meeting the ancient Magrathean mirrors encountering indigenous peoples of a lost civilization.,"Magrathea has two suns, rapid nightfall, extreme cold, thin atmosphere, and sits within a dark nebula where very few stars are visible. The environment is deeply alien."
US,The Hitchhiker's Guide to the Galaxy Omnibus_ A Trilogy of Five (Part 1 up to chapter 26),Part 1 Chapter 22,"Low contestation (minor competition, little open conflict)",Extensive territorial occupation (many settled worlds/regions held like states or empires),"Extreme / effectively unreachable (generational, completely separate, or one-way-feeling distance)",Radically different / alien social order,Translation-mediated communication (universal translator / communication tech makes language difference irrelevant),Harsh and resource-intensive,Normalized / widespread (space habitation is ordinary for humanity),Multiple distinct space polities,Comedy / satire,Entirely civilian,Like the frontier / colonial expansion,Very different (human bodies/technology constantly challenged),Slartibartfast reveals the automated missiles were just bored computers taking pot shots. He gently threatens Arthur with being late. The tone is gentle and non-confrontational.,Magrathea built custom planets for wealthy clients across the galaxy. The Galactic stock market and economy supported this luxury industry. Settlement was galaxy-wide.,Magrathea has been dormant for five million years. The Galactic economy collapsed and rebuilt during their sleep. The timescales involved are incomprehensibly vast.,Magratheans built entire planets as a trade. They slept through a five-million-year recession. Their computers were index-linked to the Galactic stock market. This is a fundamentally alien civilization.,Arthur and Slartibartfast communicate perfectly despite Slartibartfast having been asleep for five million years and being a completely alien species.,Magrathea's surface is dark and cold. The approach to the underground requires an aircar. Ancient computers and defense systems pose ambient threats.,Custom planet-building was once a routine luxury trade. The Galactic economy supported it. Space civilization is so old that five-million-year recessions are survivable.,Magrathea operated as an independent economic power. The Galactic stock market and various wealthy civilizations that commissioned planets represent distinct entities.,Slartibartfast's name is played for comedy. The concept of sleeping through a recession satirizes economics. His gentle threat about being late is absurdly polite for an alien encounter.,Slartibartfast is a retired planet designer. The chapter depicts civilian economic history and personal encounter. No military elements appear.,"Arthur rides an aircar into the deep underground of an ancient alien world, evoking exploration of lost civilizations and frontier discovery.",The aircar descends into deep underground tunnels. Magrathea's surface is freezing and dark. The ancient alien infrastructure presents a fundamentally different physical environment.
US,The Hitchhiker's Guide to the Galaxy Omnibus_ A Trilogy of Five (Part 1 up to chapter 26),Part 1 Chapter 23,No contestation,Extensive territorial occupation (many settled worlds/regions held like states or empires),"Extreme / effectively unreachable (generational, completely separate, or one-way-feeling distance)",Radically different / alien social order,Other / Unsure,Other / Unsure,Normalized / widespread (space habitation is ordinary for humanity),Other / Unsure,Comedy / satire,Entirely civilian,Other / Unsure,Other / Unsure,The chapter is pure exposition about dolphins and mice being more intelligent than humans. No conflict occurs; it's a satirical information dump.,"The broader galactic context is implied. Earth was part of a larger galactic system, with dolphins leaving by their own means before the Vogon demolition.","Dolphins left Earth entirely by their own means, implying interstellar capability. The galactic scale of the narrative continues.","Dolphins were actually more intelligent than humans and escaped Earth before its destruction. Mice were the most intelligent species, running experiments on humans in behavioral research labs.",The chapter describes failed inter-species communication: dolphins tried to warn humans but were misinterpreted. The communication failure is the central point.,No environmental conditions are described. The chapter is purely expository about intelligence hierarchies on Earth.,Dolphins leaving Earth by their own means implies that interstellar travel is available to multiple Earth species. Galactic civilization is normalized.,No political structures are discussed. The chapter focuses on species intelligence hierarchies.,The chapter satirizes human self-importance: dolphins were smarter and left Earth voluntarily. Mice were the smartest and ran experiments on humans while humans thought they were running experiments on mice.,"The chapter describes scientific research, behavioral experiments, and inter-species relationships. No military elements appear.",No domain characterization is present. The chapter is expository about Earth's species hierarchy.,No space environments are described. The chapter is about Earth-based species intelligence.
US,The Hitchhiker's Guide to the Galaxy Omnibus_ A Trilogy of Five (Part 1 up to chapter 26),Part 1 Chapter 24,No contestation,Extensive territorial occupation (many settled worlds/regions held like states or empires),"Extreme / effectively unreachable (generational, completely separate, or one-way-feeling distance)",Radically different / alien social order,Translation-mediated communication (universal translator / communication tech makes language difference irrelevant),Benign / easily survivable,Normalized / widespread (space habitation is ordinary for humanity),Multiple distinct space polities,Comedy / satire,Entirely civilian,Like the frontier / colonial expansion,Very different (human bodies/technology constantly challenged),"Slartibartfast takes Arthur through underground Magrathea, showing him the planet-construction factory floor. The chapter is exposition and wonder, with no conflict.","Magrathea built custom planets for the wealthiest civilizations in the galaxy. The factory floor shows multiple planets under construction, implying galaxy-wide demand.","Arthur is deep within a planet dormant for five million years, further from Earth than he can comprehend. The timescales and distances involved are immense.","Magratheans build entire planets in underground workshops. The factory floor features catalogues of climates, half-built worlds, and orbital trajectories. Planet engineering is a routine craft.",Arthur and Slartibartfast converse freely despite being from different species separated by millions of years. Universal translation is seamless.,The underground factory is spacious and well-lit. Slartibartfast guides Arthur safely through comfortable environments. No survival pressure exists.,Custom planet construction was once a major industry. The factory floor implies massive galactic demand for habitable worlds. Space civilization is deeply established.,Many wealthy civilizations commissioned planets from Magrathea. Each client civilization represents a distinct polity within the broader galactic economy.,The concept of a planet-construction workshop is absurdist satire. Slartibartfast's pride in his fjord work and Arthur's bewilderment provide ongoing comedy.,Planet construction is a commercial enterprise. Slartibartfast is a craftsman. No military elements appear.,The planet-building factory evokes colonial world-building on a cosmic scale: constructing new territories to order for wealthy civilizations to inhabit.,"Arthur witnesses planets being built underground, with artificial suns, simulated skies, and constructed ecosystems. The physical environment is engineered rather than natural."
US,The Hitchhiker's Guide to the Galaxy Omnibus_ A Trilogy of Five (Part 1 up to chapter 26),Part 1 Chapter 25,No contestation,Extensive territorial occupation (many settled worlds/regions held like states or empires),"Extreme / effectively unreachable (generational, completely separate, or one-way-feeling distance)",Radically different / alien social order,Translation-mediated communication (universal translator / communication tech makes language difference irrelevant),Other / Unsure,Normalized / widespread (space habitation is ordinary for humanity),Multiple distinct space polities,Comedy / satire,Entirely civilian,Like cyberspace / networked or abstract domain,Other / Unsure,The chapter is a historical flashback showing Deep Thought being asked the Ultimate Question. The programmers and philosophers argue but the tone is comedic rather than conflictual.,The pan-dimensional beings who built Deep Thought operate across multiple dimensions and worlds. The computer's influence spans the galaxy.,Deep Thought takes 7.5 million years to compute the Answer. The timescales involved transcend any normal concept of distance or journey.,Pan-dimensional beings built the greatest computer ever. Philosophers form unions to protect against computers answering questions. Deep Thought designs its own successor: the planet Earth.,The recorded holographic scene shows ancient beings communicating freely. Arthur watches and understands across millions of years through Magrathean display technology.,The chapter is a historical recording. No current environmental conditions are relevant to the characters.,The civilization that built Deep Thought is advanced enough to build galaxy-spanning computers. Space civilization is deeply established over millions of years.,"The pan-dimensional beings, the philosophers' union, and the computer programmers represent distinct factions within galactic civilization.","The Answer to Life, the Universe, and Everything is 42. Philosophers threaten to go on strike because the computer makes them obsolete. Deep Thought is magnificently sarcastic.","The chapter features philosophers, programmers, and a computer. No military elements appear.",Deep Thought is a massive networked computer that spans civilization. The Earth itself is revealed to be a computer. Space is characterized through computation and information processing.,The chapter is a historical holographic recording. No physical space environments are directly experienced.
US,The Hitchhiker's Guide to the Galaxy Omnibus_ A Trilogy of Five (Part 1 up to chapter 26),Part 1 Chapter 26,"Low contestation (minor competition, little open conflict)",Extensive territorial occupation (many settled worlds/regions held like states or empires),"Extreme / effectively unreachable (generational, completely separate, or one-way-feeling distance)",Radically different / alien social order,Translation-mediated communication (universal translator / communication tech makes language difference irrelevant),Benign / easily survivable,Normalized / widespread (space habitation is ordinary for humanity),Multiple distinct space polities,Comedy / satire,Entirely civilian,Like the frontier / colonial expansion,Very different (human bodies/technology constantly challenged),Slartibartfast reveals Earth Mark Two is being built because the Vogons destroyed the original. Arthur is distressed. The conflict is emotional rather than physical.,Magrathea is rebuilding Earth as a commissioned project. The factory floor shows multiple planets under construction for galactic clients.,Arthur is shown a replica of Earth being constructed deep inside an alien planet. His real Earth is permanently destroyed. The separation is absolute.,Earth was a computer designed by mice. Its replacement is being commercially manufactured. Slartibartfast won an award for Norway's fjords. Planet design is a craft with awards ceremonies.,Arthur and Slartibartfast continue to communicate seamlessly despite being utterly different species from different eras.,The underground factory and Africa-under-construction are comfortable environments. No survival pressure exists.,Planet construction is routine enough to have awards ceremonies. Replacing a destroyed planet is treated as a commercial commission rather than a catastrophe.,The mice (pan-dimensional beings) commissioned Earth's construction. Magrathea is the builder. The Vogons destroyed the original. Multiple entities with different interests.,Slartibartfast won an award for Norway's fjords. The idea of rebuilding Earth as a commercial product is absurdist. Arthur's emotional reaction to seeing Africa being built is played for pathos and comedy.,Planet construction is a civilian commercial enterprise. All characters are civilians: a craftsman and a bewildered Earthman.,Building new planets to order mirrors colonial expansion: constructing new territories for habitation. The factory floor is cosmic manifest destiny.,Arthur walks through a half-constructed replica of Earth deep inside another planet. The experience of seeing his homeworld under construction is physically and psychologically disorienting.
US,The Hitchhiker's Guide to the Galaxy Omnibus_ A Trilogy of Five (Part 1 up to chapter 26),Part 1 Chapter 27,Moderate contestation (ongoing rivalry/disputes),Extensive territorial occupation (many settled worlds/regions held like states or empires),"Extreme / effectively unreachable (generational, completely separate, or one-way-feeling distance)",Radically different / alien social order,Translation-mediated communication (universal translator / communication tech makes language difference irrelevant),Benign / easily survivable,Normalized / widespread (space habitation is ordinary for humanity),Multiple distinct space polities,Comedy / satire,Entirely civilian,Like cyberspace / networked or abstract domain,Somewhat different (manageable environmental differences),"Ford, Trillian, and Zaphod wake up after being gassed. They discover they are in a luxurious room arranged by the mice, who have an agenda regarding Arthur's brain.",The mice (pan-dimensional beings) operate across multiple dimensions. Magrathea's revived civilization implies extensive galactic networks of settlement and commerce.,The characters are deep underground on a planet that has been dormant for five million years. The scale of time and distance from any familiar world is extreme.,The mice are actually pan-dimensional beings who project into our dimension as mice. They commissioned Earth as a computer. Their social order transcends three-dimensional reality.,The mice communicate with humans in English despite being pan-dimensional beings. Cross-dimensional and cross-species communication is seamless.,The characters wake up in a luxuriously appointed room with comfortable furnishings. The physical environment is pleasant despite the sinister agenda.,Pan-dimensional beings casually operate in our universe. Magrathea's civilization revives as though waking from a nap. Galactic civilization is thoroughly routine.,The mice represent pan-dimensional interests. Magrathea is an independent commercial entity. The broader Galactic civilization consists of multiple distinct polities.,The luxury room includes a catalog of planets and an Encyclopaedia Galactica. The mice's grand cosmic scheme is revealed through casual conversation over canapés.,"The mice are researchers, not military. Magrathea is a commercial enterprise. All interactions are civilian.",Earth is revealed as a computer processing a question. The mice are pan-dimensional beings. Space is characterized through computational and dimensional abstractions.,The interior of Magrathea is comfortable with manufactured environments. The physical conditions are Earth-like in the furnished room.
US,The Hitchhiker's Guide to the Galaxy Omnibus_ A Trilogy of Five (Part 1 up to chapter 26),Part 1 Chapter 28,High contestation (frequent conflict or strategic struggle),Extensive territorial occupation (many settled worlds/regions held like states or empires),"Extreme / effectively unreachable (generational, completely separate, or one-way-feeling distance)",Radically different / alien social order,Translation-mediated communication (universal translator / communication tech makes language difference irrelevant),Manageable but risky,Normalized / widespread (space habitation is ordinary for humanity),Multiple distinct space polities,Comedy / satire,Entirely civilian,Like cyberspace / networked or abstract domain,Somewhat different (manageable environmental differences),"The mice (Frankie and Benjy) reveal they want Arthur's brain, which may contain the Question. They offer to buy it, then decide to take it by force when he resists.",The mice commissioned Earth's construction ten million years ago across pan-dimensional space. Their operations span dimensions and galaxies.,Earth was a ten-million-year computer program. The mice operate across dimensions. The scale of the enterprise transcends normal concepts of distance.,"Pan-dimensional hyper-intelligent mice treat a human brain as a computational readout device. They casually discuss buying, dicing, and extracting Arthur's brain for data retrieval.",The mice (pan-dimensional beings appearing as white mice) communicate fluently in English with the human characters through translation technology.,"Arthur faces the threat of having his brain removed by mice, but the immediate environment is physically comfortable. The danger is from other beings, not conditions.",Pan-dimensional beings casually discuss million-year computer programs and brain extraction as routine business. The scale of galactic civilization is immense and normalized.,The mice represent pan-dimensional interests distinct from Magrathea (their contractor) and the broader Galactic civilization.,The mice suggest making up the Question for talk shows rather than finding the real one. They propose 'What's yellow and dangerous?' as a candidate. The chapter satirizes media and research culture.,"The mice are researchers and media figures, not military. The confrontation over Arthur's brain is commercial and scientific, not militaristic.","Earth as a computer, brains as data storage, and pan-dimensional beings as users characterize space as an information-processing domain.",The environment within Magrathea is manufactured and comfortable. The physical differences are manageable.
US,The Hitchhiker's Guide to the Galaxy Omnibus_ A Trilogy of Five (Part 1 up to chapter 26),Part 1 Chapter 29,High contestation (frequent conflict or strategic struggle),Extensive territorial occupation (many settled worlds/regions held like states or empires),"Extreme / effectively unreachable (generational, completely separate, or one-way-feeling distance)",Radically different / alien social order,Translation-mediated communication (universal translator / communication tech makes language difference irrelevant),Manageable but risky,Normalized / widespread (space habitation is ordinary for humanity),Multiple distinct space polities,Comedy / satire,Mostly civilian with some military presence,Like cyberspace / networked or abstract domain,Somewhat different (manageable environmental differences),Arthur physically fights the mice who are trying to extract his brain. Alarms blare. The conflict escalates from negotiation to violent confrontation.,The alarms indicate a broader security infrastructure. Magrathea's ancient civilization with its planet-building factories implies extensive galactic influence.,"Arthur is deep underground on an ancient alien planet, fighting for his brain. He is infinitely far from any familiar world.",Mice attempting to surgically extract a human brain for computational data retrieval represents a fundamentally alien value system and social order.,Communication between humans and pan-dimensional mice continues seamlessly during the confrontation.,Arthur faces brain extraction but manages to fight back. The physical environment itself is not dangerous; the threat comes from the mice.,The alarm systems and security infrastructure imply a normalized galactic civilization with routine security protocols.,"The mice, Magrathea, and the arriving galactic police represent distinct political entities with different agendas.",Arthur smashes a glass bowl over a mouse to defend his brain. The mice's academic approach to brain extraction is absurdly polite. Alarms interrupt at a comedically convenient moment.,"The mice are civilian researchers, but alarms indicate the arrival of galactic police, introducing a quasi-military security element.",The conflict centers on a brain as a data storage device. The entire scenario frames biology as computation in a networked universe.,The underground chamber is comfortable. The physical environment poses no challenge; the threat is from sentient beings.
US,The Hitchhiker's Guide to the Galaxy Omnibus_ A Trilogy of Five (Part 1 up to chapter 26),Part 1 Chapter 30,High contestation (frequent conflict or strategic struggle),Extensive territorial occupation (many settled worlds/regions held like states or empires),"Extreme / effectively unreachable (generational, completely separate, or one-way-feeling distance)",Radically different / alien social order,Translation-mediated communication (universal translator / communication tech makes language difference irrelevant),Extremely hostile (constant survival pressure),Normalized / widespread (space habitation is ordinary for humanity),Multiple distinct space polities,Comedy / satire,Mixed civilian-military domain,Totally unique domain,Somewhat different (manageable environmental differences),"Galactic police arrive and attack the group. Shooty and Bang Bang fire at Ford, Zaphod, Trillian, and Arthur. The situation becomes a violent confrontation.",Galactic police operate across the galaxy with authority to pursue fugitives to remote planets like Magrathea. This implies extensive territorial jurisdiction.,The galactic police tracked Zaphod across the galaxy to Magrathea. The distances involved are enormous.,Galactic police officers named Shooty and Bang Bang enforce law across the galaxy. The legal system spans millions of worlds with its own enforcement culture.,The police communicate with the fugitives seamlessly despite likely being from different species and worlds.,The police are actively shooting at the group. Bullets and energy weapons create constant lethal danger. The characters must fight for survival.,Galactic police pursuing criminals across the galaxy is treated as routine law enforcement. Space civilization's infrastructure extends to policing.,The galactic police represent centralized law enforcement. Magrathea is a separate jurisdiction. The mice have their own agenda. Multiple entities with competing interests.,The police are named Shooty and Bang Bang. They enjoy shooting things. The bureaucratic arrest of a galactic president on an ancient planet is played for absurdist comedy.,The galactic police use military-grade weapons and tactics. The civilians are caught in a firefight. Both military-style law enforcement and civilian characters coexist.,Police chasing a fugitive president through an ancient planet-building factory is unique to this universe. No traditional domain analogy applies.,The firefight takes place inside Magrathea's constructed environment. The physical conditions are Earth-like despite being underground on an alien planet.
US,The Hitchhiker's Guide to the Galaxy Omnibus_ A Trilogy of Five (Part 1 up to chapter 26),Part 1 Chapter 31,High contestation (frequent conflict or strategic struggle),Extensive territorial occupation (many settled worlds/regions held like states or empires),"Extreme / effectively unreachable (generational, completely separate, or one-way-feeling distance)",Radically different / alien social order,Translation-mediated communication (universal translator / communication tech makes language difference irrelevant),Extremely hostile (constant survival pressure),Normalized / widespread (space habitation is ordinary for humanity),Multiple distinct space polities,Comedy / satire,Mixed civilian-military domain,Totally unique domain,Somewhat different (manageable environmental differences),The firefight with galactic police continues. The group is pinned down and under sustained attack. Zaphod and the others try to find an escape route.,The galactic police force's ability to track and engage fugitives on ancient remote planets demonstrates extensive territorial control and infrastructure.,"The firefight takes place deep within Magrathea, an ancient planet far from any inhabited world. The characters are profoundly isolated.",Galactic police pursue a fugitive president through a five-million-year-old planet factory. The scale and absurdity of the situation is thoroughly alien.,Police and fugitives communicate seamlessly during the confrontation despite likely being from different species.,The group is under active fire from galactic police. The danger is immediate and lethal. They must find escape or face capture or death.,Law enforcement operating across the galaxy with ships and weapons is treated as routine. The infrastructure of galactic policing is normalized.,"The galactic police, Magrathea's ancient systems, and Zaphod's fugitive status represent different political entities and jurisdictions.","Even during a firefight, the comedy continues: the police ship's computer has existential crises, and the situation is absurdly escalated from a stolen ship.",The police operate with military tactics and weapons against civilians. The firefight blends law enforcement and military action.,A firefight inside an ancient planet-construction facility between galactic police and a fugitive president with an improbability drive is uniquely absurd.,"The underground environment is constructed and roughly Earth-like. The physical challenge is from combat, not environmental conditions."
US,The Hitchhiker's Guide to the Galaxy Omnibus_ A Trilogy of Five (Part 1 up to chapter 26),Part 1 Chapter 32,High contestation (frequent conflict or strategic struggle),Extensive territorial occupation (many settled worlds/regions held like states or empires),"Extreme / effectively unreachable (generational, completely separate, or one-way-feeling distance)",Radically different / alien social order,Translation-mediated communication (universal translator / communication tech makes language difference irrelevant),Extremely hostile (constant survival pressure),Normalized / widespread (space habitation is ordinary for humanity),Multiple distinct space polities,Comedy / satire,Mixed civilian-military domain,Like cyberspace / networked or abstract domain,Somewhat different (manageable environmental differences),The standoff with galactic police intensifies. The group is trapped and seemingly doomed. The police ship's computer engages with the Heart of Gold's computer.,The galactic police force's sophisticated ship and computer systems demonstrate the extensive technological infrastructure of galactic civilization.,The confrontation occurs deep within Magrathea. The characters remain profoundly distant from any familiar world.,Ship computers engage in philosophical discussions about life and existence. The police computer has an existential crisis when confronted with deeper questions.,"Humans, aliens, and computers all communicate seamlessly. The police computer and Heart of Gold computer interact across systems.",The group faces imminent capture or death from armed galactic police. The situation appears hopeless.,Police ships with AI computers pursuing fugitives is treated as routine galactic law enforcement.,"The galactic police represent centralized authority, while Zaphod's theft represents individual defiance against that authority.",The police computer's philosophical crisis is absurdist comedy. The tension is undercut by Marvin's intervention and the computer's existential breakdown.,Armed police with military-grade equipment confront civilians. The domain is mixed between law enforcement and civilian resistance.,The resolution involves computer-to-computer communication and philosophical manipulation of AI systems. The conflict is resolved in the digital domain.,"The underground environment continues to be physically manageable. The danger is from combatants, not environmental conditions."
US,The Hitchhiker's Guide to the Galaxy Omnibus_ A Trilogy of Five (Part 1 up to chapter 26),Part 1 Chapter 33,High contestation (frequent conflict or strategic struggle),Extensive territorial occupation (many settled worlds/regions held like states or empires),"Extreme / effectively unreachable (generational, completely separate, or one-way-feeling distance)",Radically different / alien social order,Translation-mediated communication (universal translator / communication tech makes language difference irrelevant),Extremely hostile (constant survival pressure),Normalized / widespread (space habitation is ordinary for humanity),Multiple distinct space polities,Comedy / satire,Mixed civilian-military domain,Like cyberspace / networked or abstract domain,Somewhat different (manageable environmental differences),"The police confrontation reaches its climax. Marvin has been talking to the police ship's computer, which has been convinced to have a breakdown.",The galactic police force's resources and reach continue to demonstrate extensive territorial control across the galaxy.,"The characters remain on Magrathea, far from any inhabited civilization. The galactic police traversed enormous distances to reach them.",A depressed robot talks a police ship's computer into committing suicide by sharing its view of the universe. AI psychological manipulation resolves a military confrontation.,"Marvin communicates with the police computer, humans communicate with Marvin, and all parties understand each other seamlessly.",The police are actively attacking. Only Marvin's unintentional intervention saves the group from capture or death.,AI-equipped police ships and sentient robots are treated as normal elements of galactic civilization.,"The galactic police, the Heart of Gold crew, and Magrathea's ancient systems represent distinct entities.",Marvin saves everyone by being so depressing that the police computer commits suicide. The resolution is the ultimate absurdist comedy: depression as a weapon.,"The police attack with military force, but the resolution is entirely through civilian means: a depressed robot talking to a computer.","The confrontation is resolved through AI-to-AI communication. Marvin's depression is transmitted digitally to the police computer, which then crashes.",The physical environment remains manageable. The crisis is resolved through technological and psychological means.
US,The Hitchhiker's Guide to the Galaxy Omnibus_ A Trilogy of Five (Part 1 up to chapter 26),Part 1 Chapter 34,"Low contestation (minor competition, little open conflict)",Extensive territorial occupation (many settled worlds/regions held like states or empires),"Extreme / effectively unreachable (generational, completely separate, or one-way-feeling distance)",Radically different / alien social order,Translation-mediated communication (universal translator / communication tech makes language difference irrelevant),Benign / easily survivable,Normalized / widespread (space habitation is ordinary for humanity),Multiple distinct space polities,Comedy / satire,Entirely civilian,Totally unique domain,Somewhat different (manageable environmental differences),The police threat has been neutralized. The group returns to the Heart of Gold. The tension has resolved and the chapter is a denouement.,The Heart of Gold prepares to leave Magrathea for another destination. The galaxy of settled worlds awaits them.,The crew is leaving Magrathea for destinations across the galaxy. Earth is permanently destroyed. The distances remain extreme.,"A robot's depression caused a police computer to commit suicide, saving the crew. This casual acceptance of AI sentience and psychology is alien to Earth norms.",All characters continue to communicate seamlessly as they regroup and plan their next destination.,The danger has passed. The crew is safely aboard the Heart of Gold in comfortable conditions.,Departing a planet and choosing a new destination across the galaxy is treated as routine space travel.,"The galactic police, destroyed Magrathea, and the broader galaxy of destinations represent multiple political entities.","The aftermath is played for comedy: Marvin is unaware he saved everyone, the crew casually moves on from nearly dying. The resolution is anticlimactic by design.","With the police threat gone, the chapter returns to entirely civilian concerns: choosing a destination and dealing with personalities.",Space is characterized as a place where one casually chooses galactic destinations after narrowly escaping death by depressed robot.,The Heart of Gold is comfortable. The characters face no physical environmental challenges.
US,The Hitchhiker's Guide to the Galaxy Omnibus_ A Trilogy of Five (Part 1 up to chapter 26),Part 1 Chapter 35,No contestation,Extensive territorial occupation (many settled worlds/regions held like states or empires),"Extreme / effectively unreachable (generational, completely separate, or one-way-feeling distance)",Radically different / alien social order,Translation-mediated communication (universal translator / communication tech makes language difference irrelevant),Benign / easily survivable,Normalized / widespread (space habitation is ordinary for humanity),Multiple distinct space polities,Comedy / satire,Entirely civilian,Totally unique domain,Somewhat different (manageable environmental differences),The crew leaves Magrathea and heads toward the Restaurant at the End of the Universe. The chapter is a peaceful conclusion with no conflict.,The crew can choose from countless destinations across the galaxy. The Restaurant at the End of the Universe awaits them. Galactic civilization is vast.,The Heart of Gold departs across the galaxy toward a restaurant at the literal end of the universe. The distances are cosmological.,A restaurant exists at the end of the universe. The crew casually travels across the galaxy in a stolen government ship. Social norms are thoroughly alien.,"All characters communicate freely as they discuss their next destination, regardless of species origin.",The Heart of Gold is comfortable and safe. The crew faces no survival challenges as they depart Magrathea.,Traveling across the galaxy to a restaurant is treated as a casual outing. Space travel is completely normalized.,The galaxy of destinations implies multiple civilizations and political entities. The Restaurant at the End of the Universe serves patrons from across time and space.,The book ends with the crew heading to dinner at the end of the universe. The cosmic scale is treated with casual absurdity.,The crew is heading to a restaurant. The chapter is entirely civilian in nature.,Space is characterized as a place where you can have dinner at the end of the universe. The domain is uniquely absurd.,The Heart of Gold provides a comfortable environment. No physical challenges are present as the crew departs.
US,The Hitchhiker's Guide to the Galaxy Omnibus_ A Trilogy of Five (Part 1 up to chapter 26),Part 2 Chapter 1,Moderate contestation (ongoing rivalry/disputes),Extensive territorial occupation (many settled worlds/regions held like states or empires),"Extreme / effectively unreachable (generational, completely separate, or one-way-feeling distance)",Radically different / alien social order,Translation-mediated communication (universal translator / communication tech makes language difference irrelevant),Other / Unsure,Normalized / widespread (space habitation is ordinary for humanity),Multiple distinct space polities,Comedy / satire,Entirely civilian,Totally unique domain,Other / Unsure,"The recap establishes ongoing conflicts: the Vogon destruction of Earth, Zaphod as a fugitive, and the search for the Question. The universe was created against popular opinion.","The Jatravartids of Viltvodle Six, pan-dimensional beings, and many races across the galaxy are mentioned. Earth was one of countless inhabited worlds.",Earth was destroyed by Vogons. The crew is scattered across the galaxy. Zaphod is heading for a total perspective vortex. The distances are cosmological.,The Jatravartids believe the universe was sneezed from a being's nose. They have fifty arms each and invented deodorant before the wheel. Pan-dimensional mice built Earth as a computer.,The Babel fish framework continues. Multiple alien species and their beliefs are described without language barriers.,The chapter is a recap/prologue with no direct depiction of environmental conditions.,Countless alien races and civilizations are mentioned casually. Space habitation across the galaxy is entirely routine.,"Viltvodle Six, the Vogon bureaucracy, Earth's commissioners (pan-dimensional beings), and the Galactic Government represent distinct polities.",The creation of the universe is described as widely regarded as a bad move. The Jatravartids invented deodorant before the wheel. The tone is pure satirical comedy.,"The recap describes scientific, religious, and bureaucratic activities. No military elements appear.","The universe as something sneezed from a nose, or as a computer output, characterizes space as utterly unique and absurd.",No physical environments are directly described. The chapter is expository recap.
US,The Hitchhiker's Guide to the Galaxy Omnibus_ A Trilogy of Five (Part 1 up to chapter 26),Part 2 Chapter 2,Moderate contestation (ongoing rivalry/disputes),Extensive territorial occupation (many settled worlds/regions held like states or empires),"Extreme / effectively unreachable (generational, completely separate, or one-way-feeling distance)",Radically different / alien social order,Translation-mediated communication (universal translator / communication tech makes language difference irrelevant),Harsh and resource-intensive,Normalized / widespread (space habitation is ordinary for humanity),Multiple distinct space polities,Comedy / satire,Mostly civilian with some military presence,Totally unique domain,Somewhat different (manageable environmental differences),Zaphod arrives at the Hitchhiker's Guide editorial offices seeking Zarniwoop. He encounters bureaucratic resistance and a hostile receptionist. Frogstar fighters attack.,The Hitchhiker's Guide has editorial offices on Ursa Minor Beta. The Frogstar has its own military fighters. Multiple settled worlds and organizations are referenced.,"Zaphod travels to Ursa Minor Beta, far from Magrathea and the crew. The galaxy spans enormous distances between these locations.",The Hitchhiker's Guide offices are a publishing empire. Frogstar fighters attack for unknown reasons. The editorial bureaucracy mirrors corporate culture but in an alien setting.,Zaphod communicates with office staff and encounters beings from various worlds without language barriers.,Frogstar fighters attack the building. Zaphod faces physical danger from the assault while navigating hostile bureaucracy.,"Publishing offices, editorial staff, and interstellar attackers are all treated as routine elements of galactic life.","The Hitchhiker's Guide publishing company, Frogstar World, and the broader galactic civilization represent distinct entities.",The Hitchhiker's Guide editorial offices satirize corporate publishing culture. The receptionist is passive-aggressive. Frogstar fighters attack during mundane office interactions.,"The Guide offices are civilian, but Frogstar fighters represent a military threat. The scene blends corporate normalcy with military attack.",Publishing offices under military attack on an alien world characterize space as a uniquely absurd domain.,Ursa Minor Beta is described as having standard urban infrastructure. The environment is manageable though different from Earth.
US,The Hitchhiker's Guide to the Galaxy Omnibus_ A Trilogy of Five (Part 1 up to chapter 26),Part 2 Chapter 3,Moderate contestation (ongoing rivalry/disputes),Extensive territorial occupation (many settled worlds/regions held like states or empires),"Extreme / effectively unreachable (generational, completely separate, or one-way-feeling distance)",Radically different / alien social order,Translation-mediated communication (universal translator / communication tech makes language difference irrelevant),Harsh and resource-intensive,Normalized / widespread (space habitation is ordinary for humanity),Multiple distinct space polities,Comedy / satire,Entirely civilian,Totally unique domain,Very different (human bodies/technology constantly challenged),"Zaphod is kidnapped and taken to Frogstar World B, where he is to be put into the Total Perspective Vortex as punishment. The Frogstar authorities are hostile.","Frogstar World B is a settled planet with its own government, prison systems, and the Total Perspective Vortex facility. Multiple settled worlds are implied.",Zaphod has been transported to Frogstar World B against his will. The planet is remote and he has no means of escape.,"The Total Perspective Vortex is a torture device that shows you your insignificance in the universe. Gargravarr, the custodian, is a disembodied mind whose body left him.",Zaphod and Gargravarr communicate seamlessly despite Gargravarr being a disembodied mind from an alien species.,"Frogstar World B is described as a blighted, desolate planet. Zaphod faces the Total Perspective Vortex, which has driven everyone who entered it insane.",Interplanetary kidnapping and exotic torture devices are treated as routine elements of galactic governance.,"Frogstar World's authorities, the Guide editorial board, and Zarniwoop's faction represent distinct political entities.",Gargravarr's body left him because of their arguments. The Total Perspective Vortex as the most horrific torture in the universe is absurdist. The concept of showing cosmic insignificance as punishment is satirical.,The Vortex is a civilian punishment device. Gargravarr is a civilian custodian. No military elements appear.,A device that shows you the entire universe and your insignificance within it characterizes space as a uniquely existential domain.,Frogstar World B is desolate and blighted. The Total Perspective Vortex challenges the human mind's ability to comprehend the scale of the universe.
US,The Hitchhiker's Guide to the Galaxy Omnibus_ A Trilogy of Five (Part 1 up to chapter 26),Part 2 Chapter 5,Moderate contestation (ongoing rivalry/disputes),Extensive territorial occupation (many settled worlds/regions held like states or empires),"Extreme / effectively unreachable (generational, completely separate, or one-way-feeling distance)",Radically different / alien social order,Translation-mediated communication (universal translator / communication tech makes language difference irrelevant),Harsh and resource-intensive,Normalized / widespread (space habitation is ordinary for humanity),Multiple distinct space polities,Comedy / satire,Entirely civilian,Totally unique domain,Radically non-Earth-like (physics/environment fundamentally unlike Earth experience),Zaphod continues to face the threat of the Total Perspective Vortex. Gargravarr explains that everyone who enters goes mad. The tension builds toward Zaphod's entry.,The Vortex reveals the entire universe and every particle within it. The galaxy is described as containing countless settled civilizations.,The Vortex shows the infinite expanse of creation. The distances involved are literally universal in scale.,Gargravarr is a disembodied mind serving as prison custodian. The concept of cosmic-scale existential punishment is thoroughly alien to Earth norms.,Zaphod and Gargravarr continue to communicate freely despite their vastly different natures.,The Total Perspective Vortex is described as the most terrifying thing in the universe. Frogstar World B remains a desolate wasteland.,The Vortex is a known galactic institution. Exotic punishment and existential technology are routine aspects of galactic civilization.,Frogstar World's authorities operate independently. The broader galactic civilizations that use the Vortex as punishment represent multiple polities.,The existential terror of cosmic insignificance is treated as a prison sentence. Gargravarr's relationship problems with his own body provide absurdist comedy.,The Vortex is a civilian punishment institution. No military elements appear.,The Total Perspective Vortex makes space a domain of existential terror where one's insignificance is weaponized. This is unique to the Hitchhiker's universe.,The Vortex reveals the entire fabric of the universe simultaneously. The experience fundamentally transcends any Earth-like physical environment.
US,The Hitchhiker's Guide to the Galaxy Omnibus_ A Trilogy of Five (Part 1 up to chapter 26),Part 2 Chapter 6,High contestation (frequent conflict or strategic struggle),Extensive territorial occupation (many settled worlds/regions held like states or empires),"Extreme / effectively unreachable (generational, completely separate, or one-way-feeling distance)",Radically different / alien social order,Translation-mediated communication (universal translator / communication tech makes language difference irrelevant),Extremely hostile (constant survival pressure),Normalized / widespread (space habitation is ordinary for humanity),Multiple distinct space polities,Comedy / satire,Entirely civilian,Totally unique domain,Radically non-Earth-like (physics/environment fundamentally unlike Earth experience),"Zaphod is forced into the Total Perspective Vortex, the universe's most terrifying device. The stakes are his sanity and life.",The Vortex displays the entire universe with all its inhabited regions. The galaxy's full extent of settlement is implied.,"The Vortex shows the infinite scale of the universe. Every point in creation is revealed simultaneously, demonstrating incomprehensible distance.",A device extrapolates the entire universe from a piece of fairy cake. Existential annihilation through cosmic perspective is considered appropriate punishment.,Communication continues seamlessly between Zaphod and his alien captors.,The Total Perspective Vortex has driven everyone who entered it insane. Zaphod faces the most terrifying device in the universe.,The Vortex is an established institution with a custodian. Cosmic-scale technology is part of normal galactic infrastructure.,"Frogstar authorities, Zarniwoop's conspiracy, and the broader galactic civilization represent distinct political entities.","The Total Perspective Vortex is powered by a piece of fairy cake. Zaphod emerges unscathed because the universe confirms he IS the most important thing in it, which is absurdist comedy.",The Vortex is a civilian institution. No military elements are involved in the scene.,Space is a domain where a device can show you the entire universe extrapolated from a piece of cake. Uniquely absurd.,The Vortex shows the entire structure of the universe from quantum to cosmic scale. This experience is fundamentally beyond any Earth physics.
US,The Hitchhiker's Guide to the Galaxy Omnibus_ A Trilogy of Five (Part 1 up to chapter 26),Part 2 Chapter 7,"Low contestation (minor competition, little open conflict)",Extensive territorial occupation (many settled worlds/regions held like states or empires),"Extreme / effectively unreachable (generational, completely separate, or one-way-feeling distance)",Radically different / alien social order,Translation-mediated communication (universal translator / communication tech makes language difference irrelevant),Manageable but risky,Normalized / widespread (space habitation is ordinary for humanity),Multiple distinct space polities,Comedy / satire,Entirely civilian,Totally unique domain,Radically non-Earth-like (physics/environment fundamentally unlike Earth experience),Zaphod has survived the Vortex and is bemused by the experience. He discovers he is the most important thing in the universe. Tension reduces as he processes this revelation.,"The universe Zaphod is in turns out to be artificial, but it still represents a galaxy full of settled worlds and civilizations.",Zaphod is in an artificial pocket universe. The concept of being in a separate universe entirely represents the most extreme form of distance.,Zaphod is in a manufactured universe contained within an office on a spaceship. Artificial universes are casual technology in this civilization.,Zaphod communicates normally within the artificial universe.,"Having survived the Vortex, Zaphod is in a relatively safe situation but still within a desolate artificial world.",Artificial pocket universes are treated as routine technology. The concept is presented casually without marvel.,Zarniwoop created the artificial universe. The real universe contains multiple competing polities and factions.,"Zaphod discovers he's the most important being in the universe, which is comedically consistent with his massive ego. The artificial universe reveal is played for absurdist humor.",No military elements. The chapter features civilian characters navigating existential technology.,A pocket universe inside an office makes space a domain where reality itself is manufactured and nested.,An artificial universe contained within an office represents physics fundamentally unlike Earth experience.
US,The Hitchhiker's Guide to the Galaxy Omnibus_ A Trilogy of Five (Part 1 up to chapter 26),Part 2 Chapter 8,"Low contestation (minor competition, little open conflict)",Extensive territorial occupation (many settled worlds/regions held like states or empires),"Extreme / effectively unreachable (generational, completely separate, or one-way-feeling distance)",Radically different / alien social order,Translation-mediated communication (universal translator / communication tech makes language difference irrelevant),Benign / easily survivable,Normalized / widespread (space habitation is ordinary for humanity),Multiple distinct space polities,Comedy / satire,Entirely civilian,Totally unique domain,Somewhat different (manageable environmental differences),Zaphod finds the Heart of Gold in the artificial universe and reactivates it. Minor confusion and argument but no serious conflict.,The Heart of Gold is a major galactic vessel. Its presence in the artificial universe connects to the broader galactic civilization.,"Zaphod is still in the artificial universe, separated from the real galaxy by dimensional barriers.",Finding a spaceship in a pocket universe and using it to escape is treated as a reasonable course of action in this civilization.,Zaphod interacts with the ship's computer Eddie seamlessly. Cross-technology communication is routine.,"The Heart of Gold provides a comfortable, safe environment. Zaphod faces no survival pressure once aboard.",Spaceships and their AI computers are routine technology. Finding and operating one is treated as ordinary.,The ship was stolen from the Galactic Government. Zarniwoop placed it in the artificial universe for his own purposes.,Zaphod casually steals the Heart of Gold again from within a pocket universe. Eddie the computer is annoyingly cheerful as always.,All characters and technology are civilian. No military elements appear.,Escaping a pocket universe in a stolen spaceship characterizes space as uniquely absurd.,The Heart of Gold interior is comfortable and Earth-like. No physical adaptation needed.
US,The Hitchhiker's Guide to the Galaxy Omnibus_ A Trilogy of Five (Part 1 up to chapter 26),Part 2 Chapter 9,"Low contestation (minor competition, little open conflict)",Extensive territorial occupation (many settled worlds/regions held like states or empires),"Extreme / effectively unreachable (generational, completely separate, or one-way-feeling distance)",Radically different / alien social order,Translation-mediated communication (universal translator / communication tech makes language difference irrelevant),Benign / easily survivable,Normalized / widespread (space habitation is ordinary for humanity),Multiple distinct space polities,Comedy / satire,Entirely civilian,Totally unique domain,Somewhat different (manageable environmental differences),Zaphod reunites with the crew. Zarniwoop appears. Tensions are interpersonal but not physically confrontational.,The Heart of Gold travels between worlds. Zarniwoop's plan involves galaxy-spanning operations.,The ship transitions between the artificial and real universes. The distances and dimensional barriers are extreme.,Zarniwoop has been working within an artificial universe in his office. Dimensional manipulation is casual technology for galactic elites.,All characters communicate seamlessly across species and dimensional boundaries.,The Heart of Gold is safe and comfortable. No environmental threats are present.,Artificial universes and interdimensional travel are treated as normal aspects of galactic technology.,"Zarniwoop's faction, the Galactic Government, and the independent crew represent distinct political interests.",Zaphod's casual attitude toward stealing ships and escaping pocket universes is played for comedy. Zarniwoop's elaborate schemes are absurdly overcomplicated.,All characters are civilians engaged in personal quests and interpersonal drama.,Interdimensional travel between pocket universes characterizes space as uniquely layered and absurd.,The ship interior is comfortable. No physical challenges from the environment.
US,The Hitchhiker's Guide to the Galaxy Omnibus_ A Trilogy of Five (Part 1 up to chapter 26),Part 2 Chapter 10,"Low contestation (minor competition, little open conflict)",Extensive territorial occupation (many settled worlds/regions held like states or empires),"Extreme / effectively unreachable (generational, completely separate, or one-way-feeling distance)",Radically different / alien social order,Translation-mediated communication (universal translator / communication tech makes language difference irrelevant),Benign / easily survivable,Normalized / widespread (space habitation is ordinary for humanity),"Highly fragmented political landscape (multipolar with many factions, corporations, colonies, microstates)",Comedy / satire,Entirely civilian,Totally unique domain,Somewhat different (manageable environmental differences),Zarniwoop explains his plan to find the man who rules the universe. Minor arguments among the crew but no active conflict.,The ruler of the universe is described as existing somewhere in the galaxy. The Galactic Government's structure is discussed.,"The ruler of the universe lives on a remote, isolated planet. Finding him requires crossing vast galactic distances.",The galaxy is secretly governed by a man who doesn't know or care that he rules it. This is the most alien political concept imaginable.,All characters communicate seamlessly. Zarniwoop explains complex galactic governance without language barriers.,The chapter takes place aboard the Heart of Gold in comfortable conditions.,Galaxy-spanning governance and interstellar quests are treated as routine. Space civilization is deeply established.,The revelation that the ruler of the universe is hidden and unknowing suggests a deeply fragmented political landscape where power is deliberately obscured.,The satire of government reaches its peak: the actual ruler of the universe doesn't know he rules it and lives alone on a rainy planet with a cat.,The discussion of governance is entirely civilian and political. No military elements appear.,A galaxy ruled by a man who doesn't know he's in charge characterizes the political domain as uniquely absurd.,The Heart of Gold interior remains comfortable. The ruler's planet is described as rainy but survivable.
US,The Hitchhiker's Guide to the Galaxy Omnibus_ A Trilogy of Five (Part 1 up to chapter 26),Part 2 Chapter 11,"Low contestation (minor competition, little open conflict)",Extensive territorial occupation (many settled worlds/regions held like states or empires),"Extreme / effectively unreachable (generational, completely separate, or one-way-feeling distance)",Radically different / alien social order,Translation-mediated communication (universal translator / communication tech makes language difference irrelevant),Manageable but risky,Normalized / widespread (space habitation is ordinary for humanity),"Highly fragmented political landscape (multipolar with many factions, corporations, colonies, microstates)",Comedy / satire,Entirely civilian,Totally unique domain,Somewhat different (manageable environmental differences),The crew visits the man who rules the universe. He lives alone with a cat on a rainy planet. The encounter is philosophical rather than confrontational.,"The ruler nominally governs the entire galaxy, though he's unaware of it. The galaxy's extensive settlement is implied through his role.",The ruler lives on a remote planet deliberately isolated from the rest of the galaxy. His separation is by design.,The ruler of the universe is a solipsistic hermit who doubts everything's existence except his cat. He makes galactic decisions without knowing or caring about their consequences.,Zarniwoop communicates with the ruler despite coming from vastly different contexts. The Babel fish framework enables seamless dialogue.,The ruler's planet is rainy and isolated but habitable. The conditions are uncomfortable but not dangerous.,Visiting the ruler of the universe requires routine space travel. The infrastructure to support galaxy-wide governance exists.,The ruler makes decisions he doesn't understand for a galaxy he doubts exists. Real power is diffused among unknown factions. The political landscape is maximally fragmented.,"The ruler of the universe is a hermit who talks to his cat and doubts reality. When asked about galactic policy, he discusses rain. The satire of governance is devastating.",A hermit with a cat making galactic decisions he doesn't understand. The chapter is entirely civilian.,A galaxy governed by an unwitting hermit characterizes the political domain as uniquely absurd and ungovernable.,The ruler's planet is rainy and grey but basically Earth-like. A small hut provides shelter. The conditions are manageable.
US,The Hitchhiker's Guide to the Galaxy Omnibus_ A Trilogy of Five (Part 1 up to chapter 26),Part 2 Chapter 12,Moderate contestation (ongoing rivalry/disputes),Extensive territorial occupation (many settled worlds/regions held like states or empires),"Extreme / effectively unreachable (generational, completely separate, or one-way-feeling distance)",Radically different / alien social order,Translation-mediated communication (universal translator / communication tech makes language difference irrelevant),Benign / easily survivable,Normalized / widespread (space habitation is ordinary for humanity),"Highly fragmented political landscape (multipolar with many factions, corporations, colonies, microstates)",Comedy / satire,Entirely civilian,Totally unique domain,Somewhat different (manageable environmental differences),Zarniwoop is left stranded on the ruler's planet after the crew abandons him. Zaphod takes control of the Heart of Gold and leaves. The power struggle resolves.,The Heart of Gold departs for new destinations across the galaxy. The extensive settlement of galactic civilization is implicit.,Zarniwoop is stranded on the remote ruler's planet. The crew departs across the galaxy. Distances remain extreme.,Abandoning a conspirator on the planet of the unwitting ruler of the universe is treated as a reasonable resolution to political intrigue.,Characters communicate freely during the departure sequence.,The Heart of Gold is safe and comfortable. Zarniwoop is left on a habitable if unpleasant planet.,Departing one planet for another across the galaxy is treated as routine space travel.,"Zarniwoop, Zaphod, the ruler, and the broader Galactic Government all represent competing factions with different agendas.",Zarniwoop's elaborate conspiracy ends with him being abandoned. The crew's casual departure satirizes the futility of political machination.,"All characters are civilians. The departure is a personal decision, not a military operation.",Abandoning a conspirator on the planet of an unknowing galactic ruler is uniquely absurd.,The environments depicted are habitable. The Heart of Gold is comfortable.
US,The Hitchhiker's Guide to the Galaxy Omnibus_ A Trilogy of Five (Part 1 up to chapter 26),Part 2 Chapter 13,"Low contestation (minor competition, little open conflict)",Extensive territorial occupation (many settled worlds/regions held like states or empires),"Extreme / effectively unreachable (generational, completely separate, or one-way-feeling distance)",Radically different / alien social order,Translation-mediated communication (universal translator / communication tech makes language difference irrelevant),Harsh and resource-intensive,Normalized / widespread (space habitation is ordinary for humanity),Multiple distinct space polities,Comedy / satire,Entirely civilian,Totally unique domain,Very different (human bodies/technology constantly challenged),The Heart of Gold reactivates and the crew reunites. Zaphod argues with the computer about where to go. A massive explosion rocks the ship when they try to leave Frogstar World B.,Frogstar World B and the broader galaxy of destinations are referenced. The crew can choose from countless settled worlds.,"The crew is on Frogstar World B, far from familiar territory. They seek the nearest place to eat across galactic distances.",Zarniwoop enters with a black eye and casually regards the four wisps of smoke the crew has become after an explosion. Casual near-death is routine in this society.,All characters communicate seamlessly. Eddie the computer chatters happily with the multi-species crew.,Frogstar World B is described as a dump. A massive explosion reduces the crew to wisps of smoke. The environment is hostile.,Searching for the nearest restaurant across the galaxy is treated as a normal activity. Space habitation is completely routine.,"Frogstar World, Zarniwoop's faction, and the broader galactic civilization represent distinct entities.",Zaphod's priority after nearly dying is finding food. The explosion reduces everyone to smoke. Zarniwoop casually surveys the damage with a black eye.,The crew is looking for a restaurant. All characters are civilians engaged in mundane activities despite extraordinary circumstances.,Searching for dinner across the galaxy after being reduced to wisps of smoke is uniquely absurd.,The crew is reduced to wisps of smoke by an explosion. The environment of Frogstar World B is described as a dump. Physical reality is constantly challenging.
US,The Hitchhiker's Guide to the Galaxy Omnibus_ A Trilogy of Five (Part 1 up to chapter 26),Part 2 Chapter 14,No contestation,Extensive territorial occupation (many settled worlds/regions held like states or empires),"Extreme / effectively unreachable (generational, completely separate, or one-way-feeling distance)",Radically different / alien social order,Translation-mediated communication (universal translator / communication tech makes language difference irrelevant),Benign / easily survivable,Normalized / widespread (space habitation is ordinary for humanity),Multiple distinct space polities,Comedy / satire,Entirely civilian,Totally unique domain,Radically non-Earth-like (physics/environment fundamentally unlike Earth experience),"The crew arrives at Milliways, the Restaurant at the End of the Universe. They are shown to their table and begin exploring the establishment. No conflict occurs.",Milliways serves patrons from across the galaxy and from different time periods. The restaurant's existence implies vast galactic civilization.,Milliways exists at the literal end of time. The crew has traveled forward to the end of the universe. The temporal distance is the most extreme possible.,A restaurant at the end of time where patrons dine while watching the universe end. Time travel is used for dinner reservations. The social norms are completely alien.,Patrons from across the galaxy and different time periods communicate seamlessly in the restaurant.,"Milliways is a comfortable, luxurious restaurant. The crew is safe and well-served. The end of the universe is entertainment, not a threat.",Dining at the end of the universe is a popular tourist activity. Time travel for restaurant reservations is routine. Space civilization is deeply normalized.,"Patrons from many different civilizations, time periods, and species dine together. Each represents a distinct political and cultural entity.",A restaurant at the end of the universe where the apocalypse is dinner entertainment is peak satirical comedy. The concept satirizes consumerism and tourism.,"Milliways is a civilian entertainment venue. All activities are dining, socializing, and watching the show.",Dining at the end of time while watching the universe die characterizes space as a uniquely entertaining and absurd domain.,The restaurant exists at the end of time with the universe collapsing outside the windows. The temporal and physical conditions are fundamentally beyond Earth experience.
US,The Hitchhiker's Guide to the Galaxy Omnibus_ A Trilogy of Five (Part 1 up to chapter 26),Part 2 Chapter 15,No contestation,Extensive territorial occupation (many settled worlds/regions held like states or empires),"Extreme / effectively unreachable (generational, completely separate, or one-way-feeling distance)",Radically different / alien social order,Translation-mediated communication (universal translator / communication tech makes language difference irrelevant),Benign / easily survivable,Normalized / widespread (space habitation is ordinary for humanity),Multiple distinct space polities,Comedy / satire,Entirely civilian,Totally unique domain,Radically non-Earth-like (physics/environment fundamentally unlike Earth experience),The crew settles in at Milliways. Max Quordlepleen hosts the evening. The atmosphere is festive entertainment with no conflict.,The restaurant serves a galactic clientele from many civilizations. The scope of galactic settlement is demonstrated by the diverse patrons.,The crew is at the end of time itself. The temporal distance from their origin is literally the maximum possible.,Max Quordlepleen entertains patrons watching the universe end. The meat dish introduces itself and recommends which part of itself to eat. Social norms are thoroughly alien.,The diverse alien patrons all understand Max's comedy routine and menu descriptions. Universal translation is seamless.,The restaurant is luxurious and comfortable. The end of the universe is safely behind glass. No survival pressure exists.,Time-traveling to a restaurant is treated as a normal outing. Galactic tourism is routine. Space civilization spans all of time.,The restaurant's clientele represents many civilizations from different eras and locations across the galaxy.,An animal that wants to be eaten introduces itself and recommends its own cuts of meat. Max Quordlepleen's stand-up routine is set against the apocalypse. The satire targets consumerism and entertainment.,"The chapter depicts dining, entertainment, and socializing. Entirely civilian activities.","Dining while the universe ends, with a self-recommending menu item, characterizes space as uniquely absurd.",The universe is ending outside the restaurant windows. Stars are collapsing. The physical environment is the apocalypse experienced as dinner theater.
US,The Hitchhiker's Guide to the Galaxy Omnibus_ A Trilogy of Five (Part 1 up to chapter 26),Part 2 Chapter 16,No contestation,Extensive territorial occupation (many settled worlds/regions held like states or empires),"Extreme / effectively unreachable (generational, completely separate, or one-way-feeling distance)",Radically different / alien social order,Translation-mediated communication (universal translator / communication tech makes language difference irrelevant),Benign / easily survivable,Normalized / widespread (space habitation is ordinary for humanity),Multiple distinct space polities,Comedy / satire,Entirely civilian,Totally unique domain,Radically non-Earth-like (physics/environment fundamentally unlike Earth experience),The crew continues dining at Milliways. The show progresses with the universe collapsing outside. The chapter is pure spectacle and social interaction.,The restaurant's existence at the end of time implies the full scope of galactic civilization that preceded it.,The crew watches the universe end from the far future. The temporal and spatial distance from their origin is absolute.,Watching the apocalypse as entertainment while dining is a social norm. The universe's destruction is a show to be enjoyed over drinks.,Multi-species communication at the restaurant continues seamlessly.,The restaurant is safe and comfortable despite the universe ending outside. The apocalypse is contained as entertainment.,End-of-universe tourism is a popular activity. The infrastructure to support time-traveling diners is fully established.,Diverse civilizations from across time and space are represented among the restaurant's patrons.,The universe ends as dinner entertainment. The spectacle is narrated like a sporting event. The satire of consumer entertainment culture is sharp.,Pure entertainment and dining. No military elements whatsoever.,The end of the universe as a tourist attraction makes space a uniquely absurd entertainment domain.,"The universe is collapsing outside the windows. Stars die, galaxies dissolve. The physical environment is the death of all existence."
US,The Hitchhiker's Guide to the Galaxy Omnibus_ A Trilogy of Five (Part 1 up to chapter 26),Part 2 Chapter 17,No contestation,Extensive territorial occupation (many settled worlds/regions held like states or empires),"Extreme / effectively unreachable (generational, completely separate, or one-way-feeling distance)",Radically different / alien social order,Translation-mediated communication (universal translator / communication tech makes language difference irrelevant),Benign / easily survivable,Normalized / widespread (space habitation is ordinary for humanity),Multiple distinct space polities,Comedy / satire,Entirely civilian,Totally unique domain,Radically non-Earth-like (physics/environment fundamentally unlike Earth experience),The floor show continues at Milliways. The crew watches the universe end. Conversation and dining continue without conflict.,"The restaurant exists as the ultimate expression of galactic civilization, serving patrons from across all of time and space.","The crew is at the end of all time, the most extreme temporal distance possible from their origin.",The end of the universe is a floor show. Patrons toast each other as reality dissolves. This social behavior is utterly alien to Earth norms.,Communication remains seamless among the diverse patrons and crew.,The restaurant protects patrons from the apocalypse. The environment is luxurious and safe.,Time travel to watch the universe end is normalized tourism. Galactic civilization is so established that its end is entertainment.,Multiple civilizations from across time are represented at the restaurant.,The chapter continues the satirical treatment of the apocalypse as entertainment. Cosmic destruction as dinner theater is the ultimate dark comedy.,Dining and entertainment. Entirely civilian.,The end of all existence as a tourist attraction is unique to the Hitchhiker's universe.,The universe is ending. All physical laws are breaking down outside the restaurant. The environment is the cessation of existence itself.
US,The Hitchhiker's Guide to the Galaxy Omnibus_ A Trilogy of Five (Part 1 up to chapter 26),Part 2 Chapter 18,"Low contestation (minor competition, little open conflict)",Extensive territorial occupation (many settled worlds/regions held like states or empires),"Extreme / effectively unreachable (generational, completely separate, or one-way-feeling distance)",Radically different / alien social order,Translation-mediated communication (universal translator / communication tech makes language difference irrelevant),Benign / easily survivable,Normalized / widespread (space habitation is ordinary for humanity),Multiple distinct space polities,Comedy / satire,Entirely civilian,Totally unique domain,Somewhat different (manageable environmental differences),The crew discusses how to leave Milliways. Zaphod discovers a fabulous spaceship in the parking lot and decides to steal it. Minor interpersonal friction.,The restaurant's parking lot contains ships from across the galaxy. The diversity of spacecraft implies extensive galactic civilization.,They need to travel back through time from the end of the universe to their own era. The temporal distance is absolute.,Stealing spaceships from restaurant parking lots at the end of the universe is treated as a reasonable exit strategy.,Characters communicate freely as they plan their departure.,The parking lot and ship are safe environments. No survival pressure.,A parking lot full of spaceships at a restaurant demonstrates how normalized space travel is.,"Ships from many civilizations are parked at Milliways, representing diverse polities.",Zaphod's instinct is to steal the flashiest ship in the lot. The concept of a restaurant parking lot at the end of time is absurdist comedy.,Parking lots and restaurant departures. Entirely civilian.,A parking lot at the end of the universe with ships from across time characterizes space as uniquely absurd.,The parking lot and stolen ship are comfortable environments requiring no adaptation.
US,The Hitchhiker's Guide to the Galaxy Omnibus_ A Trilogy of Five (Part 1 up to chapter 26),Part 2 Chapter 19,Moderate contestation (ongoing rivalry/disputes),Extensive territorial occupation (many settled worlds/regions held like states or empires),"Extreme / effectively unreachable (generational, completely separate, or one-way-feeling distance)",Radically different / alien social order,Translation-mediated communication (universal translator / communication tech makes language difference irrelevant),Extremely hostile (constant survival pressure),Normalized / widespread (space habitation is ordinary for humanity),Multiple distinct space polities,Comedy / satire,Entirely civilian,Totally unique domain,Very different (human bodies/technology constantly challenged),The crew discovers they have stolen a stunt ship programmed to dive into a star as part of a rock concert finale. They cannot override the controls. The situation becomes desperate.,The ship belongs to a rock band performing galactic stadium concerts. The entertainment industry spans the galaxy.,The ship is hurtling toward a star with no way to stop. The crew has traveled from the end of the universe to a galactic rock concert.,A rock band's stunt ship is programmed to dive into a star for a concert finale. The galaxy has rock concerts so extravagant they destroy spaceships.,The crew communicates freely as they try to escape their predicament.,The ship is programmed to crash into a star. The crew cannot override the autopilot. They face incineration.,Galactic rock concerts with stunt ships that dive into stars are treated as normal entertainment. The scale of galactic entertainment is enormous.,"The rock band, the concert venue, and the broader entertainment industry represent distinct entities within galactic civilization.",The crew accidentally steals a suicidal stunt ship. The absurdity of dying as part of a rock concert finale they're not even attending is peak satirical comedy.,Rock concerts and entertainment ships. No military elements whatsoever.,A stunt ship diving into a star for a rock concert characterizes space as a domain of extreme entertainment.,"Frogstar World B is a hostile, alien dump. The characters face extreme environmental conditions completely unlike Earth."
US,The Hitchhiker's Guide to the Galaxy Omnibus_ A Trilogy of Five (Part 1 up to chapter 26),Part 2 Chapter 20,High contestation (frequent conflict or strategic struggle),Extensive territorial occupation (many settled worlds/regions held like states or empires),"Extreme / effectively unreachable (generational, completely separate, or one-way-feeling distance)",Radically different / alien social order,Translation-mediated communication (universal translator / communication tech makes language difference irrelevant),Extremely hostile (constant survival pressure),Normalized / widespread (space habitation is ordinary for humanity),Multiple distinct space polities,Comedy / satire,Entirely civilian,Totally unique domain,Very different (human bodies/technology constantly challenged),The crew desperately tries to escape the stunt ship before it crashes into the star. Arthur discovers a teleporter. Zaphod and Trillian are separated from Arthur and Ford.,"The teleporter sends them to different locations across the galaxy, implying extensive infrastructure and settlement.",The crew is scattered by the teleporter to unknown locations across the galaxy. The separation is sudden and absolute.,Teleportation technology scatters the crew randomly across the galaxy. The casual availability of such technology represents a radically different technological and social order.,Characters communicate freely during the frantic escape sequence.,The ship is about to crash into a star. The crew faces immediate incineration. Only the teleporter saves them.,Teleporters and stunt ships are routine technology. The galaxy's infrastructure supports random teleportation to inhabited locations.,"The crew is scattered to different locations, each potentially in different political jurisdictions across the galaxy.",The escape from a suicidal stunt ship via a random teleporter is absurdist comedy. The crew is split up by accident rather than design.,Entertainment technology and desperate civilian escape. No military elements.,Random teleportation from a suicidal entertainment ship characterizes space as a uniquely chaotic domain.,Frogstar World C and the Haggunenon ship represent environments fundamentally challenging to human existence.
US,The Hitchhiker's Guide to the Galaxy Omnibus_ A Trilogy of Five (Part 1 up to chapter 26),Part 2 Chapter 21,"Low contestation (minor competition, little open conflict)",Extensive territorial occupation (many settled worlds/regions held like states or empires),"Extreme / effectively unreachable (generational, completely separate, or one-way-feeling distance)",Radically different / alien social order,Translation-mediated communication (universal translator / communication tech makes language difference irrelevant),Manageable but risky,Normalized / widespread (space habitation is ordinary for humanity),Multiple distinct space polities,Comedy / satire,Entirely civilian,Like the frontier / colonial expansion,Somewhat different (manageable environmental differences),"Arthur and Ford materialize aboard a Golgafrinchan Ark Fleet Ship B. They encounter the ship's inhabitants who are in stasis pods. The situation is exploratory, not conflictual.",Golgafrincham had an established civilization with ark fleet ships for mass evacuation. The fleet implies extensive space-faring capability.,The Golgafrinchan ship has been traveling for an unspecified but very long time. Arthur and Ford are now in deep space with no clear way home.,"The Golgafrinchans sent their useless third of the population (telephone sanitizers, hairdressers, management consultants) away on Ark Fleet Ship B under false pretenses.",Arthur and Ford communicate with the Golgafrinchans seamlessly through Babel fish translation.,The ark ship is functional but aimless. The Golgafrinchans are disorganized. The situation is not immediately dangerous but uncertain.,Ark fleet ships carrying millions of colonists are treated as routine technology. Mass interstellar migration is normalized.,Golgafrincham divided its population into three fleets. Each ark represents a distinct social and political entity.,"The Golgafrinchans tricked their useless third into leaving by claiming the planet was doomed. The ship carries telephone sanitizers, hairdressers, and management consultants. The satire of bureaucracy and corporate culture is devastating.","The ark ship carries civilian passengers: telephone sanitizers, hairdressers, and management consultants. No military elements.",Ark fleet ships carrying colonists to new worlds mirror colonial expansion. The Golgafrinchan exodus is a forced colonial migration.,The ark ship interior is habitable with stasis pods and living quarters. The environment is manageable.
US,The Hitchhiker's Guide to the Galaxy Omnibus_ A Trilogy of Five (Part 1 up to chapter 26),Part 2 Chapter 22,"Low contestation (minor competition, little open conflict)",Extensive territorial occupation (many settled worlds/regions held like states or empires),"Extreme / effectively unreachable (generational, completely separate, or one-way-feeling distance)",Radically different / alien social order,Translation-mediated communication (universal translator / communication tech makes language difference irrelevant),Manageable but risky,Normalized / widespread (space habitation is ordinary for humanity),Multiple distinct space polities,Comedy / satire,Entirely civilian,Like the frontier / colonial expansion,Somewhat different (manageable environmental differences),Arthur and Ford deal with the Golgafrinchans who have woken up and are holding meetings about nothing. The conflict is social: useless people trying to organize.,The Golgafrinchans plan to colonize a new world. Their fleet represents an attempt at territorial occupation.,The ship is heading to an unknown destination. Arthur and Ford are stranded with no way back to familiar territory.,"The Golgafrinchans hold endless committee meetings about fire, the wheel, and telephone sanitizing. Their social order is bureaucratic dysfunction elevated to civilization-level.",Arthur and Ford communicate freely with the Golgafrinchans despite being from different species and worlds.,The ship is directionless but functional. The Golgafrinchans are incompetent but not dangerous. Resources are adequate.,Millions of colonists on an ark ship treat interstellar travel as a routine evacuation. Space habitation is normalized.,The Golgafrinchan ark represents a colonial expedition. The other two arks (never sent) represent Golgafrincham's remaining population.,The Golgafrinchans form committees to decide the color of fire safety equipment while unable to actually make fire. The satire of corporate bureaucracy and management culture is sharp.,"Telephone sanitizers, hairdressers, and management consultants. Entirely civilian.","The ark ship heading to colonize a new world is explicitly colonial expansion, though spectacularly incompetent.",The ship interior is habitable. The Golgafrinchans maintain a functioning if chaotic living environment.
US,The Hitchhiker's Guide to the Galaxy Omnibus_ A Trilogy of Five (Part 1 up to chapter 26),Part 2 Chapter 23,"Low contestation (minor competition, little open conflict)",Extensive territorial occupation (many settled worlds/regions held like states or empires),"Extreme / effectively unreachable (generational, completely separate, or one-way-feeling distance)",Radically different / alien social order,Translation-mediated communication (universal translator / communication tech makes language difference irrelevant),Manageable but risky,Normalized / widespread (space habitation is ordinary for humanity),Multiple distinct space polities,Comedy / satire,Entirely civilian,Like the frontier / colonial expansion,Almost Earth-like,The Golgafrinchan ship crashes on a planet. The passengers survive and begin exploring. Arthur realizes it might be prehistoric Earth.,The Golgafrinchans begin colonizing the planet they crashed on. The concept of ark fleet colonization implies extensive galactic settlement.,"The crew has crash-landed on prehistoric Earth, two million years in the past. The temporal distance from their origin is extreme.",The Golgafrinchans attempt to colonize prehistoric Earth with telephone sanitizers and management consultants. They try to introduce money using leaves as currency.,Arthur and Ford communicate with the Golgafrinchans. Communication with prehistoric humans is not attempted.,Prehistoric Earth is habitable but wild. The crash survivors face the challenges of establishing a colony without useful skills.,Crash-landing on a planet and attempting colonization is treated as a routine (if unfortunate) outcome of space travel.,The Golgafrinchan colonists represent one polity. Earth's native cavemen represent another. The broader galactic civilization continues elsewhere.,"The Golgafrinchans introduce inflation by making leaves legal tender, then try to solve it by burning down forests. The satire of economics and colonialism is devastating.",Crash-landing civilians attempting to colonize with no useful skills. Entirely civilian.,"The Golgafrinchans are literally colonizing a new world, mirroring colonial expansion narratives but with satirical incompetence.","They have crash-landed on prehistoric Earth itself. The environment is literally Earth, though two million years in the past."
US,The Hitchhiker's Guide to the Galaxy Omnibus_ A Trilogy of Five (Part 1 up to chapter 26),Part 2 Chapter 24,"Low contestation (minor competition, little open conflict)",Extensive territorial occupation (many settled worlds/regions held like states or empires),"Extreme / effectively unreachable (generational, completely separate, or one-way-feeling distance)",Radically different / alien social order,Translation-mediated communication (universal translator / communication tech makes language difference irrelevant),Manageable but risky,Normalized / widespread (space habitation is ordinary for humanity),Multiple distinct space polities,Comedy / satire,Entirely civilian,Like the frontier / colonial expansion,Almost Earth-like,Arthur and Ford observe the Golgafrinchans failing at civilization. Ford tries to teach cavemen Scrabble. The conflicts are social and comedic rather than violent.,The broader galactic context continues in the background. The Golgafrinchans are attempting territorial occupation of prehistoric Earth.,Arthur and Ford are stranded two million years in the past on prehistoric Earth. Return to their own time seems impossible.,Alien telephone sanitizers attempt to colonize prehistoric Earth. Ford tries to teach cavemen Scrabble. The collision of galactic and primitive cultures is thoroughly alien.,Arthur and Ford communicate with Golgafrinchans through the Babel fish. Communication with cavemen is more challenging but attempted.,Prehistoric Earth is habitable but primitive. The Golgafrinchans lack survival skills. The environment is challenging but not lethal.,"The Golgafrinchans treat planetary colonization as a routine extension of their civilized life, despite their incompetence.",Golgafrinchan colonists and Earth's native cavemen represent distinct populations on the same planet.,Ford teaches cavemen to play Scrabble. The Golgafrinchans form marketing committees. The satire of civilizational incompetence is relentless.,Civilians attempting (and failing at) colonial settlement. No military elements.,The chapter explicitly depicts colonial expansion: aliens colonizing a primitive world and interacting with indigenous peoples.,The setting is literally prehistoric Earth. The environment is Earth-like by definition.
US,The Hitchhiker's Guide to the Galaxy Omnibus_ A Trilogy of Five (Part 1 up to chapter 26),Part 2 Chapter 25,"Low contestation (minor competition, little open conflict)",Extensive territorial occupation (many settled worlds/regions held like states or empires),"Extreme / effectively unreachable (generational, completely separate, or one-way-feeling distance)",Radically different / alien social order,Translation-mediated communication (universal translator / communication tech makes language difference irrelevant),Manageable but risky,Normalized / widespread (space habitation is ordinary for humanity),Multiple distinct space polities,Comedy / satire,Entirely civilian,Like the frontier / colonial expansion,Almost Earth-like,Arthur despairs at the Golgafrinchans ruining prehistoric Earth. Ford discovers the cavemen's Scrabble tiles may spell out the Ultimate Question. The conflicts are philosophical.,The Golgafrinchan colonization of Earth continues. The broader galactic civilization persists in the background.,Arthur and Ford remain stranded two million years in the past. Their separation from their own time is permanent.,The Golgafrinchans have displaced the native cavemen and are ruining Earth's intended program as a computer. Alien colonists have overwritten Earth's purpose.,"Communication between Arthur, Ford, and the Golgafrinchans continues via Babel fish.",Prehistoric Earth is habitable but primitive. Arthur and Ford must adapt to life without technology.,The Golgafrinchan colonization is a casual byproduct of normal galactic migration. Interstellar colonization is routine.,"Golgafrinchan colonists, cavemen, and the broader galactic civilization represent distinct groups.",The Ultimate Question may be 'What do you get if you multiply six by nine?' which doesn't equal 42. The revelation that the Golgafrinchans corrupted Earth's program is darkly satirical.,Colonists and stranded travelers on prehistoric Earth. No military elements.,"The chapter depicts the consequences of colonial expansion: indigenous programs overwritten, original purposes lost.",The setting is prehistoric Earth. The environment is Earth by definition.
US,The Hitchhiker's Guide to the Galaxy Omnibus_ A Trilogy of Five (Part 1 up to chapter 26),Part 2 Chapter 26,No contestation,Extensive territorial occupation (many settled worlds/regions held like states or empires),"Extreme / effectively unreachable (generational, completely separate, or one-way-feeling distance)",Mixed / hybrid culture,Translation-mediated communication (universal translator / communication tech makes language difference irrelevant),Manageable but risky,Normalized / widespread (space habitation is ordinary for humanity),Multiple distinct space polities,Comedy / satire,Entirely civilian,Like the frontier / colonial expansion,Almost Earth-like,"Ford and Arthur are alone on prehistoric Earth. Ford spots a spaceship in the sky, signaling a possible rescue. The chapter is contemplative and hopeful.",A spaceship passing over prehistoric Earth implies the galaxy continues to be populated and traveled. Galactic civilization persists above.,Arthur and Ford are marooned two million years in the past. The passing spaceship represents their only link to galactic civilization.,Arthur has adapted to primitive life on prehistoric Earth while retaining memories of galactic civilization. His culture is a hybrid of Earthman and galactic hitchhiker.,Arthur and Ford communicate freely. The Babel fish continues to function.,Life on prehistoric Earth is primitive but survivable. Arthur and Ford have adapted to basic conditions.,A spaceship casually passing over prehistoric Earth demonstrates that galactic travel is routine even above uncontacted worlds.,The passing spaceship represents galactic civilization. Arthur and Ford represent displaced individuals from that civilization.,Arthur has made friends with a caveman. Ford is desperate to leave. The contrast between cosmic adventure and primitive life is comedic.,Two stranded civilians on prehistoric Earth. No military elements.,"Arthur and Ford are castaways on an uncontacted world, mirroring frontier isolation narratives.",The setting is prehistoric Earth. The environment is Earth.
US,The Hitchhiker's Guide to the Galaxy Omnibus_ A Trilogy of Five (Part 1 up to chapter 26),Part 2 Chapter 27,No contestation,Extensive territorial occupation (many settled worlds/regions held like states or empires),"Extreme / effectively unreachable (generational, completely separate, or one-way-feeling distance)",Radically different / alien social order,Translation-mediated communication (universal translator / communication tech makes language difference irrelevant),Other / Unsure,Normalized / widespread (space habitation is ordinary for humanity),Multiple distinct space polities,Comedy / satire,Entirely civilian,Like the frontier / colonial expansion,Other / Unsure,An interlude chapter describing the Guide entry on the planet Golgafrincham and the fate of those who stayed behind. No active conflict.,Golgafrincham is described as a settled world with a full civilization that sent three ark fleet ships into space.,The ark fleet ships traveled vast interstellar distances. Golgafrincham is far from Earth across the galaxy.,Golgafrincham divided its population into thirds and sent the 'useless' third away. The remaining population then died from a disease contracted from a dirty telephone.,The Guide entry describes Golgafrinchan civilization without language barriers.,The chapter is a Guide entry. No direct environmental conditions are experienced by characters.,Ark fleet ships carrying millions of colonists are described as routine technology. Mass interstellar migration is normal.,Golgafrincham's three fleet divisions represent distinct social/political groupings.,"Golgafrincham's remaining population died from a disease contracted from a dirty telephone, after sending away all their telephone sanitizers. The irony is devastating satire.",The Guide entry describes civilian society and migration. No military elements.,Ark fleet ships colonizing new worlds is explicitly colonial expansion on an interstellar scale.,The chapter is a Guide entry without direct environmental description.
US,The Hitchhiker's Guide to the Galaxy Omnibus_ A Trilogy of Five (Part 1 up to chapter 26),Part 2 Chapter 28,"Low contestation (minor competition, little open conflict)",Extensive territorial occupation (many settled worlds/regions held like states or empires),"Extreme / effectively unreachable (generational, completely separate, or one-way-feeling distance)",Radically different / alien social order,Translation-mediated communication (universal translator / communication tech makes language difference irrelevant),Manageable but risky,Normalized / widespread (space habitation is ordinary for humanity),Multiple distinct space polities,Comedy / satire,Entirely civilian,Like the frontier / colonial expansion,Almost Earth-like,The Golgafrinchans continue their dysfunctional colonization. They hold committee meetings about reinventing fire and the wheel. Arthur observes with despair.,The Golgafrinchans occupy prehistoric Earth. Their origins from a galaxy-spanning civilization imply extensive territorial occupation.,The colonists are permanently settled two million years in the past. Return to their origin world is impossible.,Alien colonists hold committee meetings about fire while surrounded by a forest they could burn. Their bureaucratic social order persists despite the primitive setting.,Communication between species continues seamlessly via Babel fish.,Prehistoric Earth is habitable but the Golgafrinchans' incompetence makes basic survival unnecessarily difficult.,"The Golgafrinchans treat their colonial situation as normal, applying familiar bureaucratic processes to primitive conditions.",The Golgafrinchan colony and the native cavemen represent distinct populations.,Committee meetings about fire and the wheel satirize corporate culture. The Golgafrinchans cannot accomplish basic tasks because they keep forming subcommittees.,Civilian colonists holding meetings. No military elements.,Failed colonial expansion: colonists unable to adapt to frontier conditions despite advanced origins.,Prehistoric Earth. The environment is literally Earth.
US,The Hitchhiker's Guide to the Galaxy Omnibus_ A Trilogy of Five (Part 1 up to chapter 26),Part 2 Chapter 29,"Low contestation (minor competition, little open conflict)",Extensive territorial occupation (many settled worlds/regions held like states or empires),"Extreme / effectively unreachable (generational, completely separate, or one-way-feeling distance)",Radically different / alien social order,Translation-mediated communication (universal translator / communication tech makes language difference irrelevant),Manageable but risky,Normalized / widespread (space habitation is ordinary for humanity),Multiple distinct space polities,Comedy / satire,Entirely civilian,Like the frontier / colonial expansion,Almost Earth-like,Arthur tries to help the Golgafrinchans but gives up. Ford experiments with Scrabble tiles and cavemen. The conflicts are minor and social.,The colonial situation on prehistoric Earth continues. The broader galactic context persists in memory.,Arthur and Ford remain stranded two million years in Earth's past with no means of escape.,"Ford uses Scrabble tiles to try to extract the Ultimate Question from cavemen's brains, treating human consciousness as a readout device for a cosmic computer.","Communication between Arthur, Ford, and the various groups continues via Babel fish.",Prehistoric Earth is habitable. The challenges are social and existential rather than environmental.,"Even stranded in prehistory, the characters retain knowledge of galactic civilization as normal background.","Golgafrinchan colonists, cavemen, and the memory of galactic civilization represent distinct groups.",Ford's attempt to extract the Ultimate Question using Scrabble tiles yields results like 'WHAT DO YOU GET IF YOU MULTIPLY SIX BY NINE.' The mathematical error is deliberately satirical.,Stranded civilians and primitive humans. No military elements.,The chapter continues the frontier theme: civilized beings adapting (or failing to adapt) to primitive conditions.,Prehistoric Earth. The environment is Earth.
US,The Hitchhiker's Guide to the Galaxy Omnibus_ A Trilogy of Five (Part 1 up to chapter 26),Part 2 Chapter 30,No contestation,Extensive territorial occupation (many settled worlds/regions held like states or empires),"Extreme / effectively unreachable (generational, completely separate, or one-way-feeling distance)",Mixed / hybrid culture,Translation-mediated communication (universal translator / communication tech makes language difference irrelevant),Manageable but risky,Normalized / widespread (space habitation is ordinary for humanity),Other / Unsure,Comedy / satire,Entirely civilian,Like the frontier / colonial expansion,Almost Earth-like,Arthur has adapted to life on prehistoric Earth. He makes sandwiches and lives peacefully. Ford spots something in the sky. The chapter is contemplative.,Ford's attention to the sky suggests spaceships and galactic civilization continue above prehistoric Earth.,Arthur and Ford have been stranded for an extended period. The separation from their time and civilization is seemingly permanent.,Arthur combines Earth cooking skills with prehistoric ingredients. His culture is a practical hybrid of modern knowledge and primitive resources.,Arthur and Ford communicate normally. The Babel fish persists.,"Arthur has adapted to prehistoric life. He can make food and survive, though conditions are primitive.",Ford's expectation of spotting spaceships implies that galactic traffic near Earth is routine.,"On prehistoric Earth, political structures are irrelevant to the characters' immediate situation.",Arthur's greatest achievement in prehistory is inventing the sandwich. The mundanity of his adaptation is comedic.,Two stranded civilians living peacefully on prehistoric Earth.,"Arthur's adaptation to frontier life, making do with primitive resources, mirrors frontier survival narratives.",Prehistoric Earth. The environment is Earth.
US,The Hitchhiker's Guide to the Galaxy Omnibus_ A Trilogy of Five (Part 1 up to chapter 26),Part 2 Chapter 31,No contestation,Extensive territorial occupation (many settled worlds/regions held like states or empires),"Extreme / effectively unreachable (generational, completely separate, or one-way-feeling distance)",Mixed / hybrid culture,Translation-mediated communication (universal translator / communication tech makes language difference irrelevant),Manageable but risky,Normalized / widespread (space habitation is ordinary for humanity),Other / Unsure,Comedy / satire,Entirely civilian,Like the frontier / colonial expansion,Almost Earth-like,Arthur lives peacefully on prehistoric Earth. The chapter describes his simple daily life and philosophical reflections on his situation.,The broader galactic context persists in Arthur's memories and in Ford's continued attention to the sky.,"Arthur remains stranded in deep prehistory, permanently separated from galactic civilization.",Arthur lives as a primitive but retains his modern sensibilities. His culture blends English gentility with prehistoric conditions.,"Communication continues via Babel fish between Arthur, Ford, and any beings they encounter.",Prehistoric Earth is habitable. Arthur has adapted to basic living conditions.,The knowledge that galactic civilization exists and is routine remains part of the characters' worldview.,Political structures are irrelevant to the characters' isolated situation.,Arthur's peaceful acceptance of prehistoric life is both touching and absurd. His domestic concerns in the Stone Age are comedic.,Peaceful civilian existence on prehistoric Earth.,"Arthur living on the frontier of civilization, adapting to primitive conditions with modern knowledge.",Prehistoric Earth. Literally Earth.
US,The Hitchhiker's Guide to the Galaxy Omnibus_ A Trilogy of Five (Part 1 up to chapter 26),Part 2 Chapter 32,"Low contestation (minor competition, little open conflict)",Extensive territorial occupation (many settled worlds/regions held like states or empires),"Extreme / effectively unreachable (generational, completely separate, or one-way-feeling distance)",Mixed / hybrid culture,Translation-mediated communication (universal translator / communication tech makes language difference irrelevant),Manageable but risky,Normalized / widespread (space habitation is ordinary for humanity),Multiple distinct space polities,Comedy / satire,Entirely civilian,Like the frontier / colonial expansion,Almost Earth-like,Ford convinces Arthur they need to leave prehistoric Earth. Ford has spotted a way to escape. Minor disagreements about leaving.,Ford's plan to escape implies the galaxy remains full of settled worlds and travel opportunities.,Escaping prehistoric Earth requires bridging two million years of temporal distance and unknown spatial distances.,Arthur reluctantly leaves his adapted prehistoric life to rejoin galactic civilization. The transition between cultures is jarring.,Arthur and Ford communicate freely as they plan their escape.,"The escape plan involves risk and uncertainty, but the immediate conditions are not life-threatening.",Ford's confidence that they can rejoin galactic civilization reflects how normalized space travel is.,The galactic civilization Ford aims to rejoin comprises multiple distinct polities.,Arthur's reluctance to leave prehistoric Earth for the dangers of space travel is comedically perverse. Ford's eagerness contrasts with Arthur's contentment.,Two civilians planning escape from prehistoric Earth. No military elements.,Leaving a frontier settlement to return to civilization mirrors reverse colonial narratives.,Still on prehistoric Earth. The environment is Earth.
US,The Hitchhiker's Guide to the Galaxy Omnibus_ A Trilogy of Five (Part 1 up to chapter 26),Part 2 Chapter 33,"Low contestation (minor competition, little open conflict)",Extensive territorial occupation (many settled worlds/regions held like states or empires),"Extreme / effectively unreachable (generational, completely separate, or one-way-feeling distance)",Mixed / hybrid culture,Translation-mediated communication (universal translator / communication tech makes language difference irrelevant),Manageable but risky,Normalized / widespread (space habitation is ordinary for humanity),Other / Unsure,Comedy / satire,Entirely civilian,Like the frontier / colonial expansion,Almost Earth-like,Arthur and Ford prepare to leave prehistoric Earth. They say goodbye to their cave and possessions. The mood is bittersweet rather than confrontational.,The coming departure implies returning to a galaxy full of settled worlds.,They are about to leave prehistoric Earth to travel across time and space. The journey represents extreme distances.,"Arthur has become a hybrid: a modern Englishman adapted to prehistoric cave life, about to rejoin galactic civilization.",Arthur and Ford communicate normally as they prepare to depart.,"Leaving prehistoric Earth involves the uncertainty of space travel, but the immediate conditions are safe.",The expectation of catching a spaceship or finding a way off the planet reflects normalized galactic travel.,Political structures are not discussed in this transitional chapter.,Arthur's sentimental attachment to his cave and his prehistoric sandwich-making skills is comedic. The absurdity of leaving Earth voluntarily after it was destroyed is darkly funny.,Two civilians leaving their temporary home. No military elements.,Departing a frontier settlement for the wider galaxy mirrors reverse frontier narratives.,Still on prehistoric Earth. The environment is Earth.
US,The Hitchhiker's Guide to the Galaxy Omnibus_ A Trilogy of Five (Part 1 up to chapter 26),Part 2 Chapter 34,No contestation,Extensive territorial occupation (many settled worlds/regions held like states or empires),"Extreme / effectively unreachable (generational, completely separate, or one-way-feeling distance)",Mixed / hybrid culture,Translation-mediated communication (universal translator / communication tech makes language difference irrelevant),Manageable but risky,Normalized / widespread (space habitation is ordinary for humanity),Multiple distinct space polities,Comedy / satire,Entirely civilian,Totally unique domain,Other / Unsure,Arthur and Ford depart prehistoric Earth. The chapter concludes Part 2 with their escape and sets up their next adventure. No active conflict.,Their departure back into the galaxy implies returning to a universe of extensive settlement and civilization.,Leaving prehistoric Earth involves crossing two million years of time and unknown spatial distances to rejoin galactic civilization.,Arthur transitions from prehistoric life back to galactic hitchhiking. His cultural identity is now permanently hybrid.,The Babel fish continues to function as they depart for new encounters.,"The departure involves uncertainty about where they'll end up, but no immediate survival threat.",Returning to galactic civilization from a marooned situation is treated as a matter of catching the right ride.,The galaxy they are returning to contains many distinct civilizations and political entities.,The conclusion of Part 2 maintains the comedic tone: Arthur's adventures continue from one absurd situation to the next.,Two civilian hitchhikers departing on a new journey. No military elements.,Hitchhiking through time and space from prehistoric Earth characterizes the domain as uniquely absurd.,The chapter is transitional. No specific space environment is depicted beyond the departure from Earth.
US,The Hitchhiker's Guide to the Galaxy Omnibus_ A Trilogy of Five (Part 1 up to chapter 26),Part 3 Chapter 1,No contestation,Extensive territorial occupation (many settled worlds/regions held like states or empires),"Extreme / effectively unreachable (generational, completely separate, or one-way-feeling distance)",Radically different / alien social order,Translation-mediated communication (universal translator / communication tech makes language difference irrelevant),Benign / easily survivable,Normalized / widespread (space habitation is ordinary for humanity),No political order / ungoverned,Comedy / satire,Entirely civilian,Totally unique domain,Radically non-Earth-like (physics/environment fundamentally unlike Earth experience),No conflict over space itself; Arthur is stranded alone on prehistoric Earth. Wowbagger merely passes through to insult individuals.,"Wowbagger has a computer tracking the entire population of the known Universe across countless settled worlds, implying vast galactic occupation.",Wowbagger slingshots around the Sol system for a three-week journey to the Folfanga system. Arthur is stranded millions of years from his time.,Wowbagger is an immortal alien whose grand purpose is insulting everyone in the Universe alphabetically - a social order completely alien to Earth norms.,The alien Wowbagger communicates directly with Arthur without any language barriers despite being from different species.,"Space travel is routine and comfortable for Wowbagger - he naps, watches movies, and listens to jazz during interstellar journeys.",Wowbagger casually traverses the Universe as routine. His computer tracks billions of beings across settled worlds.,No political structures are evident; Wowbagger operates independently and Arthur is isolated on prehistoric Earth.,"An immortal being whose purpose is insulting everyone alphabetically, and Arthur's absurd isolation, are pure comedic satire.",All space activity is civilian - Wowbagger's personal insult quest is entirely non-military.,Space as a vast itinerary for alphabetical insults is utterly unique and doesn't map to any traditional domain.,Space is described as an 'appalling void which separates the very few things' - fundamentally unlike any Earth environment.
US,The Hitchhiker's Guide to the Galaxy Omnibus_ A Trilogy of Five (Part 1 up to chapter 26),Part 3 Chapter 2,No contestation,Other / Unsure,"Extreme / effectively unreachable (generational, completely separate, or one-way-feeling distance)",Radically different / alien social order,Translation-mediated communication (universal translator / communication tech makes language difference irrelevant),Manageable but risky,Normalized / widespread (space habitation is ordinary for humanity),No political order / ungoverned,Comedy / satire,Entirely civilian,Like the ocean / naval,Radically non-Earth-like (physics/environment fundamentally unlike Earth experience),No conflict over territory or space. Arthur and Ford reunite and chase a sofa through a space-time eddy.,The chapter deals with space-time eddies rather than territorial occupation. No habitation or territory-holding is discussed.,"Arthur has been stranded on prehistoric Earth for years, effectively unreachable from his own time and civilization.",Ford is an alien hitchhiker who went mad and became a lemon. Space-time sofas wash up on prehistoric Earth. The social context is thoroughly alien.,Arthur and alien Ford communicate seamlessly in English without any translation technology being mentioned.,The space-time eddies are unpredictable - the sofa could take them anywhere. They survive but the process is chaotic and uncertain.,Ford treats space-time phenomena as routine and carries a Sub-Etha Sens-O-Matic to detect disturbances casually.,No governance exists on prehistoric Earth; Arthur and Ford are castaways with no authority figures.,"Ford went mad and became a lemon, Arthur talks to trees, and they chase a paisley Chesterfield sofa through space-time. Pure comedy.",Two friends reuniting and accidentally traveling through a space-time anomaly via sofa - entirely civilian.,"Space-time disturbances are described as 'eddies' and 'wash,' with the sofa called 'space-time jetsam' - maritime language throughout.","Space-time eddies depositing sofas on prehistoric Earth, and instantaneous transport to Lord's Cricket Ground, defy Earth physics entirely."
US,The Hitchhiker's Guide to the Galaxy Omnibus_ A Trilogy of Five (Part 1 up to chapter 26),Part 3 Chapter 4,No contestation,Extensive territorial occupation (many settled worlds/regions held like states or empires),"Extreme / effectively unreachable (generational, completely separate, or one-way-feeling distance)",Radically different / alien social order,Translation-mediated communication (universal translator / communication tech makes language difference irrelevant),Benign / easily survivable,Normalized / widespread (space habitation is ordinary for humanity),No political order / ungoverned,Comedy / satire,Entirely civilian,Totally unique domain,Other / Unsure,No conflict over space or territory. Arthur and Ford arrive at Lord's and are collected by Slartibartfast.,"Slartibartfast arrives from across the Galaxy in his ship, implying vast galactic civilization with many occupied worlds.",Slartibartfast has come from galactic distances; the scale of travel implies extreme separation from familiar territory.,Slartibartfast's ship resembles an Italian bistro. The alien social order includes planet-designing retirees combating ancient curses.,All characters including alien Slartibartfast communicate freely in English.,The ship arrives comfortably and the characters are in no physical danger from space conditions.,Slartibartfast casually arrives from galactic distances; space travel and galactic civilization are treated as normal.,No governing authority directs the characters; Slartibartfast independently recruits help for his mission.,"A policeman trying to process aliens at a cricket match, Slartibartfast's Italian bistro ship, and Arthur's bewildered joy are comedic.",Slartibartfast is a retired planet designer; all characters are civilians on a voluntary mission.,A space ship disguised as an Italian restaurant doesn't correspond to any traditional domain analogy.,The chapter is set entirely on Earth's surface; space's physical environment is not described.
US,The Hitchhiker's Guide to the Galaxy Omnibus_ A Trilogy of Five (Part 1 up to chapter 26),Part 3 Chapter 6,"Low contestation (minor competition, little open conflict)",Extensive territorial occupation (many settled worlds/regions held like states or empires),"Extreme / effectively unreachable (generational, completely separate, or one-way-feeling distance)",Radically different / alien social order,Translation-mediated communication (universal translator / communication tech makes language difference irrelevant),Benign / easily survivable,Normalized / widespread (space habitation is ordinary for humanity),No political order / ungoverned,Comedy / satire,Entirely civilian,Totally unique domain,Radically non-Earth-like (physics/environment fundamentally unlike Earth experience),"Slartibartfast mentions an ancient curse and nightmare threatening the Galaxy, but no active conflict occurs in this chapter.","They travel two-thirds across the Galactic disc, passing countless settled star systems and civilizations.",Two-thirds of the way across the Galactic disc represents an extreme distance from Earth or any familiar reference point.,The ship's computational area is a fake Italian restaurant staffed by robots performing a mathematical dance. Utterly alien.,All characters communicate freely; the multi-species group converses without any translation issues.,Traveling across the Galaxy is comfortable - the characters chat casually while stars stream past like silver threads.,Crossing two-thirds of the Galaxy is treated as routine; the characters are more focused on the bistro decor.,No governance structures are evident; the characters operate independently on their self-appointed mission.,"The ship's interior is a fake Italian bistro with raffia-wrapped bottles, and the computational area uses robot restaurant arguments.",The Bistromath is a civilian vessel; all occupants are civilians on a voluntary mission.,Restaurant-based computational space travel is utterly unique and maps to no traditional domain.,Stars stream as silver threads around them during travel across the Galactic disc - the environment is fundamentally unlike Earth.
US,The Hitchhiker's Guide to the Galaxy Omnibus_ A Trilogy of Five (Part 1 up to chapter 26),Part 3 Chapter 7,No contestation,Extensive territorial occupation (many settled worlds/regions held like states or empires),"Extreme / effectively unreachable (generational, completely separate, or one-way-feeling distance)",Radically different / alien social order,Translation-mediated communication (universal translator / communication tech makes language difference irrelevant),Benign / easily survivable,Normalized / widespread (space habitation is ordinary for humanity),Other / Unsure,Comedy / satire,Entirely civilian,Totally unique domain,Radically non-Earth-like (physics/environment fundamentally unlike Earth experience),Purely expository chapter about Bistromathics theory. No conflict or contestation occurs.,The widespread use of Bistromathics for interstellar travel implies vast galactic civilization with many occupied worlds.,The chapter discusses crossing 'vast interstellar distances' - extreme separations requiring revolutionary drive technology.,Restaurant bill mathematics governing space travel physics represents a social/scientific order utterly alien to Earth norms.,The Guide entry is universally readable across the Galaxy; no language barriers are mentioned.,Bistromathic Drive makes space travel trivially easy; the main risk is obesity at mathematical conferences.,"Space travel is so common that its mathematics have been extensively studied, with conferences held in fine restaurants.",No political structures are discussed; the chapter focuses entirely on mathematical/scientific theory.,Restaurant bill mathematics as the basis for interstellar drive technology is absurdist satire of both science and dining culture.,All discussion is of civilian scientific research and restaurant culture; no military applications mentioned.,Space travel governed by restaurant bill arithmetic is utterly unique.,The fundamental physics of space travel are governed by non-absolute numbers from restaurant bills - completely unlike Earth physics.
US,The Hitchhiker's Guide to the Galaxy Omnibus_ A Trilogy of Five (Part 1 up to chapter 26),Part 3 Chapter 8,Total war / constant conflict,Extensive territorial occupation (many settled worlds/regions held like states or empires),"Extreme / effectively unreachable (generational, completely separate, or one-way-feeling distance)",Radically different / alien social order,Translation-mediated communication (universal translator / communication tech makes language difference irrelevant),Extremely hostile (constant survival pressure),Normalized / widespread (space habitation is ordinary for humanity),Multiple distinct space polities,Comedy / satire,Mixed civilian-military domain,Totally unique domain,Radically non-Earth-like (physics/environment fundamentally unlike Earth experience),"The Informational Illusion shows star-battleships with star lasers ablaze, smacking bits off planets - the devastating Krikkit Wars.","The Galaxy had vast civilization with the Wikkit Gate revered on every civilized world, representing extensive territorial occupation.",The wars span the entire Galaxy over millennia; Krikkit is enclosed in a dust cloud at the Galaxy's eastern edge.,"Krikkit is a world that never knew space existed, enclosed in a dust cloud. The infomercial selling Wikkit Gate replicas is deeply alien.",The documentary narration and infomercial are universally understood; no language barriers exist.,"Star-battleships with star lasers sear through blackness, smacking bits off planets. Space is a lethal war zone.","The Galaxy had widespread civilization with commerce, media, and the Wikkit Gate symbol revered on every civilized world.","The Galaxy contains many distinct civilizations, insurance underwriters on Ysllodins, and various factions involved in the wars.",The devastating war history is presented as an infomercial selling Wikkit Gate replicas - satire of both war documentaries and TV shopping.,"Both military forces (battle fleets, Krikkit Wars) and civilian aspects (the Wikkit Gate as cultural symbol, media coverage) are prominent.",Space is presented through an infomercial/documentary format - unique and not mapping to traditional analogies.,"Krikkit's utterly blank sky, star-battleships, and the Slo-Time envelope enclosing a star system are fundamentally unlike Earth."
US,The Hitchhiker's Guide to the Galaxy Omnibus_ A Trilogy of Five (Part 1 up to chapter 26),Part 3 Chapter 9,"Low contestation (minor competition, little open conflict)",Extensive territorial occupation (many settled worlds/regions held like states or empires),"Extreme / effectively unreachable (generational, completely separate, or one-way-feeling distance)",Radically different / alien social order,Translation-mediated communication (universal translator / communication tech makes language difference irrelevant),Manageable but risky,Normalized / widespread (space habitation is ordinary for humanity),No political order / ungoverned,Comedy / satire,Entirely civilian,Totally unique domain,Somewhat different (manageable environmental differences),"White robots briefly appear, violently take Marvin's leg and abduct him, but this is a quick raid rather than sustained conflict.",Squornshellous Zeta is a settled world; Marvin references travels across many star systems and a thousand-mile bridge.,Marvin has been trudging for over 1.5 million years on an alien planet far from any familiar reference point.,"Living mattresses named Zem inhabit swamps, speaking in invented verbs. Marvin opened a bridge that collapsed from his speech.",Marvin and mattress Zem communicate directly despite being entirely different life forms - robot and organic mattress.,Squornshellous Zeta is damp and dreary but habitable. Marvin survives over a million years. Brief robot raids add risk.,"Various alien worlds exist with settled populations. Mind Zoos, hyperbridge construction, and mattress harvesting are routine.",No political authority governs Squornshellous Zeta; mattresses live without governance and Marvin is abandoned.,"Living mattresses that flollop and vollue, Marvin's melodramatic depression, and a bridge collapsing from his opening speech are absurdist comedy.",A swamp planet with mattresses and a depressed robot - entirely civilian setting even with the brief robot raid.,A swamp planet with living mattresses and a depressed robot doesn't correspond to any traditional domain analogy.,"Squornshellous Zeta is a damp, misty swamp world - different from Earth but the environment is manageable enough for long habitation."
US,The Hitchhiker's Guide to the Galaxy Omnibus_ A Trilogy of Five (Part 1 up to chapter 26),Part 3 Chapter 10,Total war / constant conflict,Extensive territorial occupation (many settled worlds/regions held like states or empires),"Extreme / effectively unreachable (generational, completely separate, or one-way-feeling distance)",Radically different / alien social order,Translation-mediated communication (universal translator / communication tech makes language difference irrelevant),Extremely hostile (constant survival pressure),Normalized / widespread (space habitation is ordinary for humanity),Multiple distinct space polities,Comedy / satire,Mixed civilian-military domain,Totally unique domain,Radically non-Earth-like (physics/environment fundamentally unlike Earth experience),The documentary shows the Krikkit Wars as 'the greatest devastation ever visited upon our Galaxy' with recurring war imagery.,"The Wikkit Gate is revered on every civilized world in the Galaxy, indicating extensive galactic settlement.",The wars span the entire Galaxy; Krikkit is at the utmost eastern edge enclosed in a dust cloud - extreme isolation.,Krikkit is a world whose sky is utterly black - they never knew the Universe existed. Their social order is completely different.,The documentary and narration are universally understood by the viewers without language barriers.,"The recurring images are of appalling catastrophes, deep horrors, and cataclysmic shocks - space is devastatingly hostile.",Galactic civilization is so widespread that the Wikkit Gate is universally recognized even in primitive racial memories.,"The Galaxy contains many distinct civilizations that united against Krikkit, representing multiple polities.",The devastating war history is presented as a cheesy infomercial with immense music and a sales pitch for Wikkit Gate replicas.,"Both military devastation (wars, battle fleets) and civilian culture (the Wikkit Gate as cultural symbol, commerce) are central.",The presentation of galactic war history as an infomercial is unique and doesn't map to traditional analogies.,"Krikkit's utterly black sky from horizon to horizon, enclosed in a dust cloud at the Galaxy's edge, is fundamentally unlike Earth."
US,The Hitchhiker's Guide to the Galaxy Omnibus_ A Trilogy of Five (Part 1 up to chapter 26),Part 3 Chapter 11,Moderate contestation (ongoing rivalry/disputes),Extensive territorial occupation (many settled worlds/regions held like states or empires),"Extreme / effectively unreachable (generational, completely separate, or one-way-feeling distance)",Radically different / alien social order,Translation-mediated communication (universal translator / communication tech makes language difference irrelevant),Manageable but risky,Normalized / widespread (space habitation is ordinary for humanity),No political order / ungoverned,Comedy / satire,Mostly civilian with some military presence,Totally unique domain,Radically non-Earth-like (physics/environment fundamentally unlike Earth experience),"Krikkit robots infiltrate the Heart of Gold to steal the Gold Bail, engaging in a tense confrontation that ends with shooting Zaphod.",The Heart of Gold drifts in a remote area of the Galaxy; the broader galactic civilization of many settled worlds is implied.,"The ship drifts in a remote area of the Galaxy, deep in inky blackness - extremely far from any familiar location.",Zaphod is a two-headed alien ex-president having an existential crisis. Cheerful doors and gagged computers represent an alien social order.,Zaphod and ancient Krikkit robots from ten billion years ago communicate directly without any language barriers.,"Space is safe for drifting but the robots invade and shoot Zaphod, making it risky when threats appear.","Living aboard a spaceship and drifting through the Galaxy is routine for Zaphod, though currently depressing.",No authority governs the situation; Zaphod drifts alone and the robots operate on their own ancient mission.,"Zaphod's existential crisis, cheerful doors he tries to gag, and his accidental discovery of a Kill-O-Zap gun are comedic.",Zaphod's civilian ship is invaded by Krikkit war robots - mostly civilian with sudden military intrusion.,"A depressed ex-president drifting through space in the dark, confronted by ancient robots, maps to no traditional domain.","The ship drifts in inky blackness of deep space. The robots materialize their ship through the Heart of Gold, defying normal physics."
US,The Hitchhiker's Guide to the Galaxy Omnibus_ A Trilogy of Five (Part 1 up to chapter 26),Part 3 Chapter 12,High contestation (frequent conflict or strategic struggle),Extensive territorial occupation (many settled worlds/regions held like states or empires),"Extreme / effectively unreachable (generational, completely separate, or one-way-feeling distance)",Radically different / alien social order,Translation-mediated communication (universal translator / communication tech makes language difference irrelevant),Manageable but risky,Uncommon (small specialist population),No political order / ungoverned,Comedy / satire,Entirely civilian,Totally unique domain,Radically non-Earth-like (physics/environment fundamentally unlike Earth experience),The Krikkit people see the stars and decide to destroy all other life - the direct origin of the Galaxy's greatest war.,"Famous spaceships from vast civilizations are described - the Starship Titanic, Galactic Fleet Battleships, and shipbuilding asteroid complexes.",Krikkit is at the Galaxy's edge enclosed in a dust cloud. Their first flight through the cloud represents an extreme journey of discovery.,The Krikkit people are charming villagers who sing wholesome songs but immediately decide to destroy the Universe upon seeing it.,All characters in the Informational Illusion communicate freely; the Krikkit people understand each other and the observers.,"The Krikkit ship is rickety and crude but functional. Space is traversable though the dust cloud is cold, heavy, and dark.","For Krikkit, space travel is entirely new - they build their first ship in about a year after discovering space exists.",The Krikkit people act collectively without formal hierarchy; no galactic governance exists in their awareness.,"Charming villagers singing wholesome songs about obliterating all life, and building a spaceship in someone's backyard, are comedic satire.",The Krikkit ship is built by civilians in a backyard; the famous spaceships mentioned include luxury cruise liners.,A homicidal civilization's first contact with space - building a junk ship in a backyard to destroy the Universe - is unique.,The Krikkit pilots see 'the staggering jewels of the night in their infinite dust and their minds sang with fear' - fundamentally alien to their experience.
US,The Hitchhiker's Guide to the Galaxy Omnibus_ A Trilogy of Five (Part 1 up to chapter 26),Part 3 Chapter 13,High contestation (frequent conflict or strategic struggle),Extensive territorial occupation (many settled worlds/regions held like states or empires),"Extreme / effectively unreachable (generational, completely separate, or one-way-feeling distance)",Radically different / alien social order,Translation-mediated communication (universal translator / communication tech makes language difference irrelevant),Manageable but risky,Normalized / widespread (space habitation is ordinary for humanity),Other / Unsure,Comedy / satire,Entirely civilian,Totally unique domain,Other / Unsure,Slartibartfast recounts how the Krikkit population became manic xenophobes who decided to destroy the entire Universe.,The Galaxy has extensive civilization that Krikkit threatens; the characters travel through it in the Bistromath.,The Galaxy-wide Krikkit threat spans extreme distances; the characters traverse galactic distances in the Bistromath.,"Krikkit's charming, whimsical people who collectively decided on universal genocide represent a radically alien social order.",All characters communicate freely during the bistro conversation without any language barriers.,Current space travel is comfortable (dining in a bistro) but the looming Krikkit threat makes the Galaxy risky.,Eating dinner while traveling through the Galaxy is treated as normal; space habitation is completely routine.,No specific political structure is described in this brief transitional chapter; focus is on the immediate threat.,"Discussing universal genocide over an Italian dinner, with Arthur complaining about the wine and Ford wanting to party, is satirical comedy.",All characters are civilians dining in a restaurant-ship; no military personnel are present.,Dining in a mathematical Italian restaurant while traveling through the Galaxy is uniquely absurd.,Space's physical environment is not described in this brief transitional chapter focused on dialogue.
US,The Hitchhiker's Guide to the Galaxy Omnibus_ A Trilogy of Five (Part 1 up to chapter 26),Part 3 Chapter 14,Total war / constant conflict,Extensive territorial occupation (many settled worlds/regions held like states or empires),"Extreme / effectively unreachable (generational, completely separate, or one-way-feeling distance)",Radically different / alien social order,Translation-mediated communication (universal translator / communication tech makes language difference irrelevant),Extremely hostile (constant survival pressure),Normalized / widespread (space habitation is ordinary for humanity),Multiple distinct space polities,Comedy / satire,Mixed civilian-military domain,Totally unique domain,Very different (human bodies/technology constantly challenged),The Krikkit Wars caused two grillion deaths. The trial addresses the most devastating war in galactic history.,Thousands of major worlds were attacked simultaneously; the Galaxy had vast occupied territory threatened by Krikkit.,The war spanned the entire Galaxy over two thousand years. Krikkit is sealed away at the extreme edge.,Judiciary Pag wears beach loafers and chews gum while adjudicating the most momentous trial in legal history. Alien legal culture.,Hundreds of officials from across the Galaxy participate in the trial proceedings without any language barriers.,Krikkit robots wielded weapons including Maxi-Slorta Hypernuclear Devices capable of taking out major suns.,A galactic-scale courtroom with hundreds of officials from across the Galaxy shows space habitation is completely normalized.,"The Galactic administration has hundreds of highest officials representing many civilizations, plus Krikkit as a distinct hostile polity.","Judiciary Pag is absurdly casual - wearing beach loafers, chewing gum, and using slang while adjudicating galactic genocide.","The trial involves both military aspects (war robots, warships) and civilian governance (judiciary, legal proceedings).",An ultra-modern courtroom adjudicating galactic war crimes with a surfer-dude judge doesn't map to any traditional domain.,Krikkit weapons can destroy suns; the lethal robots with multi-functional battleclubs constantly challenge physical survival.
US,The Hitchhiker's Guide to the Galaxy Omnibus_ A Trilogy of Five (Part 1 up to chapter 26),Part 3 Chapter 15,Moderate contestation (ongoing rivalry/disputes),Extensive territorial occupation (many settled worlds/regions held like states or empires),"Extreme / effectively unreachable (generational, completely separate, or one-way-feeling distance)",Radically different / alien social order,Translation-mediated communication (universal translator / communication tech makes language difference irrelevant),Benign / easily survivable,Normalized / widespread (space habitation is ordinary for humanity),Multiple distinct space polities,Comedy / satire,Mostly civilian with some military presence,Totally unique domain,Other / Unsure,A missing Krikkit warship appears and briefly battles to seize the Key after the Slo-Time envelope is locked.,The Slo-Time envelope seals an entire star system; the broader galactic civilization is implied in the beach setting.,"The Key and warship are blasted into the space-time continuum, lost for ever across extreme distances.",A Soolfinian girl from beyond the Cloudworlds of Yaga with lemon silk skin represents a thoroughly alien social context.,The Soolfinian girl and Judiciary Pag communicate without any language barriers despite being from different worlds.,The beach setting is luxurious under triple suns. The brief space battle is reported secondhand as already resolved.,Interstellar news arrives casually via radio while sunbathing on a jewelled beach under triple suns.,The Soolfinian from beyond the Cloudworlds of Yaga and the Galactic legal system represent distinct polities.,"The chapter is comedic innuendo with the judge on a beach, and galactic news delivered in deliberately casual understatement.",The judge's beach vacation is civilian; the brief Krikkit warship battle is military but reported secondhand.,A jewelled beach under triple suns where galactic war news arrives via radio doesn't map to traditional analogies.,The chapter focuses on a beach setting; space's physical environment is not directly described.
US,The Hitchhiker's Guide to the Galaxy Omnibus_ A Trilogy of Five (Part 1 up to chapter 26),Part 3 Chapter 16,Moderate contestation (ongoing rivalry/disputes),Extensive territorial occupation (many settled worlds/regions held like states or empires),"Extreme / effectively unreachable (generational, completely separate, or one-way-feeling distance)",Radically different / alien social order,Translation-mediated communication (universal translator / communication tech makes language difference irrelevant),Manageable but risky,Normalized / widespread (space habitation is ordinary for humanity),No political order / ungoverned,Comedy / satire,Entirely civilian,Totally unique domain,Other / Unsure,"Slartibartfast explains that Krikkit robots are actively seeking the scattered Key components, creating an ongoing threat.",The scattered Key pieces are across different worlds in a Galaxy of extensive settlements.,The Key pieces were scattered across the space-time continuum at extreme distances from each other.,"Ford's obsession with partying while the Galaxy faces destruction, and teleport cubicles in bathrooms, represent alien norms.",All characters communicate freely during their extended argument without any language barriers.,Space travel is comfortable but the Krikkit threat makes the mission dangerous. Ford notes they don't stand a chance.,Space travel is routine enough that they argue about destinations while teleporting from a bathroom.,No governing authority directs their actions; they are self-appointed volunteers debating whether to bother.,"The extended whelk-in-a-supernova argument, Ford's party obsession, and teleport cubicles in bathrooms are comedic satire.",All characters are civilians voluntarily debating whether to attempt preventing galactic destruction.,Teleporting from a bathroom to save the Galaxy while arguing about whelks is uniquely absurd.,Space is not physically described; the chapter is entirely focused on dialogue and argument.
US,The Hitchhiker's Guide to the Galaxy Omnibus_ A Trilogy of Five (Part 1 up to chapter 26),Part 3 Chapter 17,No contestation,Extensive territorial occupation (many settled worlds/regions held like states or empires),"Extreme / effectively unreachable (generational, completely separate, or one-way-feeling distance)",Radically different / alien social order,Translation-mediated communication (universal translator / communication tech makes language difference irrelevant),Benign / easily survivable,Normalized / widespread (space habitation is ordinary for humanity),Multiple distinct space polities,Comedy / satire,Entirely civilian,Totally unique domain,Other / Unsure,No conflict over space occurs; the chapter discusses time travel's cultural effects and the Campaign for Real Time.,References span multiple settled worlds including the Long Lands of Effa and various galactic locations with ion refineries.,Time travel spans all of history; the Cathedral of Chalesm was retroactively unbuilt across extreme temporal distances.,Correcting fluid companies send poets on chat shows via time travel. The social order is completely alien to Earth norms.,Time travelers communicate across eras without language barriers; the poet's works are universally appreciated.,Time travel is casual and commercialized; the main consequences are cultural rather than physical danger.,Time travel is so widespread it has been commercialized. Space and time habitation are completely ordinary.,"Various organizations exist - correcting fluid manufacturers, the Campaign for Real Time, and different cultural groups.","Correcting fluid companies ruining great poetry through time travel, and a cathedral retroactively unbuilt, are satirical comedy.","All activities are civilian - poetry, commerce, activism, and cultural preservation.",Time travel for correcting fluid endorsements is utterly unique and maps to no traditional domain.,The chapter focuses on time travel and cultural consequences; space's physical environment is not described.
US,The Hitchhiker's Guide to the Galaxy Omnibus_ A Trilogy of Five (Part 1 up to chapter 26),Part 3 Chapter 18,"Low contestation (minor competition, little open conflict)",Other / Unsure,"Extreme / effectively unreachable (generational, completely separate, or one-way-feeling distance)",Radically different / alien social order,Translation-mediated communication (universal translator / communication tech makes language difference irrelevant),Manageable but risky,Other / Unsure,No political order / ungoverned,Comedy / satire,Entirely civilian,Totally unique domain,Other / Unsure,"Agrajag has a personal vendetta against Arthur for repeatedly killing him across reincarnations - individual grudge, not broader conflict.","The setting is an underground cave and Cathedral of Hate, not about territorial occupation of space.",Agrajag's deaths span multiple worlds across vast time periods - Stavromula Beta and countless other locations.,A creature that tracks its own reincarnations and builds a Cathedral of Hate with gargoyles represents a radically alien existence.,Arthur and the bizarre alien Agrajag communicate directly without any translation issues.,Arthur is threatened in the cave but survives. The mountain exploding is dangerous but not inevitably lethal.,The chapter does not address space habitation; it focuses on reincarnation and underground confrontation.,No political structure exists; Agrajag acts independently in his personal revenge scheme.,"Being stalked across reincarnations by someone you keep accidentally killing, with a 50-foot unflattering statue, is absurdist comedy.",Both Arthur and Agrajag are civilians; the confrontation is personal rather than military.,An underground Cathedral of Hate built by a vengeful reincarnation tracker maps to no traditional domain.,The chapter is set underground in caves; space's physical environment is not described.
US,The Hitchhiker's Guide to the Galaxy Omnibus_ A Trilogy of Five (Part 1 up to chapter 26),Part 3 Chapter 19,Moderate contestation (ongoing rivalry/disputes),Extensive territorial occupation (many settled worlds/regions held like states or empires),"Extreme / effectively unreachable (generational, completely separate, or one-way-feeling distance)",Radically different / alien social order,Translation-mediated communication (universal translator / communication tech makes language difference irrelevant),Benign / easily survivable,Normalized / widespread (space habitation is ordinary for humanity),"Highly fragmented political landscape (multipolar with many factions, corporations, colonies, microstates)",Comedy / satire,Entirely civilian,Totally unique domain,Other / Unsure,Brockian Ultra-Cricket teams are in permanent warfare over rule interpretation. The Guide's history hints at suspicious planetary destructions.,"The Guide operates across many worlds including Ursa Minor Beta, with offices and accounting departments on multiple planets.",The Guide's operations span the Galaxy with financial records transferred across interstellar distances.,"Higher-dimensional cricket, an editor missing for over a century, and suspicious accounting-related planetary destructions are thoroughly alien.",The Hitchhiker's Guide is a universal publication readable across the Galaxy without language barriers.,The Guide's environment is safe enough for century-long lunch breaks. The main hazards are obesity and financial mismanagement.,"Galaxy-wide publishing, inter-dimensional sports, and casual interstellar commerce are all treated as completely ordinary.","Many factions exist - Megadodo Publications, competing cricket teams, multiple accounting departments across worlds.","Absurdist cricket rules causing gravitational collapse, an editor missing for a century, and suspicious accounting-planetary destructions are pure satire.","All activities are civilian - publishing, sports, accounting, and lunch breaks.",A galaxy-spanning publishing empire with suspicious planet-destroying accounting doesn't map to any traditional domain.,Space's physical environment is not described; the chapter focuses on institutional history and game rules.
US,The Hitchhiker's Guide to the Galaxy Omnibus_ A Trilogy of Five (Part 1 up to chapter 26),Part 3 Chapter 20,No contestation,Other / Unsure,Other / Unsure,Other / Unsure,Other / Unsure,Manageable but risky,Other / Unsure,No political order / ungoverned,Comedy / satire,Entirely civilian,Like the air / airpower,Other / Unsure,No conflict over space or territory; Arthur escapes an erupting mountain and discovers he can fly.,"The chapter is about atmospheric flight on a planet surface, not about territorial occupation of space.","Arthur is on an unnamed alien planet; no space journey is described, only atmospheric flight.",Arthur is entirely alone throughout the chapter; no cultural context or social order is depicted.,No communication with others occurs; Arthur is alone throughout the chapter.,"The erupting mountain and avalanche are dangerous, but Arthur survives by discovering flight. The environment is risky but manageable.","The chapter is about personal atmospheric flight, not space habitation.",No political structures are present; Arthur is alone on an alien planet.,"Arthur learns to fly by the Guide's method of missing the ground, thinks about tulips to stay airborne, and finds his lost Athens airport bag.",Arthur is a civilian experiencing personal flight; no military aspects are present.,"The entire chapter is about atmospheric flight - swooping, diving, hovering - using air as the primary domain.",The chapter takes place in a planet's atmosphere; outer space's physical environment is not described.
US,The Hitchhiker's Guide to the Galaxy Omnibus_ A Trilogy of Five (Part 1 up to chapter 26),Part 3 Chapter 21,"Low contestation (minor competition, little open conflict)",Other / Unsure,Other / Unsure,Radically different / alien social order,Translation-mediated communication (universal translator / communication tech makes language difference irrelevant),Manageable but risky,Normalized / widespread (space habitation is ordinary for humanity),No political order / ungoverned,Comedy / satire,Entirely civilian,Totally unique domain,Somewhat different (manageable environmental differences),"The flying party raids cities for supplies, causing devastation, but this is casual looting rather than organized warfare.","The flying building is in a planet's atmosphere, not in outer space. No space territory is discussed.",The party building flies over a single planet; no interplanetary or interstellar distances are involved.,A multigenerational flying party with genetically selected partygoers who raid cities for avocado dip is radically alien.,Fashionable gatecrashers from other worlds socialize at the party without any language barriers.,The planet below is ravaged but the party itself persists. The environment is chaotic and risky but survivable.,"Gatecrashers from other worlds casually attend, implying interstellar travel and space habitation are ordinary.",The party has no governance; decisions are made drunkenly and the transition to raiding happened organically.,"A multigenerational party that arms itself to raid for cheese crackers, with genetic selection for partygoing ability, is absurdist comedy.","Even the raiding activities are civilian - acquiring cheese crackers, avocado dip, and wine.",A flying cocktail party that raids for supplies doesn't correspond to any traditional domain analogy.,A flying building in a planet's atmosphere - different from Earth but the inside environment is essentially a normal party.
US,The Hitchhiker's Guide to the Galaxy Omnibus_ A Trilogy of Five (Part 1 up to chapter 26),Part 3 Chapter 22,Moderate contestation (ongoing rivalry/disputes),Extensive territorial occupation (many settled worlds/regions held like states or empires),"Extreme / effectively unreachable (generational, completely separate, or one-way-feeling distance)",Radically different / alien social order,Translation-mediated communication (universal translator / communication tech makes language difference irrelevant),Manageable but risky,Normalized / widespread (space habitation is ordinary for humanity),No political order / ungoverned,Comedy / satire,Mostly civilian with some military presence,Totally unique domain,Somewhat different (manageable environmental differences),Krikkit robots attack the party and steal the Silver Bail. Arthur confronts Thor. The party crashes from the Krikkit warship impact.,Fashionable gatecrashers from other worlds and a Norse Thunder God indicate extensive multi-world civilization.,Trillian arrived as random dots through the Universe; partygoers come from vast galactic distances.,"Norse gods socializing with aliens at a multigenerational party, with awards for gratuitous profanity, is radically alien.",All partygoers from vastly different species and worlds communicate freely at the party.,The party is chaotic; the Krikkit attack causes devastation and the building begins to crash. Risky but survivable.,Casual interstellar socializing is normal - gatecrashers from other worlds regularly attend parties.,The party has no governance; social interactions are anarchic with no authority beyond personal intimidation.,"Arthur telling his absurd life story to an enthusiastic coughing man, the Rory award, and tricking Thor into going outside are comedy.","The party is civilian but Krikkit war robots attack and steal the Silver Bail, introducing military elements.",A flying cocktail party attacked by ancient war robots doesn't correspond to any traditional domain analogy.,The party building is a flying structure with manageable differences from Earth - essentially an indoor party environment.
US,The Hitchhiker's Guide to the Galaxy Omnibus_ A Trilogy of Five (Part 1 up to chapter 26),Part 3 Chapter 23,Moderate contestation (ongoing rivalry/disputes),Extensive territorial occupation (many settled worlds/regions held like states or empires),"Extreme / effectively unreachable (generational, completely separate, or one-way-feeling distance)",Radically different / alien social order,Translation-mediated communication (universal translator / communication tech makes language difference irrelevant),Manageable but risky,Normalized / widespread (space habitation is ordinary for humanity),No political order / ungoverned,Comedy / satire,Mostly civilian with some military presence,Totally unique domain,Other / Unsure,The Krikkit robots have the Key components; Slartibartfast says they must prevent the robots from using the Key in the Lock.,The Galaxy has extensive civilization threatened by the Krikkit robots; the characters travel across it in the Bistromath.,They must travel to the Krikkit system across extreme galactic distances to prevent the Key from being used.,The crew bickers about bravery while studying Galactic history with potato crisps - a radically different approach to saving the Universe.,All characters communicate freely in heated argument without any language barriers.,"Slartibartfast says they'll probably end up dead, but current space travel aboard the Bistromath is comfortable.",Snacking on potato crisps while traveling across the Galaxy to confront ancient evil is treated as normal.,No authority directs the mission; the characters are self-appointed volunteers with no chain of command.,"Arthur and Ford bicker about bravery, Trillian studies history with potato crisps, and Slartibartfast stares into a bottle.",Civilians heading to confront military Krikkit robots in a civilian restaurant-ship.,A restaurant-ship heading to confront ancient war robots maps to no traditional domain.,Space is not physically described in this dialogue-heavy chapter focused on character interaction.
US,The Hitchhiker's Guide to the Galaxy Omnibus_ A Trilogy of Five (Part 1 up to chapter 26),Part 3 Chapter 24,Total war / constant conflict,Extensive territorial occupation (many settled worlds/regions held like states or empires),"Extreme / effectively unreachable (generational, completely separate, or one-way-feeling distance)",Radically different / alien social order,Translation-mediated communication (universal translator / communication tech makes language difference irrelevant),Extremely hostile (constant survival pressure),Normalized / widespread (space habitation is ordinary for humanity),"Highly fragmented political landscape (multipolar with many factions, corporations, colonies, microstates)",Comedy / satire,Entirely military / war-focused,Totally unique domain,Very different (human bodies/technology constantly challenged),The Silastic Armorfiends are constantly at war with multiple enemies on multiple fronts across Radiation Swamps and Fire Mountains.,"Multiple warring civilizations occupy different regions - Striterax, Stug, Jajazikstak with their various territories.",Events occurred twenty billion years ago across multiple star systems; Hactar was a gigantic spaceborne computer.,"A race so aggressive they beat themselves up, requiring daily potato-punching therapy, is a radically alien social order.",Hactar and the Armorfiends communicate directly; different warring races interact without language barriers.,"Radiation Swamps, Fire Mountains, Ice Storms, and an Ultimate Weapon designed to detonate every sun create constant survival pressure.",Multiple civilizations with advanced technology fight across many worlds; space habitation is ordinary in this ancient era.,"Multiple warring factions - Armorfiends, Garfighters, Stilettans - represent a highly fragmented political landscape.","A race that shoots potatoes instead of punching them, and Hactar politely sabotaging a Universe-destroying bomb, are satirical comedy.",Everything revolves around warfare - even primary school teachers carry weapons and society is built around fighting.,An absurdly militaristic civilization that punches potatoes as anger management doesn't map to traditional analogies.,"Radiation Swamps, Fire Mountains, and Ice Storms constantly challenge bodies and technology across hostile alien terrains."
US,The Hitchhiker's Guide to the Galaxy Omnibus_ A Trilogy of Five (Part 1 up to chapter 26),Part 3 Chapter 25,High contestation (frequent conflict or strategic struggle),Extensive territorial occupation (many settled worlds/regions held like states or empires),"Extreme / effectively unreachable (generational, completely separate, or one-way-feeling distance)",Radically different / alien social order,Translation-mediated communication (universal translator / communication tech makes language difference irrelevant),Harsh and resource-intensive,Normalized / widespread (space habitation is ordinary for humanity),No political order / ungoverned,Comedy / satire,Mixed civilian-military domain,Totally unique domain,Radically non-Earth-like (physics/environment fundamentally unlike Earth experience),"The Krikkit robots unlock the Slo-Time envelope, releasing the imprisoned civilization and their armies. The Galaxy faces existential threat.",The Krikkit star system was sealed away from extensive galactic civilization; the Key components came from across many worlds.,"The asteroid orbits the dust cloud around the Slo-Time envelope - at the extreme edge of the Galaxy, effectively unreachable.","The Wikkit Key's components include a cricket stump, a robot leg, and a profanity award - a radically alien symbolic system.",The characters communicate freely while observing; the robots chant 'Krikkit' in universal understanding.,Standing on an asteroid cliff requires the ship's field to prevent falling off; the environment needs technological support.,The Bistromath casually parks on an asteroid; standing on a cliff in vacuum is made routine by technology.,No galactic authority intervenes; the protagonists are helpless volunteers and the robots answer only to imprisoned Masters.,"Zaphod's dramatic entrance only to be immediately knocked out, and the Wikkit Key made of absurd components, maintain comedic tone.",Krikkit military robots execute their mission while civilian protagonists watch helplessly; Zaphod attempts armed intervention.,Unlocking an imprisoned star system with a key made of a cricket stump and a profanity award is utterly unique.,"An asteroid orbiting a dust cloud around a Slo-Time envelope, where space is 'pinched out of existence,' is fundamentally unlike Earth."
